2026-09-16 12:19:27 [batch_generate] [info] 批量出题开始：共 5 题（存在性 3 + 选择性 2），每题重试上限 40，干扰密度 2.0%，随机票密度 2.0%
2026-09-16 12:19:28 [batch_generate] [success] [0001] 1_ 存在性（干扰）单策略/换乘 → 1_B20260916_121927_0001（尝试 1 次）
2026-09-16 12:19:28 [batch_generate] [success] [0002] 1_ 存在性（干扰）双策略/买短补长+换乘 → 1_B20260916_121927_0002（尝试 1 次）
2026-09-16 12:19:29 [batch_generate] [success] [0004] 1_ 存在性（干扰）三策略/买短补长+买短补长 → 1_B20260916_121927_0004（尝试 2 次）
2026-09-16 12:19:29 [batch_generate] [success] [0005] 2_ 选择性 综合考虑(随意) → 2_B20260916_121927_0005（尝试 1 次）
2026-09-16 12:19:29 [batch_generate] [success] [0006] 2_ 选择性 最快(随意) → 2_B20260916_121927_0006（尝试 1 次）
2026-09-16 12:19:29 [batch_generate] [success] 出题完成：成功 5 / 失败 0（共 5 题）
2026-09-16 12:19:29 [batch_nl] [info] 批量自然语言化开始：共 5 题（模型 glm-5.3，温度 1.4，并发 2）
2026-09-16 12:19:29 [batch_nl] [info] （1/5）开始生成 1_B20260916_121927_0001 的自然语言
2026-09-16 12:19:29 [batch_nl] [info] （2/5）开始生成 1_B20260916_121927_0002 的自然语言
2026-09-16 12:19:31 [batch_nl] [error] 1_B20260916_121927_0001 自然语言生成失败：HTTP 429: {"error":{"code":"1113","message":"余额不足或无可用资源包,请充值。"}}
2026-09-16 12:19:31 [batch_nl] [info] （3/5）开始生成 1_B20260916_121927_0004 的自然语言
2026-09-16 12:19:31 [batch_nl] [error] 1_B20260916_121927_0002 自然语言生成失败：HTTP 429: {"error":{"code":"1113","message":"余额不足或无可用资源包,请充值。"}}
2026-09-16 12:19:31 [batch_nl] [info] （4/5）开始生成 2_B20260916_121927_0005 的自然语言
2026-09-16 12:19:31 [batch_nl] [error] 2_B20260916_121927_0005 自然语言生成失败：HTTP 429: {"error":{"code":"1113","message":"余额不足或无可用资源包,请充值。"}}
2026-09-16 12:19:31 [batch_nl] [info] （5/5）开始生成 2_B20260916_121927_0006 的自然语言
2026-09-16 12:19:31 [batch_nl] [error] 2_B20260916_121927_0006 自然语言生成失败：HTTP 429: {"error":{"code":"1113","message":"余额不足或无可用资源包,请充值。"}}
2026-09-16 12:19:31 [batch_nl] [warn] 批量自然语言化完成：成功 0 / 失败 5 / 跳过 0（共 5 题，并发 2）
2026-09-16 12:19:31 [batch_test] [info] 批量测试开始：模型 glm-5.3-flash，共 5 题，最大对话轮数 100，并发数 3
2026-09-16 12:19:31 [batch_test] [info] （1/5）开始测试 1_B20260916_121927_0001
2026-09-16 12:19:31 [batch_test] [info] （2/5）开始测试 1_B20260916_121927_0002
2026-09-16 12:19:31 [batch_test] [info] （3/5）开始测试 1_B20260916_121927_0004
2026-09-16 12:19:31 [batch_test] [warn] 1_B20260916_121927_0001 不可测（缺 nl_question 或该模型已测过），跳过
2026-09-16 12:19:31 [batch_test] [warn] 1_B20260916_121927_0002 不可测（缺 nl_question 或该模型已测过），跳过
2026-09-16 12:19:31 [batch_test] [warn] 1_B20260916_121927_0004 不可测（缺 nl_question 或该模型已测过），跳过
2026-09-16 12:19:31 [batch_test] [info] （4/5）开始测试 2_B20260916_121927_0005
2026-09-16 12:19:31 [batch_test] [info] （5/5）开始测试 2_B20260916_121927_0006
2026-09-16 12:19:31 [batch_test] [warn] 2_B20260916_121927_0005 不可测（缺 nl_question 或该模型已测过），跳过
2026-09-16 12:19:31 [batch_test] [warn] 2_B20260916_121927_0006 不可测（缺 nl_question 或该模型已测过），跳过
2026-09-16 12:19:31 [batch_test] [warn] 批量测试完成：成功 0 / 失败 5（共 5 题）
2026-09-16 12:20:49 [batch_generate] [info] 批量出题开始：共 5 题（存在性 3 + 选择性 2），每题重试上限 40，干扰密度 2.0%，随机票密度 2.0%
2026-09-16 12:20:49 [batch_generate] [success] [0001] 1_ 存在性（干扰）单策略/换乘 → 1_B20260916_122049_0001（尝试 1 次）
2026-09-16 12:20:49 [batch_generate] [success] [0002] 1_ 存在性（干扰）双策略/买短补长+换乘 → 1_B20260916_122049_0002（尝试 1 次）
2026-09-16 12:20:50 [batch_generate] [success] [0004] 1_ 存在性（干扰）三策略/买短补长+买短补长 → 1_B20260916_122049_0004（尝试 2 次）
2026-09-16 12:20:50 [batch_generate] [success] [0005] 2_ 选择性 综合考虑(随意) → 2_B20260916_122049_0005（尝试 1 次）
2026-09-16 12:20:50 [batch_generate] [success] [0006] 2_ 选择性 最快(随意) → 2_B20260916_122049_0006（尝试 1 次）
2026-09-16 12:20:50 [batch_generate] [success] 出题完成：成功 5 / 失败 0（共 5 题）
2026-09-16 12:20:51 [batch_nl] [info] 批量自然语言化开始：共 5 题（模型 glm-5.3，温度 1.4，并发 2）
2026-09-16 12:20:51 [batch_nl] [info] （1/5）开始生成 1_B20260916_122049_0001 的自然语言
2026-09-16 12:20:51 [batch_nl] [info] （2/5）开始生成 1_B20260916_122049_0002 的自然语言
2026-09-16 12:20:52 [batch_nl] [error] 1_B20260916_122049_0001 自然语言生成失败：HTTP 429: {"error":{"code":"1113","message":"余额不足或无可用资源包,请充值。"}}
2026-09-16 12:20:52 [batch_nl] [info] （3/5）开始生成 1_B20260916_122049_0004 的自然语言
2026-09-16 12:20:52 [batch_nl] [error] 1_B20260916_122049_0002 自然语言生成失败：HTTP 429: {"error":{"code":"1113","message":"余额不足或无可用资源包,请充值。"}}
2026-09-16 12:20:52 [batch_nl] [info] （4/5）开始生成 2_B20260916_122049_0005 的自然语言
2026-09-16 12:20:53 [batch_nl] [error] 1_B20260916_122049_0004 自然语言生成失败：HTTP 429: {"error":{"code":"1113","message":"余额不足或无可用资源包,请充值。"}}
2026-09-16 12:20:53 [batch_nl] [info] （5/5）开始生成 2_B20260916_122049_0006 的自然语言
2026-09-16 12:20:53 [batch_nl] [error] 2_B20260916_122049_0005 自然语言生成失败：HTTP 429: {"error":{"code":"1113","message":"余额不足或无可用资源包,请充值。"}}
2026-09-16 12:20:53 [batch_nl] [error] 2_B20260916_122049_0006 自然语言生成失败：HTTP 429: {"error":{"code":"1113","message":"余额不足或无可用资源包,请充值。"}}
2026-09-16 12:20:53 [batch_nl] [warn] 批量自然语言化完成：成功 0 / 失败 5 / 跳过 0（共 5 题，并发 2）
2026-09-16 12:20:53 [batch_test] [info] 批量测试开始：模型 glm-5.3-flash，共 5 题，最大对话轮数 100，并发数 3
2026-09-16 12:20:53 [batch_test] [info] （1/5）开始测试 1_B20260916_122049_0001
2026-09-16 12:20:53 [batch_test] [info] （2/5）开始测试 1_B20260916_122049_0002
2026-09-16 12:20:53 [batch_test] [info] （3/5）开始测试 1_B20260916_122049_0004
2026-09-16 12:20:53 [batch_test] [warn] 1_B20260916_122049_0001 不可测（缺 nl_question 或该模型已测过），跳过
2026-09-16 12:20:53 [batch_test] [warn] 1_B20260916_122049_0002 不可测（缺 nl_question 或该模型已测过），跳过
2026-09-16 12:20:53 [batch_test] [warn] 1_B20260916_122049_0004 不可测（缺 nl_question 或该模型已测过），跳过
2026-09-16 12:20:53 [batch_test] [info] （4/5）开始测试 2_B20260916_122049_0005
2026-09-16 12:20:53 [batch_test] [info] （5/5）开始测试 2_B20260916_122049_0006
2026-09-16 12:20:53 [batch_test] [warn] 2_B20260916_122049_0005 不可测（缺 nl_question 或该模型已测过），跳过
2026-09-16 12:20:53 [batch_test] [warn] 2_B20260916_122049_0006 不可测（缺 nl_question 或该模型已测过），跳过
2026-09-16 12:20:53 [batch_test] [warn] 批量测试完成：成功 0 / 失败 5（共 5 题）
2026-09-16 12:35:36 [batch_generate] [info] 批量出题开始：共 5 题（存在性 3 + 选择性 2），每题重试上限 40，干扰密度 2.0%，随机票密度 2.0%
2026-09-16 12:35:36 [batch_generate] [success] [0001] 1_ 存在性（干扰）单策略/换乘 → 1_B20260916_123536_0001（尝试 1 次）
2026-09-16 12:35:36 [batch_generate] [success] [0002] 1_ 存在性（干扰）双策略/买短补长+换乘 → 1_B20260916_123536_0002（尝试 1 次）
2026-09-16 12:35:37 [batch_generate] [success] [0003] 1_ 存在性（干扰）三策略/买短补长+买短补长 → 1_B20260916_123536_0003（尝试 1 次）
2026-09-16 12:35:37 [batch_generate] [success] [0004] 2_ 选择性 综合考虑(随意) → 2_B20260916_123536_0004（尝试 1 次）
2026-09-16 12:35:37 [batch_generate] [success] [0005] 2_ 选择性 最快(随意) → 2_B20260916_123536_0005（尝试 1 次）
2026-09-16 12:35:37 [batch_generate] [success] 出题完成：成功 5 / 失败 0（共 5 题）
2026-09-16 12:35:38 [batch_nl] [info] 批量自然语言化开始：共 5 题（模型 glm-5.3-flash，温度 1.4，并发 2）
2026-09-16 12:35:38 [batch_nl] [info] （1/5）开始生成 1_B20260916_123536_0001 的自然语言
2026-09-16 12:35:38 [batch_nl] [info] （2/5）开始生成 1_B20260916_123536_0002 的自然语言
2026-09-16 12:35:58 [batch_nl] [success] 1_B20260916_123536_0001 自然语言生成成功并已写回 metadata
2026-09-16 12:35:58 [batch_nl] [info] （3/5）开始生成 1_B20260916_123536_0003 的自然语言
2026-09-16 12:35:59 [batch_nl] [success] 1_B20260916_123536_0002 自然语言生成成功并已写回 metadata
2026-09-16 12:35:59 [batch_nl] [info] （4/5）开始生成 2_B20260916_123536_0004 的自然语言
2026-09-16 12:36:19 [batch_nl] [success] 1_B20260916_123536_0003 自然语言生成成功并已写回 metadata
2026-09-16 12:36:19 [batch_nl] [info] （5/5）开始生成 2_B20260916_123536_0005 的自然语言
2026-09-16 12:36:25 [batch_nl] [success] 2_B20260916_123536_0004 自然语言生成成功并已写回 metadata
2026-09-16 12:36:47 [batch_nl] [success] 2_B20260916_123536_0005 自然语言生成成功并已写回 metadata
2026-09-16 12:36:47 [batch_nl] [success] 批量自然语言化完成：成功 5 / 失败 0 / 跳过 0（共 5 题，并发 2）
2026-09-16 12:36:48 [batch_test] [info] 批量测试开始：模型 glm-5.3-flash，共 5 题，最大对话轮数 100，并发数 3
2026-09-16 12:36:48 [batch_test] [info] （1/5）开始测试 1_B20260916_123536_0001
2026-09-16 12:36:48 [batch_test] [info] （2/5）开始测试 1_B20260916_123536_0002
2026-09-16 12:36:48 [batch_test] [info] （3/5）开始测试 1_B20260916_123536_0003
2026-09-16 12:36:48 [batch_test] [info] 1_B20260916_123536_0003 第 1/100 轮对话：请求模型 glm-5.3-flash
2026-09-16 12:36:48 [batch_test] [info] 1_B20260916_123536_0001 第 1/100 轮对话：请求模型 glm-5.3-flash
2026-09-16 12:36:48 [batch_test] [info] 1_B20260916_123536_0002 第 1/100 轮对话：请求模型 glm-5.3-flash
2026-09-16 12:36:56 [batch_test] [info] 1_B20260916_123536_0001 第 1 轮执行工具 list_stations
2026-09-16 12:36:56 [batch_test] [info] 1_B20260916_123536_0001 第 1 轮执行工具 list_stations
2026-09-16 12:36:56 [batch_test] [info] 1_B20260916_123536_0001 第 2/100 轮对话：请求模型 glm-5.3-flash
2026-09-16 12:36:57 [batch_test] [info] 1_B20260916_123536_0003 第 1 轮执行工具 list_stations
2026-09-16 12:36:57 [batch_test] [info] 1_B20260916_123536_0003 第 1 轮执行工具 list_stations
2026-09-16 12:36:57 [batch_test] [info] 1_B20260916_123536_0003 第 2/100 轮对话：请求模型 glm-5.3-flash
2026-09-16 12:36:59 [batch_test] [info] 1_B20260916_123536_0002 第 1 轮执行工具 list_stations
2026-09-16 12:36:59 [batch_test] [info] 1_B20260916_123536_0002 第 1 轮执行工具 list_stations
2026-09-16 12:36:59 [batch_test] [info] 1_B20260916_123536_0002 第 2/100 轮对话：请求模型 glm-5.3-flash
2026-09-16 12:37:00 [batch_test] [info] 1_B20260916_123536_0001 第 2 轮执行工具 query_trains_between_stations
2026-09-16 12:37:00 [batch_test] [info] 1_B20260916_123536_0001 第 3/100 轮对话：请求模型 glm-5.3-flash
2026-09-16 12:37:04 [batch_test] [info] 1_B20260916_123536_0003 第 2 轮执行工具 query_trains_between_stations
2026-09-16 12:37:04 [batch_test] [info] 1_B20260916_123536_0003 第 3/100 轮对话：请求模型 glm-5.3-flash
2026-09-16 12:37:05 [batch_test] [info] 1_B20260916_123536_0002 第 2 轮执行工具 query_trains_between_stations
2026-09-16 12:37:05 [batch_test] [info] 1_B20260916_123536_0002 第 3/100 轮对话：请求模型 glm-5.3-flash
2026-09-16 12:37:06 [batch_test] [info] 1_B20260916_123536_0001 第 3 轮执行工具 query_trains_at_station
2026-09-16 12:37:06 [batch_test] [info] 1_B20260916_123536_0001 第 3 轮执行工具 query_trains_at_station
2026-09-16 12:37:06 [batch_test] [info] 1_B20260916_123536_0001 第 4/100 轮对话：请求模型 glm-5.3-flash
2026-09-16 12:37:11 [batch_test] [info] 1_B20260916_123536_0001 第 4 轮执行工具 list_trains
2026-09-16 12:37:11 [batch_test] [info] 1_B20260916_123536_0001 第 5/100 轮对话：请求模型 glm-5.3-flash
2026-09-16 12:37:14 [batch_test] [info] 1_B20260916_123536_0003 第 3 轮执行工具 query_tickets
2026-09-16 12:37:14 [batch_test] [info] 1_B20260916_123536_0003 第 3 轮执行工具 query_ticket_price
2026-09-16 12:37:14 [batch_test] [info] 1_B20260916_123536_0003 第 4/100 轮对话：请求模型 glm-5.3-flash
2026-09-16 12:37:15 [batch_test] [info] 1_B20260916_123536_0002 第 3 轮执行工具 query_trains_at_station
2026-09-16 12:37:15 [batch_test] [info] 1_B20260916_123536_0002 第 4/100 轮对话：请求模型 glm-5.3-flash
2026-09-16 12:37:17 [batch_test] [info] 1_B20260916_123536_0002 第 4 轮执行工具 query_trains_at_station
2026-09-16 12:37:17 [batch_test] [info] 1_B20260916_123536_0002 第 5/100 轮对话：请求模型 glm-5.3-flash
2026-09-16 12:37:21 [batch_test] [info] 1_B20260916_123536_0002 第 5 轮执行工具 list_stations
2026-09-16 12:37:21 [batch_test] [info] 1_B20260916_123536_0002 第 6/100 轮对话：请求模型 glm-5.3-flash
2026-09-16 12:37:26 [batch_test] [info] 1_B20260916_123536_0002 第 6 轮执行工具 query_trains_between_stations
2026-09-16 12:37:26 [batch_test] [info] 1_B20260916_123536_0002 第 7/100 轮对话：请求模型 glm-5.3-flash
2026-09-16 12:37:30 [batch_test] [info] 1_B20260916_123536_0001 第 5 轮执行工具 list_trains
2026-09-16 12:37:30 [batch_test] [info] 1_B20260916_123536_0001 第 5 轮执行工具 list_trains
2026-09-16 12:37:30 [batch_test] [info] 1_B20260916_123536_0001 第 6/100 轮对话：请求模型 glm-5.3-flash
2026-09-16 12:37:32 [batch_test] [info] 1_B20260916_123536_0003 第 4 轮执行工具 query_train_detail
2026-09-16 12:37:32 [batch_test] [info] 1_B20260916_123536_0003 第 4 轮执行工具 query_trains_at_station
2026-09-16 12:37:32 [batch_test] [info] 1_B20260916_123536_0003 第 4 轮执行工具 query_trains_at_station
2026-09-16 12:37:32 [batch_test] [info] 1_B20260916_123536_0003 第 5/100 轮对话：请求模型 glm-5.3-flash
2026-09-16 12:37:32 [batch_test] [info] 1_B20260916_123536_0002 第 7 轮执行工具 query_trains_between_stations
2026-09-16 12:37:32 [batch_test] [info] 1_B20260916_123536_0002 第 8/100 轮对话：请求模型 glm-5.3-flash
2026-09-16 12:37:42 [batch_test] [info] 1_B20260916_123536_0001 第 6 轮执行工具 list_trains
2026-09-16 12:37:42 [batch_test] [info] 1_B20260916_123536_0001 第 7/100 轮对话：请求模型 glm-5.3-flash
2026-09-16 12:37:50 [batch_test] [info] 1_B20260916_123536_0003 第 5 轮执行工具 query_tickets
2026-09-16 12:37:50 [batch_test] [info] 1_B20260916_123536_0003 第 5 轮执行工具 query_tickets
2026-09-16 12:37:50 [batch_test] [info] 1_B20260916_123536_0003 第 5 轮执行工具 query_trains_at_station
2026-09-16 12:37:50 [batch_test] [info] 1_B20260916_123536_0003 第 5 轮执行工具 query_trains_at_station
2026-09-16 12:37:50 [batch_test] [info] 1_B20260916_123536_0003 第 6/100 轮对话：请求模型 glm-5.3-flash
2026-09-16 12:38:04 [batch_test] [info] 1_B20260916_123536_0002 第 8 轮执行工具 query_tickets
2026-09-16 12:38:04 [batch_test] [info] 1_B20260916_123536_0002 第 8 轮执行工具 query_tickets
2026-09-16 12:38:04 [batch_test] [info] 1_B20260916_123536_0002 第 8 轮执行工具 query_tickets
2026-09-16 12:38:04 [batch_test] [info] 1_B20260916_123536_0002 第 8 轮执行工具 query_tickets
2026-09-16 12:38:04 [batch_test] [info] 1_B20260916_123536_0002 第 8 轮执行工具 query_tickets
2026-09-16 12:38:04 [batch_test] [info] 1_B20260916_123536_0002 第 8 轮执行工具 query_tickets
2026-09-16 12:38:04 [batch_test] [info] 1_B20260916_123536_0002 第 8 轮执行工具 query_tickets
2026-09-16 12:38:04 [batch_test] [info] 1_B20260916_123536_0002 第 8 轮执行工具 query_tickets
2026-09-16 12:38:04 [batch_test] [info] 1_B20260916_123536_0002 第 8 轮执行工具 query_tickets
2026-09-16 12:38:04 [batch_test] [info] 1_B20260916_123536_0002 第 8 轮执行工具 query_tickets
2026-09-16 12:38:04 [batch_test] [info] 1_B20260916_123536_0002 第 9/100 轮对话：请求模型 glm-5.3-flash
2026-09-16 12:38:10 [batch_test] [info] 1_B20260916_123536_0001 第 7 轮执行工具 list_stations
2026-09-16 12:38:10 [batch_test] [info] 1_B20260916_123536_0001 第 7 轮执行工具 list_stations
2026-09-16 12:38:10 [batch_test] [info] 1_B20260916_123536_0001 第 7 轮执行工具 list_stations
2026-09-16 12:38:10 [batch_test] [info] 1_B20260916_123536_0001 第 7 轮执行工具 list_stations
2026-09-16 12:38:10 [batch_test] [info] 1_B20260916_123536_0001 第 8/100 轮对话：请求模型 glm-5.3-flash
2026-09-16 12:38:12 [batch_test] [info] 1_B20260916_123536_0003 第 6 轮执行工具 list_trains
2026-09-16 12:38:12 [batch_test] [info] 1_B20260916_123536_0003 第 6 轮执行工具 query_trains_at_station
2026-09-16 12:38:12 [batch_test] [info] 1_B20260916_123536_0003 第 7/100 轮对话：请求模型 glm-5.3-flash
2026-09-16 12:38:15 [batch_test] [info] 1_B20260916_123536_0002 第 9 轮执行工具 query_tickets
2026-09-16 12:38:15 [batch_test] [info] 1_B20260916_123536_0002 第 9 轮执行工具 query_tickets
2026-09-16 12:38:15 [batch_test] [info] 1_B20260916_123536_0002 第 9 轮执行工具 query_tickets
2026-09-16 12:38:15 [batch_test] [info] 1_B20260916_123536_0002 第 9 轮执行工具 query_tickets
2026-09-16 12:38:15 [batch_test] [info] 1_B20260916_123536_0002 第 9 轮执行工具 query_tickets
2026-09-16 12:38:15 [batch_test] [info] 1_B20260916_123536_0002 第 9 轮执行工具 query_tickets
2026-09-16 12:38:15 [batch_test] [info] 1_B20260916_123536_0002 第 9 轮执行工具 query_tickets
2026-09-16 12:38:15 [batch_test] [info] 1_B20260916_123536_0002 第 9 轮执行工具 query_tickets
2026-09-16 12:38:15 [batch_test] [info] 1_B20260916_123536_0002 第 9 轮执行工具 query_tickets
2026-09-16 12:38:15 [batch_test] [info] 1_B20260916_123536_0002 第 9 轮执行工具 query_tickets
2026-09-16 12:38:15 [batch_test] [info] 1_B20260916_123536_0002 第 10/100 轮对话：请求模型 glm-5.3-flash
2026-09-16 12:38:16 [batch_test] [info] 1_B20260916_123536_0001 第 8 轮执行工具 query_trains_between_stations
2026-09-16 12:38:16 [batch_test] [info] 1_B20260916_123536_0001 第 8 轮执行工具 query_trains_between_stations
2026-09-16 12:38:16 [batch_test] [info] 1_B20260916_123536_0001 第 8 轮执行工具 query_trains_between_stations
2026-09-16 12:38:16 [batch_test] [info] 1_B20260916_123536_0001 第 8 轮执行工具 query_trains_between_stations
2026-09-16 12:38:16 [batch_test] [info] 1_B20260916_123536_0001 第 9/100 轮对话：请求模型 glm-5.3-flash
2026-09-16 12:38:21 [batch_test] [info] 1_B20260916_123536_0003 第 7 轮执行工具 list_trains
2026-09-16 12:38:21 [batch_test] [info] 1_B20260916_123536_0003 第 7 轮执行工具 query_trains_at_station
2026-09-16 12:38:21 [batch_test] [info] 1_B20260916_123536_0003 第 8/100 轮对话：请求模型 glm-5.3-flash
2026-09-16 12:38:27 [batch_test] [info] 1_B20260916_123536_0003 第 8 轮执行工具 list_trains
2026-09-16 12:38:27 [batch_test] [info] 1_B20260916_123536_0003 第 9/100 轮对话：请求模型 glm-5.3-flash
2026-09-16 12:38:30 [batch_test] [info] 1_B20260916_123536_0002 第 10 轮执行工具 query_tickets
2026-09-16 12:38:30 [batch_test] [info] 1_B20260916_123536_0002 第 10 轮执行工具 query_tickets
2026-09-16 12:38:30 [batch_test] [info] 1_B20260916_123536_0002 第 10 轮执行工具 query_tickets
2026-09-16 12:38:30 [batch_test] [info] 1_B20260916_123536_0002 第 10 轮执行工具 query_tickets
2026-09-16 12:38:30 [batch_test] [info] 1_B20260916_123536_0002 第 10 轮执行工具 query_tickets
2026-09-16 12:38:30 [batch_test] [info] 1_B20260916_123536_0002 第 10 轮执行工具 query_tickets
2026-09-16 12:38:30 [batch_test] [info] 1_B20260916_123536_0002 第 10 轮执行工具 query_tickets
2026-09-16 12:38:30 [batch_test] [info] 1_B20260916_123536_0002 第 10 轮执行工具 query_tickets
2026-09-16 12:38:30 [batch_test] [info] 1_B20260916_123536_0002 第 10 轮执行工具 query_train_detail
2026-09-16 12:38:30 [batch_test] [info] 1_B20260916_123536_0002 第 10 轮执行工具 query_train_detail
2026-09-16 12:38:30 [batch_test] [info] 1_B20260916_123536_0002 第 11/100 轮对话：请求模型 glm-5.3-flash
2026-09-16 12:38:33 [batch_test] [info] 1_B20260916_123536_0003 第 9 轮执行工具 list_trains
2026-09-16 12:38:33 [batch_test] [info] 1_B20260916_123536_0003 第 10/100 轮对话：请求模型 glm-5.3-flash
2026-09-16 12:38:37 [batch_test] [info] 1_B20260916_123536_0003 第 10 轮执行工具 list_trains
2026-09-16 12:38:37 [batch_test] [info] 1_B20260916_123536_0003 第 11/100 轮对话：请求模型 glm-5.3-flash
2026-09-16 12:38:42 [batch_test] [info] 1_B20260916_123536_0003 第 11 轮执行工具 list_trains
2026-09-16 12:38:42 [batch_test] [info] 1_B20260916_123536_0003 第 12/100 轮对话：请求模型 glm-5.3-flash
2026-09-16 12:38:46 [batch_test] [info] 1_B20260916_123536_0003 第 12 轮执行工具 list_trains
2026-09-16 12:38:46 [batch_test] [info] 1_B20260916_123536_0003 第 13/100 轮对话：请求模型 glm-5.3-flash
2026-09-16 12:38:50 [batch_test] [info] 1_B20260916_123536_0002 第 11 轮执行工具 query_tickets
2026-09-16 12:38:50 [batch_test] [info] 1_B20260916_123536_0002 第 11 轮执行工具 query_tickets
2026-09-16 12:38:50 [batch_test] [info] 1_B20260916_123536_0002 第 11 轮执行工具 query_tickets
2026-09-16 12:38:50 [batch_test] [info] 1_B20260916_123536_0002 第 11 轮执行工具 query_tickets
2026-09-16 12:38:50 [batch_test] [info] 1_B20260916_123536_0002 第 12/100 轮对话：请求模型 glm-5.3-flash
2026-09-16 12:38:55 [batch_test] [info] 1_B20260916_123536_0003 第 13 轮执行工具 list_trains
2026-09-16 12:38:55 [batch_test] [info] 1_B20260916_123536_0003 第 14/100 轮对话：请求模型 glm-5.3-flash
2026-09-16 12:38:57 [batch_test] [info] 1_B20260916_123536_0001 第 9 轮执行工具 query_tickets
2026-09-16 12:38:57 [batch_test] [info] 1_B20260916_123536_0001 第 9 轮执行工具 query_tickets
2026-09-16 12:38:57 [batch_test] [info] 1_B20260916_123536_0001 第 9 轮执行工具 query_tickets
2026-09-16 12:38:57 [batch_test] [info] 1_B20260916_123536_0001 第 9 轮执行工具 query_tickets
2026-09-16 12:38:57 [batch_test] [info] 1_B20260916_123536_0001 第 9 轮执行工具 query_tickets
2026-09-16 12:38:57 [batch_test] [info] 1_B20260916_123536_0001 第 10/100 轮对话：请求模型 glm-5.3-flash
2026-09-16 12:38:59 [batch_test] [info] 1_B20260916_123536_0003 第 14 轮执行工具 list_trains
2026-09-16 12:38:59 [batch_test] [info] 1_B20260916_123536_0003 第 15/100 轮对话：请求模型 glm-5.3-flash
2026-09-16 12:39:03 [batch_test] [info] 1_B20260916_123536_0003 第 15 轮执行工具 list_trains
2026-09-16 12:39:03 [batch_test] [info] 1_B20260916_123536_0003 第 16/100 轮对话：请求模型 glm-5.3-flash
2026-09-16 12:39:08 [batch_test] [info] 1_B20260916_123536_0003 第 16 轮执行工具 list_trains
2026-09-16 12:39:08 [batch_test] [info] 1_B20260916_123536_0003 第 17/100 轮对话：请求模型 glm-5.3-flash
2026-09-16 12:39:14 [batch_test] [info] 1_B20260916_123536_0003 第 17 轮执行工具 list_trains
2026-09-16 12:39:14 [batch_test] [info] 1_B20260916_123536_0003 第 18/100 轮对话：请求模型 glm-5.3-flash
2026-09-16 12:39:15 [batch_test] [info] 1_B20260916_123536_0003 第 18 轮执行工具 list_trains
2026-09-16 12:39:15 [batch_test] [info] 1_B20260916_123536_0003 第 19/100 轮对话：请求模型 glm-5.3-flash
2026-09-16 12:39:18 [batch_test] [info] 1_B20260916_123536_0003 第 19 轮执行工具 list_trains
2026-09-16 12:39:18 [batch_test] [info] 1_B20260916_123536_0003 第 20/100 轮对话：请求模型 glm-5.3-flash
2026-09-16 12:39:22 [batch_test] [info] 1_B20260916_123536_0003 第 20 轮执行工具 list_trains
2026-09-16 12:39:22 [batch_test] [info] 1_B20260916_123536_0003 第 21/100 轮对话：请求模型 glm-5.3-flash
2026-09-16 12:39:28 [batch_test] [info] 1_B20260916_123536_0003 第 21 轮执行工具 list_trains
2026-09-16 12:39:28 [batch_test] [info] 1_B20260916_123536_0003 第 22/100 轮对话：请求模型 glm-5.3-flash
2026-09-16 12:39:33 [batch_test] [info] 1_B20260916_123536_0003 第 22 轮执行工具 list_trains
2026-09-16 12:39:33 [batch_test] [info] 1_B20260916_123536_0003 第 23/100 轮对话：请求模型 glm-5.3-flash
2026-09-16 12:39:35 [batch_test] [info] 1_B20260916_123536_0003 第 23 轮执行工具 list_trains
2026-09-16 12:39:35 [batch_test] [info] 1_B20260916_123536_0003 第 24/100 轮对话：请求模型 glm-5.3-flash
2026-09-16 12:39:40 [batch_test] [info] 1_B20260916_123536_0001 第 10 轮执行工具 query_train_detail
2026-09-16 12:39:40 [batch_test] [info] 1_B20260916_123536_0001 第 10 轮执行工具 query_tickets
2026-09-16 12:39:40 [batch_test] [info] 1_B20260916_123536_0001 第 10 轮执行工具 query_trains_between_stations
2026-09-16 12:39:40 [batch_test] [info] 1_B20260916_123536_0001 第 10 轮执行工具 query_trains_between_stations
2026-09-16 12:39:40 [batch_test] [info] 1_B20260916_123536_0001 第 10 轮执行工具 query_trains_between_stations
2026-09-16 12:39:40 [batch_test] [info] 1_B20260916_123536_0001 第 11/100 轮对话：请求模型 glm-5.3-flash
2026-09-16 12:39:41 [batch_test] [info] 1_B20260916_123536_0003 第 24 轮执行工具 list_trains
2026-09-16 12:39:41 [batch_test] [info] 1_B20260916_123536_0003 第 25/100 轮对话：请求模型 glm-5.3-flash
2026-09-16 12:39:46 [batch_test] [info] 1_B20260916_123536_0003 第 25 轮执行工具 list_trains
2026-09-16 12:39:46 [batch_test] [info] 1_B20260916_123536_0003 第 26/100 轮对话：请求模型 glm-5.3-flash
2026-09-16 12:39:51 [batch_test] [info] 1_B20260916_123536_0003 第 26 轮执行工具 list_trains
2026-09-16 12:39:51 [batch_test] [info] 1_B20260916_123536_0003 第 27/100 轮对话：请求模型 glm-5.3-flash
2026-09-16 12:39:52 [batch_test] [info] 1_B20260916_123536_0003 第 27 轮执行工具 list_trains
2026-09-16 12:39:52 [batch_test] [info] 1_B20260916_123536_0003 第 28/100 轮对话：请求模型 glm-5.3-flash
2026-09-16 12:39:57 [batch_test] [info] 1_B20260916_123536_0003 第 28 轮执行工具 list_trains
2026-09-16 12:39:57 [batch_test] [info] 1_B20260916_123536_0003 第 29/100 轮对话：请求模型 glm-5.3-flash
2026-09-16 12:40:22 [batch_test] [info] 1_B20260916_123536_0002 第 12 轮执行工具 query_tickets
2026-09-16 12:40:22 [batch_test] [info] 1_B20260916_123536_0002 第 12 轮执行工具 query_train_detail
2026-09-16 12:40:22 [batch_test] [info] 1_B20260916_123536_0002 第 12 轮执行工具 query_train_detail
2026-09-16 12:40:22 [batch_test] [info] 1_B20260916_123536_0002 第 12 轮执行工具 query_train_detail
2026-09-16 12:40:22 [batch_test] [info] 1_B20260916_123536_0002 第 12 轮执行工具 query_train_detail
2026-09-16 12:40:22 [batch_test] [info] 1_B20260916_123536_0002 第 13/100 轮对话：请求模型 glm-5.3-flash
2026-09-16 12:40:22 [batch_test] [info] 1_B20260916_123536_0001 第 11 轮执行工具 query_tickets
2026-09-16 12:40:22 [batch_test] [info] 1_B20260916_123536_0001 第 11 轮执行工具 query_tickets
2026-09-16 12:40:22 [batch_test] [info] 1_B20260916_123536_0001 第 11 轮执行工具 query_tickets
2026-09-16 12:40:22 [batch_test] [info] 1_B20260916_123536_0001 第 11 轮执行工具 query_tickets
2026-09-16 12:40:22 [batch_test] [info] 1_B20260916_123536_0001 第 11 轮执行工具 query_tickets
2026-09-16 12:40:22 [batch_test] [info] 1_B20260916_123536_0001 第 12/100 轮对话：请求模型 glm-5.3-flash
2026-09-16 12:40:22 [batch_test] [info] 1_B20260916_123536_0003 第 29 轮执行工具 query_trains_between_stations
2026-09-16 12:40:22 [batch_test] [info] 1_B20260916_123536_0003 第 29 轮执行工具 query_trains_between_stations
2026-09-16 12:40:22 [batch_test] [info] 1_B20260916_123536_0003 第 29 轮执行工具 query_trains_between_stations
2026-09-16 12:40:22 [batch_test] [info] 1_B20260916_123536_0003 第 29 轮执行工具 query_trains_between_stations
2026-09-16 12:40:22 [batch_test] [info] 1_B20260916_123536_0003 第 29 轮执行工具 query_trains_between_stations
2026-09-16 12:40:22 [batch_test] [info] 1_B20260916_123536_0003 第 30/100 轮对话：请求模型 glm-5.3-flash
2026-09-16 12:40:33 [batch_test] [info] 1_B20260916_123536_0001 第 12 轮执行工具 query_train_detail
2026-09-16 12:40:33 [batch_test] [info] 1_B20260916_123536_0001 第 12 轮执行工具 query_train_detail
2026-09-16 12:40:33 [batch_test] [info] 1_B20260916_123536_0001 第 12 轮执行工具 query_train_detail
2026-09-16 12:40:33 [batch_test] [info] 1_B20260916_123536_0001 第 12 轮执行工具 query_train_detail
2026-09-16 12:40:33 [batch_test] [info] 1_B20260916_123536_0001 第 12 轮执行工具 query_train_detail
2026-09-16 12:40:33 [batch_test] [info] 1_B20260916_123536_0001 第 13/100 轮对话：请求模型 glm-5.3-flash
2026-09-16 12:40:49 [batch_test] [info] 1_B20260916_123536_0001 第 13 轮执行工具 query_tickets
2026-09-16 12:40:49 [batch_test] [info] 1_B20260916_123536_0001 第 13 轮执行工具 query_tickets
2026-09-16 12:40:49 [batch_test] [info] 1_B20260916_123536_0001 第 13 轮执行工具 query_tickets
2026-09-16 12:40:49 [batch_test] [info] 1_B20260916_123536_0001 第 13 轮执行工具 query_tickets
2026-09-16 12:40:49 [batch_test] [info] 1_B20260916_123536_0001 第 13 轮执行工具 query_tickets
2026-09-16 12:40:49 [batch_test] [info] 1_B20260916_123536_0001 第 14/100 轮对话：请求模型 glm-5.3-flash
2026-09-16 12:41:01 [batch_test] [info] 1_B20260916_123536_0003 第 30 轮执行工具 query_tickets
2026-09-16 12:41:01 [batch_test] [info] 1_B20260916_123536_0003 第 30 轮执行工具 query_ticket_price
2026-09-16 12:41:01 [batch_test] [info] 1_B20260916_123536_0003 第 30 轮执行工具 query_tickets
2026-09-16 12:41:01 [batch_test] [info] 1_B20260916_123536_0003 第 30 轮执行工具 query_ticket_price
2026-09-16 12:41:01 [batch_test] [info] 1_B20260916_123536_0003 第 30 轮执行工具 query_tickets
2026-09-16 12:41:01 [batch_test] [info] 1_B20260916_123536_0003 第 30 轮执行工具 query_ticket_price
2026-09-16 12:41:01 [batch_test] [info] 1_B20260916_123536_0003 第 30 轮执行工具 query_tickets
2026-09-16 12:41:01 [batch_test] [info] 1_B20260916_123536_0003 第 30 轮执行工具 query_ticket_price
2026-09-16 12:41:01 [batch_test] [info] 1_B20260916_123536_0003 第 30 轮执行工具 query_tickets
2026-09-16 12:41:01 [batch_test] [info] 1_B20260916_123536_0003 第 30 轮执行工具 query_ticket_price
2026-09-16 12:41:01 [batch_test] [info] 1_B20260916_123536_0003 第 30 轮执行工具 query_tickets
2026-09-16 12:41:01 [batch_test] [info] 1_B20260916_123536_0003 第 30 轮执行工具 query_ticket_price
2026-09-16 12:41:01 [batch_test] [info] 1_B20260916_123536_0003 第 31/100 轮对话：请求模型 glm-5.3-flash
2026-09-16 12:41:24 [batch_test] [info] 1_B20260916_123536_0003 第 31 轮执行工具 query_tickets
2026-09-16 12:41:24 [batch_test] [info] 1_B20260916_123536_0003 第 31 轮执行工具 query_tickets
2026-09-16 12:41:24 [batch_test] [info] 1_B20260916_123536_0003 第 31 轮执行工具 query_tickets
2026-09-16 12:41:24 [batch_test] [info] 1_B20260916_123536_0003 第 31 轮执行工具 query_tickets
2026-09-16 12:41:24 [batch_test] [info] 1_B20260916_123536_0003 第 31 轮执行工具 query_tickets
2026-09-16 12:41:24 [batch_test] [info] 1_B20260916_123536_0003 第 31 轮执行工具 query_tickets
2026-09-16 12:41:24 [batch_test] [info] 1_B20260916_123536_0003 第 31 轮执行工具 query_tickets
2026-09-16 12:41:24 [batch_test] [info] 1_B20260916_123536_0003 第 31 轮执行工具 query_tickets
2026-09-16 12:41:24 [batch_test] [info] 1_B20260916_123536_0003 第 31 轮执行工具 query_tickets
2026-09-16 12:41:24 [batch_test] [info] 1_B20260916_123536_0003 第 31 轮执行工具 query_tickets
2026-09-16 12:41:24 [batch_test] [info] 1_B20260916_123536_0003 第 31 轮执行工具 query_tickets
2026-09-16 12:41:24 [batch_test] [info] 1_B20260916_123536_0003 第 31 轮执行工具 query_tickets
2026-09-16 12:41:24 [batch_test] [info] 1_B20260916_123536_0003 第 32/100 轮对话：请求模型 glm-5.3-flash
2026-09-16 12:41:29 [batch_test] [info] 1_B20260916_123536_0001 第 14 轮执行工具 query_tickets
2026-09-16 12:41:29 [batch_test] [info] 1_B20260916_123536_0001 第 14 轮执行工具 query_tickets
2026-09-16 12:41:29 [batch_test] [info] 1_B20260916_123536_0001 第 14 轮执行工具 query_tickets
2026-09-16 12:41:29 [batch_test] [info] 1_B20260916_123536_0001 第 14 轮执行工具 query_train_detail
2026-09-16 12:41:29 [batch_test] [info] 1_B20260916_123536_0001 第 14 轮执行工具 query_tickets
2026-09-16 12:41:29 [batch_test] [info] 1_B20260916_123536_0001 第 15/100 轮对话：请求模型 glm-5.3-flash
2026-09-16 12:42:27 [batch_test] [info] 1_B20260916_123536_0001 第 15 轮执行工具 query_tickets
2026-09-16 12:42:27 [batch_test] [info] 1_B20260916_123536_0001 第 15 轮执行工具 query_tickets
2026-09-16 12:42:27 [batch_test] [info] 1_B20260916_123536_0001 第 15 轮执行工具 query_tickets
2026-09-16 12:42:27 [batch_test] [info] 1_B20260916_123536_0001 第 15 轮执行工具 query_tickets
2026-09-16 12:42:27 [batch_test] [info] 1_B20260916_123536_0001 第 15 轮执行工具 query_tickets
2026-09-16 12:42:27 [batch_test] [info] 1_B20260916_123536_0001 第 15 轮执行工具 query_tickets
2026-09-16 12:42:27 [batch_test] [info] 1_B20260916_123536_0001 第 15 轮执行工具 query_tickets
2026-09-16 12:42:27 [batch_test] [info] 1_B20260916_123536_0001 第 16/100 轮对话：请求模型 glm-5.3-flash
2026-09-16 12:42:35 [batch_test] [info] 1_B20260916_123536_0003 第 32 轮执行工具 query_train_detail
2026-09-16 12:42:35 [batch_test] [info] 1_B20260916_123536_0003 第 32 轮执行工具 query_tickets
2026-09-16 12:42:35 [batch_test] [info] 1_B20260916_123536_0003 第 32 轮执行工具 query_tickets
2026-09-16 12:42:35 [batch_test] [info] 1_B20260916_123536_0003 第 32 轮执行工具 query_tickets
2026-09-16 12:42:35 [batch_test] [info] 1_B20260916_123536_0003 第 32 轮执行工具 query_tickets
2026-09-16 12:42:35 [batch_test] [info] 1_B20260916_123536_0003 第 32 轮执行工具 query_tickets
2026-09-16 12:42:35 [batch_test] [info] 1_B20260916_123536_0003 第 32 轮执行工具 query_tickets
2026-09-16 12:42:35 [batch_test] [info] 1_B20260916_123536_0003 第 32 轮执行工具 query_tickets
2026-09-16 12:42:35 [batch_test] [info] 1_B20260916_123536_0003 第 32 轮执行工具 query_tickets
2026-09-16 12:42:35 [batch_test] [info] 1_B20260916_123536_0003 第 32 轮执行工具 query_tickets
2026-09-16 12:42:35 [batch_test] [info] 1_B20260916_123536_0003 第 32 轮执行工具 query_tickets
2026-09-16 12:42:35 [batch_test] [info] 1_B20260916_123536_0003 第 32 轮执行工具 query_tickets
2026-09-16 12:42:35 [batch_test] [info] 1_B20260916_123536_0003 第 33/100 轮对话：请求模型 glm-5.3-flash
2026-09-16 12:42:35 [batch_test] [info] 1_B20260916_123536_0002 第 13 轮执行工具 query_tickets
2026-09-16 12:42:35 [batch_test] [info] 1_B20260916_123536_0002 第 13 轮执行工具 query_tickets
2026-09-16 12:42:35 [batch_test] [info] 1_B20260916_123536_0002 第 13 轮执行工具 query_tickets
2026-09-16 12:42:35 [batch_test] [info] 1_B20260916_123536_0002 第 13 轮执行工具 query_tickets
2026-09-16 12:42:35 [batch_test] [info] 1_B20260916_123536_0002 第 13 轮执行工具 query_tickets
2026-09-16 12:42:35 [batch_test] [info] 1_B20260916_123536_0002 第 13 轮执行工具 query_tickets
2026-09-16 12:42:35 [batch_test] [info] 1_B20260916_123536_0002 第 13 轮执行工具 query_tickets
2026-09-16 12:42:35 [batch_test] [info] 1_B20260916_123536_0002 第 13 轮执行工具 query_tickets
2026-09-16 12:42:35 [batch_test] [info] 1_B20260916_123536_0002 第 14/100 轮对话：请求模型 glm-5.3-flash
2026-09-16 12:42:38 [batch_test] [info] 1_B20260916_123536_0001 第 16 轮执行工具 query_train_detail
2026-09-16 12:42:38 [batch_test] [info] 1_B20260916_123536_0001 第 16 轮执行工具 query_train_detail
2026-09-16 12:42:38 [batch_test] [info] 1_B20260916_123536_0001 第 16 轮执行工具 query_train_detail
2026-09-16 12:42:38 [batch_test] [info] 1_B20260916_123536_0001 第 16 轮执行工具 query_train_detail
2026-09-16 12:42:38 [batch_test] [info] 1_B20260916_123536_0001 第 16 轮执行工具 query_train_detail
2026-09-16 12:42:38 [batch_test] [info] 1_B20260916_123536_0001 第 16 轮执行工具 query_train_detail
2026-09-16 12:42:38 [batch_test] [info] 1_B20260916_123536_0001 第 16 轮执行工具 query_train_detail
2026-09-16 12:42:38 [batch_test] [info] 1_B20260916_123536_0001 第 16 轮执行工具 query_train_detail
2026-09-16 12:42:38 [batch_test] [info] 1_B20260916_123536_0001 第 16 轮执行工具 query_train_detail
2026-09-16 12:42:38 [batch_test] [info] 1_B20260916_123536_0001 第 16 轮执行工具 query_train_detail
2026-09-16 12:42:38 [batch_test] [info] 1_B20260916_123536_0001 第 16 轮执行工具 query_train_detail
2026-09-16 12:42:38 [batch_test] [info] 1_B20260916_123536_0001 第 17/100 轮对话：请求模型 glm-5.3-flash
2026-09-16 12:43:18 [batch_test] [info] 1_B20260916_123536_0001 第 17 轮执行工具 query_ticket_price
2026-09-16 12:43:18 [batch_test] [info] 1_B20260916_123536_0001 第 17 轮执行工具 query_ticket_price
2026-09-16 12:43:18 [batch_test] [info] 1_B20260916_123536_0001 第 17 轮执行工具 query_ticket_price
2026-09-16 12:43:18 [batch_test] [info] 1_B20260916_123536_0001 第 17 轮执行工具 query_ticket_price
2026-09-16 12:43:18 [batch_test] [info] 1_B20260916_123536_0001 第 18/100 轮对话：请求模型 glm-5.3-flash
2026-09-16 12:43:18 [batch_test] [info] 1_B20260916_123536_0003 第 33 轮执行工具 query_tickets
2026-09-16 12:43:18 [batch_test] [info] 1_B20260916_123536_0003 第 33 轮执行工具 query_tickets
2026-09-16 12:43:18 [batch_test] [info] 1_B20260916_123536_0003 第 33 轮执行工具 query_tickets
2026-09-16 12:43:18 [batch_test] [info] 1_B20260916_123536_0003 第 33 轮执行工具 query_tickets
2026-09-16 12:43:18 [batch_test] [info] 1_B20260916_123536_0003 第 33 轮执行工具 query_tickets
2026-09-16 12:43:18 [batch_test] [info] 1_B20260916_123536_0003 第 33 轮执行工具 query_tickets
2026-09-16 12:43:18 [batch_test] [info] 1_B20260916_123536_0003 第 33 轮执行工具 query_tickets
2026-09-16 12:43:18 [batch_test] [info] 1_B20260916_123536_0003 第 33 轮执行工具 query_tickets
2026-09-16 12:43:18 [batch_test] [info] 1_B20260916_123536_0003 第 33 轮执行工具 query_tickets
2026-09-16 12:43:18 [batch_test] [info] 1_B20260916_123536_0003 第 33 轮执行工具 query_tickets
2026-09-16 12:43:18 [batch_test] [info] 1_B20260916_123536_0003 第 33 轮执行工具 query_tickets
2026-09-16 12:43:18 [batch_test] [info] 1_B20260916_123536_0003 第 33 轮执行工具 query_tickets
2026-09-16 12:43:18 [batch_test] [info] 1_B20260916_123536_0003 第 34/100 轮对话：请求模型 glm-5.3-flash
2026-09-16 12:43:37 [batch_test] [info] 1_B20260916_123536_0003 第 34 轮执行工具 query_tickets
2026-09-16 12:43:37 [batch_test] [info] 1_B20260916_123536_0003 第 34 轮执行工具 query_tickets
2026-09-16 12:43:37 [batch_test] [info] 1_B20260916_123536_0003 第 34 轮执行工具 query_tickets
2026-09-16 12:43:37 [batch_test] [info] 1_B20260916_123536_0003 第 34 轮执行工具 query_tickets
2026-09-16 12:43:37 [batch_test] [info] 1_B20260916_123536_0003 第 34 轮执行工具 query_tickets
2026-09-16 12:43:37 [batch_test] [info] 1_B20260916_123536_0003 第 34 轮执行工具 query_tickets
2026-09-16 12:43:37 [batch_test] [info] 1_B20260916_123536_0003 第 34 轮执行工具 query_tickets
2026-09-16 12:43:37 [batch_test] [info] 1_B20260916_123536_0003 第 34 轮执行工具 query_tickets
2026-09-16 12:43:37 [batch_test] [info] 1_B20260916_123536_0003 第 34 轮执行工具 query_tickets
2026-09-16 12:43:37 [batch_test] [info] 1_B20260916_123536_0003 第 34 轮执行工具 query_tickets
2026-09-16 12:43:37 [batch_test] [info] 1_B20260916_123536_0003 第 34 轮执行工具 query_tickets
2026-09-16 12:43:37 [batch_test] [info] 1_B20260916_123536_0003 第 34 轮执行工具 query_tickets
2026-09-16 12:43:37 [batch_test] [info] 1_B20260916_123536_0003 第 35/100 轮对话：请求模型 glm-5.3-flash
2026-09-16 12:43:56 [batch_test] [info] 1_B20260916_123536_0002 第 14 轮执行工具 query_trains_between_stations
2026-09-16 12:43:56 [batch_test] [info] 1_B20260916_123536_0002 第 14 轮执行工具 query_tickets
2026-09-16 12:43:56 [batch_test] [info] 1_B20260916_123536_0002 第 14 轮执行工具 query_tickets
2026-09-16 12:43:56 [batch_test] [info] 1_B20260916_123536_0002 第 14 轮执行工具 query_tickets
2026-09-16 12:43:56 [batch_test] [info] 1_B20260916_123536_0002 第 14 轮执行工具 query_tickets
2026-09-16 12:43:56 [batch_test] [info] 1_B20260916_123536_0002 第 14 轮执行工具 query_tickets
2026-09-16 12:43:56 [batch_test] [info] 1_B20260916_123536_0002 第 14 轮执行工具 query_tickets
2026-09-16 12:43:56 [batch_test] [info] 1_B20260916_123536_0002 第 14 轮执行工具 query_tickets
2026-09-16 12:43:56 [batch_test] [info] 1_B20260916_123536_0002 第 14 轮执行工具 query_tickets
2026-09-16 12:43:56 [batch_test] [info] 1_B20260916_123536_0002 第 14 轮执行工具 query_tickets
2026-09-16 12:43:56 [batch_test] [info] 1_B20260916_123536_0002 第 14 轮执行工具 query_tickets
2026-09-16 12:43:56 [batch_test] [info] 1_B20260916_123536_0002 第 15/100 轮对话：请求模型 glm-5.3-flash
2026-09-16 12:44:00 [batch_test] [info] 1_B20260916_123536_0003 第 35 轮执行工具 query_tickets
2026-09-16 12:44:00 [batch_test] [info] 1_B20260916_123536_0003 第 35 轮执行工具 query_tickets
2026-09-16 12:44:00 [batch_test] [info] 1_B20260916_123536_0003 第 35 轮执行工具 query_tickets
2026-09-16 12:44:00 [batch_test] [info] 1_B20260916_123536_0003 第 35 轮执行工具 query_tickets
2026-09-16 12:44:00 [batch_test] [info] 1_B20260916_123536_0003 第 35 轮执行工具 query_tickets
2026-09-16 12:44:00 [batch_test] [info] 1_B20260916_123536_0003 第 35 轮执行工具 query_tickets
2026-09-16 12:44:00 [batch_test] [info] 1_B20260916_123536_0003 第 35 轮执行工具 query_tickets
2026-09-16 12:44:00 [batch_test] [info] 1_B20260916_123536_0003 第 35 轮执行工具 query_tickets
2026-09-16 12:44:00 [batch_test] [info] 1_B20260916_123536_0003 第 35 轮执行工具 query_tickets
2026-09-16 12:44:00 [batch_test] [info] 1_B20260916_123536_0003 第 35 轮执行工具 query_tickets
2026-09-16 12:44:00 [batch_test] [info] 1_B20260916_123536_0003 第 35 轮执行工具 query_tickets
2026-09-16 12:44:00 [batch_test] [info] 1_B20260916_123536_0003 第 35 轮执行工具 query_tickets
2026-09-16 12:44:00 [batch_test] [info] 1_B20260916_123536_0003 第 36/100 轮对话：请求模型 glm-5.3-flash
2026-09-16 12:44:04 [batch_test] [success] 1_B20260916_123536_0001 测试完成（plan_status=has_solution，模型调用 18 次，工具调用 69 次，耗时 435.3s）→ 20260916_124404_139543_glm-5.3-flash_1_B20260916_123536_0001.json
2026-09-16 12:44:04 [batch_test] [info] （4/5）开始测试 2_B20260916_123536_0004
2026-09-16 12:44:04 [batch_test] [info] 2_B20260916_123536_0004 第 1/100 轮对话：请求模型 glm-5.3-flash
2026-09-16 12:44:12 [batch_test] [info] 2_B20260916_123536_0004 第 1 轮执行工具 list_stations
2026-09-16 12:44:12 [batch_test] [info] 2_B20260916_123536_0004 第 1 轮执行工具 list_stations
2026-09-16 12:44:12 [batch_test] [info] 2_B20260916_123536_0004 第 2/100 轮对话：请求模型 glm-5.3-flash
2026-09-16 12:44:14 [batch_test] [info] 1_B20260916_123536_0003 第 36 轮执行工具 query_tickets
2026-09-16 12:44:14 [batch_test] [info] 1_B20260916_123536_0003 第 36 轮执行工具 query_tickets
2026-09-16 12:44:14 [batch_test] [info] 1_B20260916_123536_0003 第 36 轮执行工具 query_tickets
2026-09-16 12:44:14 [batch_test] [info] 1_B20260916_123536_0003 第 36 轮执行工具 query_tickets
2026-09-16 12:44:14 [batch_test] [info] 1_B20260916_123536_0003 第 36 轮执行工具 query_tickets
2026-09-16 12:44:14 [batch_test] [info] 1_B20260916_123536_0003 第 36 轮执行工具 query_tickets
2026-09-16 12:44:14 [batch_test] [info] 1_B20260916_123536_0003 第 36 轮执行工具 query_tickets
2026-09-16 12:44:14 [batch_test] [info] 1_B20260916_123536_0003 第 36 轮执行工具 query_tickets
2026-09-16 12:44:14 [batch_test] [info] 1_B20260916_123536_0003 第 36 轮执行工具 query_tickets
2026-09-16 12:44:14 [batch_test] [info] 1_B20260916_123536_0003 第 36 轮执行工具 query_tickets
2026-09-16 12:44:14 [batch_test] [info] 1_B20260916_123536_0003 第 36 轮执行工具 query_tickets
2026-09-16 12:44:14 [batch_test] [info] 1_B20260916_123536_0003 第 36 轮执行工具 query_tickets
2026-09-16 12:44:14 [batch_test] [info] 1_B20260916_123536_0003 第 37/100 轮对话：请求模型 glm-5.3-flash
2026-09-16 12:44:18 [batch_test] [info] 2_B20260916_123536_0004 第 2 轮执行工具 query_trains_between_stations
2026-09-16 12:44:18 [batch_test] [info] 2_B20260916_123536_0004 第 3/100 轮对话：请求模型 glm-5.3-flash
2026-09-16 12:44:28 [batch_test] [info] 1_B20260916_123536_0003 第 37 轮执行工具 query_tickets
2026-09-16 12:44:28 [batch_test] [info] 1_B20260916_123536_0003 第 37 轮执行工具 query_tickets
2026-09-16 12:44:28 [batch_test] [info] 1_B20260916_123536_0003 第 37 轮执行工具 query_tickets
2026-09-16 12:44:28 [batch_test] [info] 1_B20260916_123536_0003 第 37 轮执行工具 query_tickets
2026-09-16 12:44:28 [batch_test] [info] 1_B20260916_123536_0003 第 37 轮执行工具 query_tickets
2026-09-16 12:44:28 [batch_test] [info] 1_B20260916_123536_0003 第 37 轮执行工具 query_tickets
2026-09-16 12:44:28 [batch_test] [info] 1_B20260916_123536_0003 第 37 轮执行工具 query_tickets
2026-09-16 12:44:28 [batch_test] [info] 1_B20260916_123536_0003 第 37 轮执行工具 query_tickets
2026-09-16 12:44:28 [batch_test] [info] 1_B20260916_123536_0003 第 38/100 轮对话：请求模型 glm-5.3-flash
2026-09-16 12:44:32 [batch_test] [info] 2_B20260916_123536_0004 第 3 轮执行工具 query_trains_at_station
2026-09-16 12:44:32 [batch_test] [info] 2_B20260916_123536_0004 第 3 轮执行工具 query_trains_at_station
2026-09-16 12:44:32 [batch_test] [info] 2_B20260916_123536_0004 第 4/100 轮对话：请求模型 glm-5.3-flash
2026-09-16 12:44:39 [batch_test] [info] 2_B20260916_123536_0004 第 4 轮执行工具 list_trains
2026-09-16 12:44:39 [batch_test] [info] 2_B20260916_123536_0004 第 5/100 轮对话：请求模型 glm-5.3-flash
2026-09-16 12:44:54 [batch_test] [info] 2_B20260916_123536_0004 第 5 轮执行工具 list_trains
2026-09-16 12:44:54 [batch_test] [info] 2_B20260916_123536_0004 第 5 轮执行工具 list_trains
2026-09-16 12:44:54 [batch_test] [info] 2_B20260916_123536_0004 第 6/100 轮对话：请求模型 glm-5.3-flash
2026-09-16 12:45:02 [batch_test] [info] 1_B20260916_123536_0003 第 38 轮执行工具 query_tickets
2026-09-16 12:45:02 [batch_test] [info] 1_B20260916_123536_0003 第 38 轮执行工具 query_tickets
2026-09-16 12:45:02 [batch_test] [info] 1_B20260916_123536_0003 第 38 轮执行工具 query_train_detail
2026-09-16 12:45:02 [batch_test] [info] 1_B20260916_123536_0003 第 38 轮执行工具 query_train_detail
2026-09-16 12:45:02 [batch_test] [info] 1_B20260916_123536_0003 第 38 轮执行工具 query_tickets
2026-09-16 12:45:02 [batch_test] [info] 1_B20260916_123536_0003 第 39/100 轮对话：请求模型 glm-5.3-flash
2026-09-16 12:45:03 [batch_test] [info] 2_B20260916_123536_0004 第 6 轮执行工具 query_train_detail
2026-09-16 12:45:03 [batch_test] [info] 2_B20260916_123536_0004 第 6 轮执行工具 query_train_detail
2026-09-16 12:45:03 [batch_test] [info] 2_B20260916_123536_0004 第 6 轮执行工具 query_train_detail
2026-09-16 12:45:03 [batch_test] [info] 2_B20260916_123536_0004 第 6 轮执行工具 query_train_detail
2026-09-16 12:45:03 [batch_test] [info] 2_B20260916_123536_0004 第 6 轮执行工具 query_train_detail
2026-09-16 12:45:03 [batch_test] [info] 2_B20260916_123536_0004 第 6 轮执行工具 query_train_detail
2026-09-16 12:45:03 [batch_test] [info] 2_B20260916_123536_0004 第 6 轮执行工具 query_train_detail
2026-09-16 12:45:03 [batch_test] [info] 2_B20260916_123536_0004 第 6 轮执行工具 query_train_detail
2026-09-16 12:45:03 [batch_test] [info] 2_B20260916_123536_0004 第 7/100 轮对话：请求模型 glm-5.3-flash
2026-09-16 12:45:12 [batch_test] [info] 1_B20260916_123536_0003 第 39 轮执行工具 query_tickets
2026-09-16 12:45:12 [batch_test] [info] 1_B20260916_123536_0003 第 39 轮执行工具 query_tickets
2026-09-16 12:45:12 [batch_test] [info] 1_B20260916_123536_0003 第 39 轮执行工具 query_tickets
2026-09-16 12:45:12 [batch_test] [info] 1_B20260916_123536_0003 第 39 轮执行工具 query_tickets
2026-09-16 12:45:12 [batch_test] [info] 1_B20260916_123536_0003 第 40/100 轮对话：请求模型 glm-5.3-flash
2026-09-16 12:45:21 [batch_test] [info] 2_B20260916_123536_0004 第 7 轮执行工具 list_stations
2026-09-16 12:45:21 [batch_test] [info] 2_B20260916_123536_0004 第 7 轮执行工具 list_stations
2026-09-16 12:45:21 [batch_test] [info] 2_B20260916_123536_0004 第 7 轮执行工具 list_stations
2026-09-16 12:45:21 [batch_test] [info] 2_B20260916_123536_0004 第 7 轮执行工具 list_stations
2026-09-16 12:45:21 [batch_test] [info] 2_B20260916_123536_0004 第 7 轮执行工具 list_stations
2026-09-16 12:45:21 [batch_test] [info] 2_B20260916_123536_0004 第 7 轮执行工具 list_stations
2026-09-16 12:45:21 [batch_test] [info] 2_B20260916_123536_0004 第 8/100 轮对话：请求模型 glm-5.3-flash
2026-09-16 12:45:24 [batch_test] [info] 1_B20260916_123536_0002 第 15 轮执行工具 query_tickets
2026-09-16 12:45:24 [batch_test] [info] 1_B20260916_123536_0002 第 15 轮执行工具 query_tickets
2026-09-16 12:45:24 [batch_test] [info] 1_B20260916_123536_0002 第 15 轮执行工具 query_tickets
2026-09-16 12:45:24 [batch_test] [info] 1_B20260916_123536_0002 第 15 轮执行工具 query_tickets
2026-09-16 12:45:24 [batch_test] [info] 1_B20260916_123536_0002 第 15 轮执行工具 query_tickets
2026-09-16 12:45:24 [batch_test] [info] 1_B20260916_123536_0002 第 15 轮执行工具 query_tickets
2026-09-16 12:45:24 [batch_test] [info] 1_B20260916_123536_0002 第 15 轮执行工具 query_tickets
2026-09-16 12:45:24 [batch_test] [info] 1_B20260916_123536_0002 第 15 轮执行工具 query_tickets
2026-09-16 12:45:24 [batch_test] [info] 1_B20260916_123536_0002 第 15 轮执行工具 query_tickets
2026-09-16 12:45:24 [batch_test] [info] 1_B20260916_123536_0002 第 15 轮执行工具 query_tickets
2026-09-16 12:45:24 [batch_test] [info] 1_B20260916_123536_0002 第 15 轮执行工具 query_tickets
2026-09-16 12:45:24 [batch_test] [info] 1_B20260916_123536_0002 第 15 轮执行工具 query_tickets
2026-09-16 12:45:24 [batch_test] [info] 1_B20260916_123536_0002 第 15 轮执行工具 query_tickets
2026-09-16 12:45:24 [batch_test] [info] 1_B20260916_123536_0002 第 15 轮执行工具 query_train_detail
2026-09-16 12:45:24 [batch_test] [info] 1_B20260916_123536_0002 第 15 轮执行工具 query_train_detail
2026-09-16 12:45:24 [batch_test] [info] 1_B20260916_123536_0002 第 16/100 轮对话：请求模型 glm-5.3-flash
2026-09-16 12:45:31 [batch_test] [info] 2_B20260916_123536_0004 第 8 轮执行工具 query_trains_between_stations
2026-09-16 12:45:31 [batch_test] [info] 2_B20260916_123536_0004 第 8 轮执行工具 query_trains_between_stations
2026-09-16 12:45:31 [batch_test] [info] 2_B20260916_123536_0004 第 8 轮执行工具 query_trains_between_stations
2026-09-16 12:45:31 [batch_test] [info] 2_B20260916_123536_0004 第 8 轮执行工具 query_trains_between_stations
2026-09-16 12:45:31 [batch_test] [info] 2_B20260916_123536_0004 第 8 轮执行工具 query_trains_between_stations
2026-09-16 12:45:31 [batch_test] [info] 2_B20260916_123536_0004 第 8 轮执行工具 query_trains_between_stations
2026-09-16 12:45:31 [batch_test] [info] 2_B20260916_123536_0004 第 8 轮执行工具 query_trains_between_stations
2026-09-16 12:45:31 [batch_test] [info] 2_B20260916_123536_0004 第 8 轮执行工具 query_trains_between_stations
2026-09-16 12:45:31 [batch_test] [info] 2_B20260916_123536_0004 第 8 轮执行工具 query_trains_between_stations
2026-09-16 12:45:31 [batch_test] [info] 2_B20260916_123536_0004 第 9/100 轮对话：请求模型 glm-5.3-flash
2026-09-16 12:45:41 [batch_test] [info] 2_B20260916_123536_0004 第 9 轮执行工具 query_trains_between_stations
2026-09-16 12:45:41 [batch_test] [info] 2_B20260916_123536_0004 第 9 轮执行工具 query_trains_between_stations
2026-09-16 12:45:41 [batch_test] [info] 2_B20260916_123536_0004 第 10/100 轮对话：请求模型 glm-5.3-flash
2026-09-16 12:46:20 [batch_test] [info] 1_B20260916_123536_0003 第 40 轮执行工具 query_tickets
2026-09-16 12:46:20 [batch_test] [info] 1_B20260916_123536_0003 第 40 轮执行工具 query_tickets
2026-09-16 12:46:20 [batch_test] [info] 1_B20260916_123536_0003 第 40 轮执行工具 query_tickets
2026-09-16 12:46:20 [batch_test] [info] 1_B20260916_123536_0003 第 40 轮执行工具 query_tickets
2026-09-16 12:46:20 [batch_test] [info] 1_B20260916_123536_0003 第 40 轮执行工具 query_tickets
2026-09-16 12:46:20 [batch_test] [info] 1_B20260916_123536_0003 第 40 轮执行工具 query_tickets
2026-09-16 12:46:20 [batch_test] [info] 1_B20260916_123536_0003 第 40 轮执行工具 query_tickets
2026-09-16 12:46:20 [batch_test] [info] 1_B20260916_123536_0003 第 40 轮执行工具 query_tickets
2026-09-16 12:46:20 [batch_test] [info] 1_B20260916_123536_0003 第 40 轮执行工具 query_tickets
2026-09-16 12:46:20 [batch_test] [info] 1_B20260916_123536_0003 第 40 轮执行工具 query_tickets
2026-09-16 12:46:20 [batch_test] [info] 1_B20260916_123536_0003 第 40 轮执行工具 query_tickets
2026-09-16 12:46:20 [batch_test] [info] 1_B20260916_123536_0003 第 40 轮执行工具 query_tickets
2026-09-16 12:46:20 [batch_test] [info] 1_B20260916_123536_0003 第 41/100 轮对话：请求模型 glm-5.3-flash
2026-09-16 12:46:36 [batch_test] [info] 2_B20260916_123536_0004 第 10 轮执行工具 query_tickets
2026-09-16 12:46:36 [batch_test] [info] 2_B20260916_123536_0004 第 10 轮执行工具 query_tickets
2026-09-16 12:46:36 [batch_test] [info] 2_B20260916_123536_0004 第 10 轮执行工具 query_tickets
2026-09-16 12:46:36 [batch_test] [info] 2_B20260916_123536_0004 第 10 轮执行工具 query_tickets
2026-09-16 12:46:36 [batch_test] [info] 2_B20260916_123536_0004 第 10 轮执行工具 query_tickets
2026-09-16 12:46:36 [batch_test] [info] 2_B20260916_123536_0004 第 10 轮执行工具 query_tickets
2026-09-16 12:46:36 [batch_test] [info] 2_B20260916_123536_0004 第 10 轮执行工具 query_tickets
2026-09-16 12:46:36 [batch_test] [info] 2_B20260916_123536_0004 第 10 轮执行工具 query_tickets
2026-09-16 12:46:36 [batch_test] [info] 2_B20260916_123536_0004 第 10 轮执行工具 query_tickets
2026-09-16 12:46:36 [batch_test] [info] 2_B20260916_123536_0004 第 11/100 轮对话：请求模型 glm-5.3-flash
2026-09-16 12:46:44 [batch_test] [info] 1_B20260916_123536_0003 第 41 轮执行工具 query_tickets
2026-09-16 12:46:44 [batch_test] [info] 1_B20260916_123536_0003 第 41 轮执行工具 query_tickets
2026-09-16 12:46:44 [batch_test] [info] 1_B20260916_123536_0003 第 41 轮执行工具 query_tickets
2026-09-16 12:46:44 [batch_test] [info] 1_B20260916_123536_0003 第 41 轮执行工具 query_tickets
2026-09-16 12:46:44 [batch_test] [info] 1_B20260916_123536_0003 第 41 轮执行工具 query_tickets
2026-09-16 12:46:44 [batch_test] [info] 1_B20260916_123536_0003 第 41 轮执行工具 query_tickets
2026-09-16 12:46:44 [batch_test] [info] 1_B20260916_123536_0003 第 41 轮执行工具 query_tickets
2026-09-16 12:46:44 [batch_test] [info] 1_B20260916_123536_0003 第 41 轮执行工具 query_tickets
2026-09-16 12:46:44 [batch_test] [info] 1_B20260916_123536_0003 第 42/100 轮对话：请求模型 glm-5.3-flash
2026-09-16 12:47:10 [batch_test] [info] 2_B20260916_123536_0004 第 11 轮执行工具 query_tickets
2026-09-16 12:47:10 [batch_test] [info] 2_B20260916_123536_0004 第 11 轮执行工具 query_tickets
2026-09-16 12:47:10 [batch_test] [info] 2_B20260916_123536_0004 第 11 轮执行工具 query_tickets
2026-09-16 12:47:10 [batch_test] [info] 2_B20260916_123536_0004 第 11 轮执行工具 query_tickets
2026-09-16 12:47:10 [batch_test] [info] 2_B20260916_123536_0004 第 11 轮执行工具 query_tickets
2026-09-16 12:47:10 [batch_test] [info] 2_B20260916_123536_0004 第 11 轮执行工具 query_tickets
2026-09-16 12:47:10 [batch_test] [info] 2_B20260916_123536_0004 第 11 轮执行工具 query_tickets
2026-09-16 12:47:10 [batch_test] [info] 2_B20260916_123536_0004 第 11 轮执行工具 query_tickets
2026-09-16 12:47:10 [batch_test] [info] 2_B20260916_123536_0004 第 11 轮执行工具 query_trains_between_stations
2026-09-16 12:47:10 [batch_test] [info] 2_B20260916_123536_0004 第 12/100 轮对话：请求模型 glm-5.3-flash
2026-09-16 12:47:29 [batch_test] [info] 2_B20260916_123536_0004 第 12 轮执行工具 query_train_detail
2026-09-16 12:47:29 [batch_test] [info] 2_B20260916_123536_0004 第 12 轮执行工具 query_train_detail
2026-09-16 12:47:29 [batch_test] [info] 2_B20260916_123536_0004 第 12 轮执行工具 query_train_detail
2026-09-16 12:47:29 [batch_test] [info] 2_B20260916_123536_0004 第 13/100 轮对话：请求模型 glm-5.3-flash
2026-09-16 12:47:32 [batch_test] [info] 1_B20260916_123536_0003 第 42 轮执行工具 query_tickets
2026-09-16 12:47:32 [batch_test] [info] 1_B20260916_123536_0003 第 42 轮执行工具 query_tickets
2026-09-16 12:47:32 [batch_test] [info] 1_B20260916_123536_0003 第 42 轮执行工具 query_tickets
2026-09-16 12:47:32 [batch_test] [info] 1_B20260916_123536_0003 第 42 轮执行工具 query_tickets
2026-09-16 12:47:32 [batch_test] [info] 1_B20260916_123536_0003 第 42 轮执行工具 query_tickets
2026-09-16 12:47:32 [batch_test] [info] 1_B20260916_123536_0003 第 42 轮执行工具 query_tickets
2026-09-16 12:47:32 [batch_test] [info] 1_B20260916_123536_0003 第 42 轮执行工具 query_tickets
2026-09-16 12:47:32 [batch_test] [info] 1_B20260916_123536_0003 第 42 轮执行工具 query_tickets
2026-09-16 12:47:32 [batch_test] [info] 1_B20260916_123536_0003 第 43/100 轮对话：请求模型 glm-5.3-flash
2026-09-16 12:47:42 [batch_test] [info] 2_B20260916_123536_0004 第 13 轮执行工具 query_tickets
2026-09-16 12:47:42 [batch_test] [info] 2_B20260916_123536_0004 第 13 轮执行工具 query_tickets
2026-09-16 12:47:42 [batch_test] [info] 2_B20260916_123536_0004 第 13 轮执行工具 query_tickets
2026-09-16 12:47:42 [batch_test] [info] 2_B20260916_123536_0004 第 13 轮执行工具 query_tickets
2026-09-16 12:47:42 [batch_test] [info] 2_B20260916_123536_0004 第 13 轮执行工具 query_tickets
2026-09-16 12:47:42 [batch_test] [info] 2_B20260916_123536_0004 第 13 轮执行工具 query_tickets
2026-09-16 12:47:42 [batch_test] [info] 2_B20260916_123536_0004 第 14/100 轮对话：请求模型 glm-5.3-flash
2026-09-16 12:48:02 [batch_test] [info] 1_B20260916_123536_0003 第 43 轮执行工具 query_tickets
2026-09-16 12:48:02 [batch_test] [info] 1_B20260916_123536_0003 第 43 轮执行工具 query_tickets
2026-09-16 12:48:02 [batch_test] [info] 1_B20260916_123536_0003 第 43 轮执行工具 query_tickets
2026-09-16 12:48:02 [batch_test] [info] 1_B20260916_123536_0003 第 43 轮执行工具 query_tickets
2026-09-16 12:48:02 [batch_test] [info] 1_B20260916_123536_0003 第 43 轮执行工具 query_tickets
2026-09-16 12:48:02 [batch_test] [info] 1_B20260916_123536_0003 第 43 轮执行工具 query_tickets
2026-09-16 12:48:02 [batch_test] [info] 1_B20260916_123536_0003 第 43 轮执行工具 query_tickets
2026-09-16 12:48:02 [batch_test] [info] 1_B20260916_123536_0003 第 43 轮执行工具 query_tickets
2026-09-16 12:48:02 [batch_test] [info] 1_B20260916_123536_0003 第 43 轮执行工具 query_tickets
2026-09-16 12:48:02 [batch_test] [info] 1_B20260916_123536_0003 第 43 轮执行工具 query_tickets
2026-09-16 12:48:02 [batch_test] [info] 1_B20260916_123536_0003 第 43 轮执行工具 query_tickets
2026-09-16 12:48:02 [batch_test] [info] 1_B20260916_123536_0003 第 44/100 轮对话：请求模型 glm-5.3-flash
2026-09-16 12:48:24 [batch_test] [success] 1_B20260916_123536_0002 测试完成（plan_status=no_plan，模型调用 15 次，工具调用 81 次，耗时 516.0s）→ 20260916_124824_909418_glm-5.3-flash_1_B20260916_123536_0002.json
2026-09-16 12:48:24 [batch_test] [info] （5/5）开始测试 2_B20260916_123536_0005
2026-09-16 12:48:24 [batch_test] [info] 2_B20260916_123536_0005 第 1/100 轮对话：请求模型 glm-5.3-flash
2026-09-16 12:48:28 [batch_test] [info] 2_B20260916_123536_0005 第 1 轮执行工具 list_stations
2026-09-16 12:48:28 [batch_test] [info] 2_B20260916_123536_0005 第 1 轮执行工具 list_stations
2026-09-16 12:48:28 [batch_test] [info] 2_B20260916_123536_0005 第 2/100 轮对话：请求模型 glm-5.3-flash
2026-09-16 12:48:37 [batch_test] [info] 2_B20260916_123536_0005 第 2 轮执行工具 query_trains_between_stations
2026-09-16 12:48:37 [batch_test] [info] 2_B20260916_123536_0005 第 2 轮执行工具 query_trains_at_station
2026-09-16 12:48:37 [batch_test] [info] 2_B20260916_123536_0005 第 3/100 轮对话：请求模型 glm-5.3-flash
2026-09-16 12:48:43 [batch_test] [info] 1_B20260916_123536_0003 第 44 轮执行工具 query_trains_between_stations
2026-09-16 12:48:43 [batch_test] [info] 1_B20260916_123536_0003 第 44 轮执行工具 query_trains_between_stations
2026-09-16 12:48:43 [batch_test] [info] 1_B20260916_123536_0003 第 44 轮执行工具 query_trains_between_stations
2026-09-16 12:48:43 [batch_test] [info] 1_B20260916_123536_0003 第 44 轮执行工具 query_trains_between_stations
2026-09-16 12:48:43 [batch_test] [info] 1_B20260916_123536_0003 第 45/100 轮对话：请求模型 glm-5.3-flash
2026-09-16 12:48:44 [batch_test] [info] 2_B20260916_123536_0004 第 14 轮执行工具 query_trains_between_stations
2026-09-16 12:48:44 [batch_test] [info] 2_B20260916_123536_0004 第 14 轮执行工具 query_trains_between_stations
2026-09-16 12:48:44 [batch_test] [info] 2_B20260916_123536_0004 第 14 轮执行工具 query_trains_between_stations
2026-09-16 12:48:44 [batch_test] [info] 2_B20260916_123536_0004 第 14 轮执行工具 query_tickets
2026-09-16 12:48:44 [batch_test] [info] 2_B20260916_123536_0004 第 14 轮执行工具 query_tickets
2026-09-16 12:48:44 [batch_test] [info] 2_B20260916_123536_0004 第 14 轮执行工具 query_tickets
2026-09-16 12:48:44 [batch_test] [info] 2_B20260916_123536_0004 第 14 轮执行工具 query_tickets
2026-09-16 12:48:44 [batch_test] [info] 2_B20260916_123536_0004 第 14 轮执行工具 query_tickets
2026-09-16 12:48:44 [batch_test] [info] 2_B20260916_123536_0004 第 14 轮执行工具 query_tickets
2026-09-16 12:48:44 [batch_test] [info] 2_B20260916_123536_0004 第 15/100 轮对话：请求模型 glm-5.3-flash
2026-09-16 12:48:45 [batch_test] [info] 2_B20260916_123536_0005 第 3 轮执行工具 query_trains_at_station
2026-09-16 12:48:45 [batch_test] [info] 2_B20260916_123536_0005 第 3 轮执行工具 query_trains_at_station
2026-09-16 12:48:45 [batch_test] [info] 2_B20260916_123536_0005 第 4/100 轮对话：请求模型 glm-5.3-flash
2026-09-16 12:48:58 [batch_test] [info] 2_B20260916_123536_0005 第 4 轮执行工具 list_trains
2026-09-16 12:48:58 [batch_test] [info] 2_B20260916_123536_0005 第 5/100 轮对话：请求模型 glm-5.3-flash
2026-09-16 12:49:21 [batch_test] [info] 2_B20260916_123536_0005 第 5 轮执行工具 list_trains
2026-09-16 12:49:21 [batch_test] [info] 2_B20260916_123536_0005 第 6/100 轮对话：请求模型 glm-5.3-flash
2026-09-16 12:49:25 [batch_test] [info] 2_B20260916_123536_0005 第 6 轮执行工具 list_trains
2026-09-16 12:49:25 [batch_test] [info] 2_B20260916_123536_0005 第 7/100 轮对话：请求模型 glm-5.3-flash
2026-09-16 12:49:26 [batch_test] [info] 2_B20260916_123536_0005 第 7 轮执行工具 list_trains
2026-09-16 12:49:26 [batch_test] [info] 2_B20260916_123536_0005 第 8/100 轮对话：请求模型 glm-5.3-flash
2026-09-16 12:49:28 [batch_test] [info] 2_B20260916_123536_0005 第 8 轮执行工具 list_trains
2026-09-16 12:49:28 [batch_test] [info] 2_B20260916_123536_0005 第 9/100 轮对话：请求模型 glm-5.3-flash
2026-09-16 12:49:30 [batch_test] [info] 2_B20260916_123536_0005 第 9 轮执行工具 list_trains
2026-09-16 12:49:30 [batch_test] [info] 2_B20260916_123536_0005 第 10/100 轮对话：请求模型 glm-5.3-flash
2026-09-16 12:49:34 [batch_test] [info] 1_B20260916_123536_0003 第 45 轮执行工具 query_tickets
2026-09-16 12:49:34 [batch_test] [info] 1_B20260916_123536_0003 第 45 轮执行工具 query_tickets
2026-09-16 12:49:34 [batch_test] [info] 1_B20260916_123536_0003 第 45 轮执行工具 query_tickets
2026-09-16 12:49:34 [batch_test] [info] 1_B20260916_123536_0003 第 45 轮执行工具 query_tickets
2026-09-16 12:49:34 [batch_test] [info] 1_B20260916_123536_0003 第 45 轮执行工具 query_tickets
2026-09-16 12:49:34 [batch_test] [info] 1_B20260916_123536_0003 第 45 轮执行工具 query_tickets
2026-09-16 12:49:34 [batch_test] [info] 1_B20260916_123536_0003 第 45 轮执行工具 query_tickets
2026-09-16 12:49:34 [batch_test] [info] 1_B20260916_123536_0003 第 45 轮执行工具 query_tickets
2026-09-16 12:49:34 [batch_test] [info] 1_B20260916_123536_0003 第 46/100 轮对话：请求模型 glm-5.3-flash
2026-09-16 12:49:34 [batch_test] [info] 2_B20260916_123536_0005 第 10 轮执行工具 list_trains
2026-09-16 12:49:34 [batch_test] [info] 2_B20260916_123536_0005 第 11/100 轮对话：请求模型 glm-5.3-flash
2026-09-16 12:49:38 [batch_test] [info] 2_B20260916_123536_0005 第 11 轮执行工具 list_trains
2026-09-16 12:49:38 [batch_test] [info] 2_B20260916_123536_0005 第 12/100 轮对话：请求模型 glm-5.3-flash
2026-09-16 12:49:39 [batch_test] [info] 2_B20260916_123536_0004 第 15 轮执行工具 query_tickets
2026-09-16 12:49:39 [batch_test] [info] 2_B20260916_123536_0004 第 15 轮执行工具 query_tickets
2026-09-16 12:49:39 [batch_test] [info] 2_B20260916_123536_0004 第 15 轮执行工具 query_tickets
2026-09-16 12:49:39 [batch_test] [info] 2_B20260916_123536_0004 第 15 轮执行工具 query_tickets
2026-09-16 12:49:39 [batch_test] [info] 2_B20260916_123536_0004 第 15 轮执行工具 query_tickets
2026-09-16 12:49:39 [batch_test] [info] 2_B20260916_123536_0004 第 15 轮执行工具 query_tickets
2026-09-16 12:49:39 [batch_test] [info] 2_B20260916_123536_0004 第 15 轮执行工具 query_tickets
2026-09-16 12:49:39 [batch_test] [info] 2_B20260916_123536_0004 第 15 轮执行工具 query_tickets
2026-09-16 12:49:39 [batch_test] [info] 2_B20260916_123536_0004 第 15 轮执行工具 query_tickets
2026-09-16 12:49:39 [batch_test] [info] 2_B20260916_123536_0004 第 15 轮执行工具 query_tickets
2026-09-16 12:49:39 [batch_test] [info] 2_B20260916_123536_0004 第 15 轮执行工具 query_tickets
2026-09-16 12:49:39 [batch_test] [info] 2_B20260916_123536_0004 第 15 轮执行工具 query_tickets
2026-09-16 12:49:39 [batch_test] [info] 2_B20260916_123536_0004 第 15 轮执行工具 query_tickets
2026-09-16 12:49:39 [batch_test] [info] 2_B20260916_123536_0004 第 15 轮执行工具 query_tickets
2026-09-16 12:49:39 [batch_test] [info] 2_B20260916_123536_0004 第 15 轮执行工具 query_tickets
2026-09-16 12:49:39 [batch_test] [info] 2_B20260916_123536_0004 第 16/100 轮对话：请求模型 glm-5.3-flash
2026-09-16 12:49:40 [batch_test] [info] 2_B20260916_123536_0005 第 12 轮执行工具 list_trains
2026-09-16 12:49:40 [batch_test] [info] 2_B20260916_123536_0005 第 13/100 轮对话：请求模型 glm-5.3-flash
2026-09-16 12:49:44 [batch_test] [info] 2_B20260916_123536_0005 第 13 轮执行工具 list_trains
2026-09-16 12:49:44 [batch_test] [info] 2_B20260916_123536_0005 第 14/100 轮对话：请求模型 glm-5.3-flash
2026-09-16 12:49:46 [batch_test] [info] 2_B20260916_123536_0005 第 14 轮执行工具 list_trains
2026-09-16 12:49:46 [batch_test] [info] 2_B20260916_123536_0005 第 15/100 轮对话：请求模型 glm-5.3-flash
2026-09-16 12:49:52 [batch_test] [info] 2_B20260916_123536_0005 第 15 轮执行工具 list_trains
2026-09-16 12:49:52 [batch_test] [info] 2_B20260916_123536_0005 第 16/100 轮对话：请求模型 glm-5.3-flash
2026-09-16 12:49:56 [batch_test] [info] 2_B20260916_123536_0005 第 16 轮执行工具 list_trains
2026-09-16 12:49:56 [batch_test] [info] 2_B20260916_123536_0005 第 17/100 轮对话：请求模型 glm-5.3-flash
2026-09-16 12:50:00 [batch_test] [info] 2_B20260916_123536_0005 第 17 轮执行工具 list_trains
2026-09-16 12:50:00 [batch_test] [info] 2_B20260916_123536_0005 第 18/100 轮对话：请求模型 glm-5.3-flash
2026-09-16 12:50:04 [batch_test] [info] 1_B20260916_123536_0003 第 46 轮执行工具 query_tickets
2026-09-16 12:50:04 [batch_test] [info] 1_B20260916_123536_0003 第 46 轮执行工具 query_tickets
2026-09-16 12:50:04 [batch_test] [info] 1_B20260916_123536_0003 第 46 轮执行工具 query_tickets
2026-09-16 12:50:04 [batch_test] [info] 1_B20260916_123536_0003 第 46 轮执行工具 query_tickets
2026-09-16 12:50:04 [batch_test] [info] 1_B20260916_123536_0003 第 46 轮执行工具 query_tickets
2026-09-16 12:50:04 [batch_test] [info] 1_B20260916_123536_0003 第 46 轮执行工具 query_tickets
2026-09-16 12:50:04 [batch_test] [info] 1_B20260916_123536_0003 第 46 轮执行工具 query_tickets
2026-09-16 12:50:04 [batch_test] [info] 1_B20260916_123536_0003 第 46 轮执行工具 query_tickets
2026-09-16 12:50:04 [batch_test] [info] 1_B20260916_123536_0003 第 46 轮执行工具 query_tickets
2026-09-16 12:50:04 [batch_test] [info] 1_B20260916_123536_0003 第 46 轮执行工具 query_tickets
2026-09-16 12:50:04 [batch_test] [info] 1_B20260916_123536_0003 第 47/100 轮对话：请求模型 glm-5.3-flash
2026-09-16 12:50:04 [batch_test] [info] 2_B20260916_123536_0005 第 18 轮执行工具 list_trains
2026-09-16 12:50:04 [batch_test] [info] 2_B20260916_123536_0005 第 19/100 轮对话：请求模型 glm-5.3-flash
2026-09-16 12:50:07 [batch_test] [info] 2_B20260916_123536_0005 第 19 轮执行工具 list_trains
2026-09-16 12:50:07 [batch_test] [info] 2_B20260916_123536_0005 第 20/100 轮对话：请求模型 glm-5.3-flash
2026-09-16 12:50:11 [batch_test] [info] 2_B20260916_123536_0005 第 20 轮执行工具 list_trains
2026-09-16 12:50:11 [batch_test] [info] 2_B20260916_123536_0005 第 21/100 轮对话：请求模型 glm-5.3-flash
2026-09-16 12:50:15 [batch_test] [info] 2_B20260916_123536_0005 第 21 轮执行工具 list_trains
2026-09-16 12:50:15 [batch_test] [info] 2_B20260916_123536_0005 第 22/100 轮对话：请求模型 glm-5.3-flash
2026-09-16 12:50:21 [batch_test] [info] 2_B20260916_123536_0005 第 22 轮执行工具 list_trains
2026-09-16 12:50:21 [batch_test] [info] 2_B20260916_123536_0005 第 23/100 轮对话：请求模型 glm-5.3-flash
2026-09-16 12:50:25 [batch_test] [info] 2_B20260916_123536_0005 第 23 轮执行工具 list_trains
2026-09-16 12:50:25 [batch_test] [info] 2_B20260916_123536_0005 第 24/100 轮对话：请求模型 glm-5.3-flash
2026-09-16 12:50:26 [batch_test] [info] 2_B20260916_123536_0004 第 16 轮执行工具 query_tickets
2026-09-16 12:50:26 [batch_test] [info] 2_B20260916_123536_0004 第 16 轮执行工具 query_tickets
2026-09-16 12:50:26 [batch_test] [info] 2_B20260916_123536_0004 第 16 轮执行工具 query_tickets
2026-09-16 12:50:26 [batch_test] [info] 2_B20260916_123536_0004 第 16 轮执行工具 query_tickets
2026-09-16 12:50:26 [batch_test] [info] 2_B20260916_123536_0004 第 16 轮执行工具 query_tickets
2026-09-16 12:50:26 [batch_test] [info] 2_B20260916_123536_0004 第 16 轮执行工具 query_tickets
2026-09-16 12:50:26 [batch_test] [info] 2_B20260916_123536_0004 第 16 轮执行工具 query_tickets
2026-09-16 12:50:26 [batch_test] [info] 2_B20260916_123536_0004 第 16 轮执行工具 query_tickets
2026-09-16 12:50:26 [batch_test] [info] 2_B20260916_123536_0004 第 16 轮执行工具 query_tickets
2026-09-16 12:50:26 [batch_test] [info] 2_B20260916_123536_0004 第 16 轮执行工具 query_tickets
2026-09-16 12:50:26 [batch_test] [info] 2_B20260916_123536_0004 第 16 轮执行工具 query_tickets
2026-09-16 12:50:26 [batch_test] [info] 2_B20260916_123536_0004 第 17/100 轮对话：请求模型 glm-5.3-flash
2026-09-16 12:50:29 [batch_test] [info] 2_B20260916_123536_0005 第 24 轮执行工具 list_trains
2026-09-16 12:50:29 [batch_test] [info] 2_B20260916_123536_0005 第 25/100 轮对话：请求模型 glm-5.3-flash
2026-09-16 12:50:30 [batch_test] [info] 2_B20260916_123536_0005 第 25 轮执行工具 list_trains
2026-09-16 12:50:30 [batch_test] [info] 2_B20260916_123536_0005 第 26/100 轮对话：请求模型 glm-5.3-flash
2026-09-16 12:50:33 [batch_test] [info] 1_B20260916_123536_0003 第 47 轮执行工具 query_tickets
2026-09-16 12:50:33 [batch_test] [info] 1_B20260916_123536_0003 第 47 轮执行工具 query_tickets
2026-09-16 12:50:33 [batch_test] [info] 1_B20260916_123536_0003 第 47 轮执行工具 query_tickets
2026-09-16 12:50:33 [batch_test] [info] 1_B20260916_123536_0003 第 47 轮执行工具 query_tickets
2026-09-16 12:50:33 [batch_test] [info] 1_B20260916_123536_0003 第 47 轮执行工具 query_tickets
2026-09-16 12:50:33 [batch_test] [info] 1_B20260916_123536_0003 第 47 轮执行工具 query_tickets
2026-09-16 12:50:33 [batch_test] [info] 1_B20260916_123536_0003 第 47 轮执行工具 query_tickets
2026-09-16 12:50:33 [batch_test] [info] 1_B20260916_123536_0003 第 48/100 轮对话：请求模型 glm-5.3-flash
2026-09-16 12:50:35 [batch_test] [info] 2_B20260916_123536_0005 第 26 轮执行工具 list_trains
2026-09-16 12:50:35 [batch_test] [info] 2_B20260916_123536_0005 第 27/100 轮对话：请求模型 glm-5.3-flash
2026-09-16 12:50:46 [batch_test] [info] 2_B20260916_123536_0004 第 17 轮执行工具 query_tickets
2026-09-16 12:50:46 [batch_test] [info] 2_B20260916_123536_0004 第 17 轮执行工具 query_train_detail
2026-09-16 12:50:46 [batch_test] [info] 2_B20260916_123536_0004 第 18/100 轮对话：请求模型 glm-5.3-flash
2026-09-16 12:51:20 [batch_test] [info] 2_B20260916_123536_0004 第 18 轮执行工具 query_tickets
2026-09-16 12:51:20 [batch_test] [info] 2_B20260916_123536_0004 第 18 轮执行工具 query_tickets
2026-09-16 12:51:20 [batch_test] [info] 2_B20260916_123536_0004 第 18 轮执行工具 query_tickets
2026-09-16 12:51:20 [batch_test] [info] 2_B20260916_123536_0004 第 18 轮执行工具 query_tickets
2026-09-16 12:51:20 [batch_test] [info] 2_B20260916_123536_0004 第 19/100 轮对话：请求模型 glm-5.3-flash
2026-09-16 12:51:29 [batch_test] [info] 2_B20260916_123536_0005 第 27 轮执行工具 list_stations
2026-09-16 12:51:29 [batch_test] [info] 2_B20260916_123536_0005 第 27 轮执行工具 list_stations
2026-09-16 12:51:29 [batch_test] [info] 2_B20260916_123536_0005 第 27 轮执行工具 list_stations
2026-09-16 12:51:29 [batch_test] [info] 2_B20260916_123536_0005 第 27 轮执行工具 list_stations
2026-09-16 12:51:29 [batch_test] [info] 2_B20260916_123536_0005 第 28/100 轮对话：请求模型 glm-5.3-flash
2026-09-16 12:51:43 [batch_test] [success] 1_B20260916_123536_0003 测试完成（plan_status=empty_plan，模型调用 48 次，工具调用 211 次，耗时 894.0s）→ 20260916_125143_095913_glm-5.3-flash_1_B20260916_123536_0003.json
2026-09-16 12:51:48 [batch_test] [info] 2_B20260916_123536_0005 第 28 轮执行工具 query_trains_between_stations
2026-09-16 12:51:48 [batch_test] [info] 2_B20260916_123536_0005 第 28 轮执行工具 query_trains_between_stations
2026-09-16 12:51:48 [batch_test] [info] 2_B20260916_123536_0005 第 28 轮执行工具 query_trains_between_stations
2026-09-16 12:51:48 [batch_test] [info] 2_B20260916_123536_0005 第 28 轮执行工具 query_trains_between_stations
2026-09-16 12:51:48 [batch_test] [info] 2_B20260916_123536_0005 第 28 轮执行工具 query_trains_between_stations
2026-09-16 12:51:48 [batch_test] [info] 2_B20260916_123536_0005 第 28 轮执行工具 query_trains_between_stations
2026-09-16 12:51:48 [batch_test] [info] 2_B20260916_123536_0005 第 28 轮执行工具 query_trains_between_stations
2026-09-16 12:51:48 [batch_test] [info] 2_B20260916_123536_0005 第 28 轮执行工具 query_trains_between_stations
2026-09-16 12:51:48 [batch_test] [info] 2_B20260916_123536_0005 第 29/100 轮对话：请求模型 glm-5.3-flash
2026-09-16 12:52:08 [batch_test] [info] 2_B20260916_123536_0004 第 19 轮执行工具 query_tickets
2026-09-16 12:52:08 [batch_test] [info] 2_B20260916_123536_0004 第 19 轮执行工具 query_train_detail
2026-09-16 12:52:08 [batch_test] [info] 2_B20260916_123536_0004 第 19 轮执行工具 query_tickets
2026-09-16 12:52:08 [batch_test] [info] 2_B20260916_123536_0004 第 19 轮执行工具 query_train_detail
2026-09-16 12:52:08 [batch_test] [info] 2_B20260916_123536_0004 第 19 轮执行工具 query_tickets
2026-09-16 12:52:08 [batch_test] [info] 2_B20260916_123536_0004 第 19 轮执行工具 query_train_detail
2026-09-16 12:52:08 [batch_test] [info] 2_B20260916_123536_0004 第 19 轮执行工具 query_tickets
2026-09-16 12:52:08 [batch_test] [info] 2_B20260916_123536_0004 第 19 轮执行工具 query_tickets
2026-09-16 12:52:08 [batch_test] [info] 2_B20260916_123536_0004 第 19 轮执行工具 query_tickets
2026-09-16 12:52:08 [batch_test] [info] 2_B20260916_123536_0004 第 19 轮执行工具 query_tickets
2026-09-16 12:52:08 [batch_test] [info] 2_B20260916_123536_0004 第 19 轮执行工具 query_tickets
2026-09-16 12:52:08 [batch_test] [info] 2_B20260916_123536_0004 第 20/100 轮对话：请求模型 glm-5.3-flash
2026-09-16 12:52:43 [batch_test] [info] 2_B20260916_123536_0005 第 29 轮执行工具 query_tickets
2026-09-16 12:52:43 [batch_test] [info] 2_B20260916_123536_0005 第 29 轮执行工具 query_tickets
2026-09-16 12:52:43 [batch_test] [info] 2_B20260916_123536_0005 第 29 轮执行工具 query_tickets
2026-09-16 12:52:43 [batch_test] [info] 2_B20260916_123536_0005 第 29 轮执行工具 query_tickets
2026-09-16 12:52:43 [batch_test] [info] 2_B20260916_123536_0005 第 29 轮执行工具 query_tickets
2026-09-16 12:52:43 [batch_test] [info] 2_B20260916_123536_0005 第 29 轮执行工具 query_tickets
2026-09-16 12:52:43 [batch_test] [info] 2_B20260916_123536_0005 第 30/100 轮对话：请求模型 glm-5.3-flash
2026-09-16 12:53:03 [batch_test] [info] 2_B20260916_123536_0004 第 20 轮执行工具 query_tickets
2026-09-16 12:53:03 [batch_test] [info] 2_B20260916_123536_0004 第 20 轮执行工具 query_tickets
2026-09-16 12:53:03 [batch_test] [info] 2_B20260916_123536_0004 第 20 轮执行工具 query_tickets
2026-09-16 12:53:03 [batch_test] [info] 2_B20260916_123536_0004 第 20 轮执行工具 query_tickets
2026-09-16 12:53:03 [batch_test] [info] 2_B20260916_123536_0004 第 20 轮执行工具 query_tickets
2026-09-16 12:53:03 [batch_test] [info] 2_B20260916_123536_0004 第 20 轮执行工具 query_tickets
2026-09-16 12:53:03 [batch_test] [info] 2_B20260916_123536_0004 第 20 轮执行工具 query_tickets
2026-09-16 12:53:03 [batch_test] [info] 2_B20260916_123536_0004 第 20 轮执行工具 query_tickets
2026-09-16 12:53:03 [batch_test] [info] 2_B20260916_123536_0004 第 20 轮执行工具 query_tickets
2026-09-16 12:53:03 [batch_test] [info] 2_B20260916_123536_0004 第 20 轮执行工具 query_tickets
2026-09-16 12:53:03 [batch_test] [info] 2_B20260916_123536_0004 第 20 轮执行工具 query_tickets
2026-09-16 12:53:03 [batch_test] [info] 2_B20260916_123536_0004 第 20 轮执行工具 query_tickets
2026-09-16 12:53:03 [batch_test] [info] 2_B20260916_123536_0004 第 20 轮执行工具 query_tickets
2026-09-16 12:53:03 [batch_test] [info] 2_B20260916_123536_0004 第 20 轮执行工具 query_tickets
2026-09-16 12:53:03 [batch_test] [info] 2_B20260916_123536_0004 第 20 轮执行工具 query_tickets
2026-09-16 12:53:03 [batch_test] [info] 2_B20260916_123536_0004 第 20 轮执行工具 query_tickets
2026-09-16 12:53:03 [batch_test] [info] 2_B20260916_123536_0004 第 20 轮执行工具 query_tickets
2026-09-16 12:53:03 [batch_test] [info] 2_B20260916_123536_0004 第 20 轮执行工具 query_tickets
2026-09-16 12:53:03 [batch_test] [info] 2_B20260916_123536_0004 第 20 轮执行工具 query_tickets
2026-09-16 12:53:03 [batch_test] [info] 2_B20260916_123536_0004 第 20 轮执行工具 query_tickets
2026-09-16 12:53:03 [batch_test] [info] 2_B20260916_123536_0004 第 21/100 轮对话：请求模型 glm-5.3-flash
2026-09-16 12:53:03 [batch_test] [info] 2_B20260916_123536_0005 第 30 轮执行工具 query_tickets
2026-09-16 12:53:03 [batch_test] [info] 2_B20260916_123536_0005 第 30 轮执行工具 query_tickets
2026-09-16 12:53:03 [batch_test] [info] 2_B20260916_123536_0005 第 30 轮执行工具 query_tickets
2026-09-16 12:53:03 [batch_test] [info] 2_B20260916_123536_0005 第 30 轮执行工具 query_tickets
2026-09-16 12:53:03 [batch_test] [info] 2_B20260916_123536_0005 第 30 轮执行工具 query_tickets
2026-09-16 12:53:03 [batch_test] [info] 2_B20260916_123536_0005 第 30 轮执行工具 query_tickets
2026-09-16 12:53:03 [batch_test] [info] 2_B20260916_123536_0005 第 31/100 轮对话：请求模型 glm-5.3-flash
2026-09-16 12:53:52 [batch_test] [info] 2_B20260916_123536_0004 第 21 轮执行工具 query_tickets
2026-09-16 12:53:52 [batch_test] [info] 2_B20260916_123536_0004 第 21 轮执行工具 query_tickets
2026-09-16 12:53:52 [batch_test] [info] 2_B20260916_123536_0004 第 21 轮执行工具 query_tickets
2026-09-16 12:53:52 [batch_test] [info] 2_B20260916_123536_0004 第 21 轮执行工具 query_tickets
2026-09-16 12:53:52 [batch_test] [info] 2_B20260916_123536_0004 第 21 轮执行工具 query_tickets
2026-09-16 12:53:52 [batch_test] [info] 2_B20260916_123536_0004 第 21 轮执行工具 query_tickets
2026-09-16 12:53:52 [batch_test] [info] 2_B20260916_123536_0004 第 21 轮执行工具 query_tickets
2026-09-16 12:53:52 [batch_test] [info] 2_B20260916_123536_0004 第 21 轮执行工具 query_tickets
2026-09-16 12:53:52 [batch_test] [info] 2_B20260916_123536_0004 第 21 轮执行工具 query_tickets
2026-09-16 12:53:52 [batch_test] [info] 2_B20260916_123536_0004 第 21 轮执行工具 query_tickets
2026-09-16 12:53:52 [batch_test] [info] 2_B20260916_123536_0004 第 21 轮执行工具 query_tickets
2026-09-16 12:53:52 [batch_test] [info] 2_B20260916_123536_0004 第 21 轮执行工具 query_tickets
2026-09-16 12:53:52 [batch_test] [info] 2_B20260916_123536_0004 第 21 轮执行工具 query_tickets
2026-09-16 12:53:52 [batch_test] [info] 2_B20260916_123536_0004 第 21 轮执行工具 query_tickets
2026-09-16 12:53:52 [batch_test] [info] 2_B20260916_123536_0004 第 21 轮执行工具 query_tickets
2026-09-16 12:53:52 [batch_test] [info] 2_B20260916_123536_0004 第 22/100 轮对话：请求模型 glm-5.3-flash
2026-09-16 12:54:08 [batch_test] [info] 2_B20260916_123536_0005 第 31 轮执行工具 query_train_detail
2026-09-16 12:54:08 [batch_test] [info] 2_B20260916_123536_0005 第 31 轮执行工具 query_train_detail
2026-09-16 12:54:08 [batch_test] [info] 2_B20260916_123536_0005 第 31 轮执行工具 query_tickets
2026-09-16 12:54:08 [batch_test] [info] 2_B20260916_123536_0005 第 31 轮执行工具 query_tickets
2026-09-16 12:54:08 [batch_test] [info] 2_B20260916_123536_0005 第 31 轮执行工具 query_tickets
2026-09-16 12:54:08 [batch_test] [info] 2_B20260916_123536_0005 第 31 轮执行工具 query_tickets
2026-09-16 12:54:08 [batch_test] [info] 2_B20260916_123536_0005 第 31 轮执行工具 query_tickets
2026-09-16 12:54:08 [batch_test] [info] 2_B20260916_123536_0005 第 31 轮执行工具 query_tickets
2026-09-16 12:54:08 [batch_test] [info] 2_B20260916_123536_0005 第 32/100 轮对话：请求模型 glm-5.3-flash
2026-09-16 12:54:25 [batch_test] [info] 2_B20260916_123536_0004 第 22 轮执行工具 query_tickets
2026-09-16 12:54:25 [batch_test] [info] 2_B20260916_123536_0004 第 22 轮执行工具 query_tickets
2026-09-16 12:54:25 [batch_test] [info] 2_B20260916_123536_0004 第 22 轮执行工具 query_tickets
2026-09-16 12:54:25 [batch_test] [info] 2_B20260916_123536_0004 第 22 轮执行工具 query_tickets
2026-09-16 12:54:25 [batch_test] [info] 2_B20260916_123536_0004 第 22 轮执行工具 query_tickets
2026-09-16 12:54:25 [batch_test] [info] 2_B20260916_123536_0004 第 23/100 轮对话：请求模型 glm-5.3-flash
2026-09-16 12:55:10 [batch_test] [info] 2_B20260916_123536_0004 第 23 轮执行工具 query_ticket_price
2026-09-16 12:55:10 [batch_test] [info] 2_B20260916_123536_0004 第 23 轮执行工具 query_ticket_price
2026-09-16 12:55:10 [batch_test] [info] 2_B20260916_123536_0004 第 23 轮执行工具 query_ticket_price
2026-09-16 12:55:10 [batch_test] [info] 2_B20260916_123536_0004 第 23 轮执行工具 query_ticket_price
2026-09-16 12:55:10 [batch_test] [info] 2_B20260916_123536_0004 第 24/100 轮对话：请求模型 glm-5.3-flash
2026-09-16 12:55:50 [batch_test] [info] 2_B20260916_123536_0005 第 32 轮执行工具 query_trains_between_stations
2026-09-16 12:55:50 [batch_test] [info] 2_B20260916_123536_0005 第 32 轮执行工具 query_tickets
2026-09-16 12:55:50 [batch_test] [info] 2_B20260916_123536_0005 第 32 轮执行工具 query_tickets
2026-09-16 12:55:50 [batch_test] [info] 2_B20260916_123536_0005 第 32 轮执行工具 query_tickets
2026-09-16 12:55:50 [batch_test] [info] 2_B20260916_123536_0005 第 32 轮执行工具 query_tickets
2026-09-16 12:55:50 [batch_test] [info] 2_B20260916_123536_0005 第 32 轮执行工具 query_tickets
2026-09-16 12:55:50 [batch_test] [info] 2_B20260916_123536_0005 第 33/100 轮对话：请求模型 glm-5.3-flash
2026-09-16 12:56:37 [batch_test] [info] 2_B20260916_123536_0004 第 24 轮执行工具 query_ticket_price
2026-09-16 12:56:37 [batch_test] [info] 2_B20260916_123536_0004 第 24 轮执行工具 query_ticket_price
2026-09-16 12:56:37 [batch_test] [info] 2_B20260916_123536_0004 第 24 轮执行工具 query_ticket_price
2026-09-16 12:56:37 [batch_test] [info] 2_B20260916_123536_0004 第 25/100 轮对话：请求模型 glm-5.3-flash
2026-09-16 12:56:41 [batch_test] [info] 2_B20260916_123536_0005 第 33 轮执行工具 query_tickets
2026-09-16 12:56:41 [batch_test] [info] 2_B20260916_123536_0005 第 33 轮执行工具 query_tickets
2026-09-16 12:56:41 [batch_test] [info] 2_B20260916_123536_0005 第 33 轮执行工具 query_tickets
2026-09-16 12:56:41 [batch_test] [info] 2_B20260916_123536_0005 第 33 轮执行工具 query_tickets
2026-09-16 12:56:41 [batch_test] [info] 2_B20260916_123536_0005 第 33 轮执行工具 query_tickets
2026-09-16 12:56:41 [batch_test] [info] 2_B20260916_123536_0005 第 33 轮执行工具 query_tickets
2026-09-16 12:56:41 [batch_test] [info] 2_B20260916_123536_0005 第 33 轮执行工具 query_tickets
2026-09-16 12:56:41 [batch_test] [info] 2_B20260916_123536_0005 第 33 轮执行工具 query_tickets
2026-09-16 12:56:41 [batch_test] [info] 2_B20260916_123536_0005 第 33 轮执行工具 query_tickets
2026-09-16 12:56:41 [batch_test] [info] 2_B20260916_123536_0005 第 33 轮执行工具 query_tickets
2026-09-16 12:56:41 [batch_test] [info] 2_B20260916_123536_0005 第 33 轮执行工具 query_trains_between_stations
2026-09-16 12:56:41 [batch_test] [info] 2_B20260916_123536_0005 第 33 轮执行工具 query_trains_between_stations
2026-09-16 12:56:41 [batch_test] [info] 2_B20260916_123536_0005 第 34/100 轮对话：请求模型 glm-5.3-flash
2026-09-16 12:57:37 [batch_test] [info] 2_B20260916_123536_0005 第 34 轮执行工具 query_train_detail
2026-09-16 12:57:37 [batch_test] [info] 2_B20260916_123536_0005 第 34 轮执行工具 query_train_detail
2026-09-16 12:57:37 [batch_test] [info] 2_B20260916_123536_0005 第 34 轮执行工具 list_stations
2026-09-16 12:57:37 [batch_test] [info] 2_B20260916_123536_0005 第 34 轮执行工具 query_tickets
2026-09-16 12:57:37 [batch_test] [info] 2_B20260916_123536_0005 第 34 轮执行工具 query_tickets
2026-09-16 12:57:37 [batch_test] [info] 2_B20260916_123536_0005 第 34 轮执行工具 query_tickets
2026-09-16 12:57:37 [batch_test] [info] 2_B20260916_123536_0005 第 34 轮执行工具 query_tickets
2026-09-16 12:57:37 [batch_test] [info] 2_B20260916_123536_0005 第 35/100 轮对话：请求模型 glm-5.3-flash
2026-09-16 12:58:05 [batch_test] [success] 2_B20260916_123536_0004 测试完成（plan_status=has_solution，模型调用 25 次，工具调用 159 次，耗时 840.9s）→ 20260916_125805_275027_glm-5.3-flash_2_B20260916_123536_0004.json
2026-09-16 12:59:17 [batch_test] [info] 2_B20260916_123536_0005 第 35 轮执行工具 query_tickets
2026-09-16 12:59:17 [batch_test] [info] 2_B20260916_123536_0005 第 35 轮执行工具 query_train_detail
2026-09-16 12:59:17 [batch_test] [info] 2_B20260916_123536_0005 第 35 轮执行工具 query_ticket_price
2026-09-16 12:59:17 [batch_test] [info] 2_B20260916_123536_0005 第 35 轮执行工具 query_ticket_price
2026-09-16 12:59:17 [batch_test] [info] 2_B20260916_123536_0005 第 36/100 轮对话：请求模型 glm-5.3-flash
2026-09-16 12:59:58 [batch_test] [success] 2_B20260916_123536_0005 测试完成（plan_status=has_solution，模型调用 36 次，工具调用 90 次，耗时 693.6s）→ 20260916_125958_723065_glm-5.3-flash_2_B20260916_123536_0005.json
2026-09-16 12:59:58 [batch_test] [success] 批量测试完成：成功 5 / 失败 0（共 5 题）
2026-09-16 12:59:58 [batch_eval] [info] 批量测评开始：共 5 条测试记录
2026-09-16 12:59:58 [batch_eval] [info] （1/5）开始核查 20260916_124404_139543_glm-5.3-flash_1_B20260916_123536_0001.json
2026-09-16 12:59:58 [batch_eval] [success] 20260916_124404_139543_glm-5.3-flash_1_B20260916_123536_0001.json → 1_B20260916_123536_0001 核查完成：verdict=hallucination，结果已保存 20260916_125958_853298_glm-5.3-flash_1_B20260916_123536_0001.json
2026-09-16 12:59:58 [batch_eval] [info] （2/5）开始核查 20260916_124824_909418_glm-5.3-flash_1_B20260916_123536_0002.json
2026-09-16 12:59:58 [batch_eval] [success] 20260916_124824_909418_glm-5.3-flash_1_B20260916_123536_0002.json → 1_B20260916_123536_0002 核查完成：verdict=no_plan，结果已保存 20260916_125958_857215_glm-5.3-flash_1_B20260916_123536_0002.json
2026-09-16 12:59:58 [batch_eval] [info] （3/5）开始核查 20260916_125143_095913_glm-5.3-flash_1_B20260916_123536_0003.json
2026-09-16 12:59:58 [batch_eval] [success] 20260916_125143_095913_glm-5.3-flash_1_B20260916_123536_0003.json → 1_B20260916_123536_0003 核查完成：verdict=no_plan，结果已保存 20260916_125958_864114_glm-5.3-flash_1_B20260916_123536_0003.json
2026-09-16 12:59:58 [batch_eval] [info] （4/5）开始核查 20260916_125805_275027_glm-5.3-flash_2_B20260916_123536_0004.json
2026-09-16 12:59:58 [batch_eval] [success] 20260916_125805_275027_glm-5.3-flash_2_B20260916_123536_0004.json → 2_B20260916_123536_0004 核查完成：verdict=hallucination，结果已保存 20260916_125958_874743_glm-5.3-flash_2_B20260916_123536_0004.json
2026-09-16 12:59:58 [batch_eval] [info] （5/5）开始核查 20260916_125958_723065_glm-5.3-flash_2_B20260916_123536_0005.json
2026-09-16 12:59:58 [batch_eval] [success] 20260916_125958_723065_glm-5.3-flash_2_B20260916_123536_0005.json → 2_B20260916_123536_0005 核查完成：verdict=pass，结果已保存 20260916_125958_885135_glm-5.3-flash_2_B20260916_123536_0005.json
2026-09-16 12:59:58 [batch_eval] [success] 批量测评完成：成功 5 / 失败 0，verdict 分布 {'hallucination': 2, 'no_plan': 2, 'pass': 1}
2026-09-16 22:32:25 [batch_generate] [info] 批量出题开始：共 5 题（存在性 3 + 选择性 2），每题重试上限 40，干扰密度 2.0%，随机票密度 2.0%
2026-09-16 22:32:25 [batch_generate] [success] [0001] 1_ 存在性（干扰）单策略/买短补长 → 1_B20260916_223225_0001（尝试 1 次）
2026-09-16 22:32:25 [batch_generate] [success] [0002] 0_ 存在性（无干扰）单策略/额外购买（后） → 0_B20260916_223225_0002（尝试 1 次）
2026-09-16 22:32:26 [batch_generate] [success] [0003] 1_ 存在性（干扰）三策略/额外购买（前）+额外购买（后） → 1_B20260916_223225_0003（尝试 1 次）
2026-09-16 22:32:26 [batch_generate] [success] [0007] 2_ 选择性 综合考虑(随意) → 2_B20260916_223225_0007（尝试 4 次）
2026-09-16 22:32:27 [batch_generate] [success] [0008] 2_ 选择性 最早到达(不允许换乘) → 2_B20260916_223225_0008（尝试 1 次）
2026-09-16 22:32:27 [batch_generate] [success] 出题完成：成功 5 / 失败 0（共 5 题）
2026-09-16 22:32:27 [batch_nl] [info] 批量自然语言化开始：共 5 题（模型 glm-5.3-flash，温度 1.4，并发 2）
2026-09-16 22:32:27 [batch_nl] [info] （2/5）开始生成 0_B20260916_223225_0002 的自然语言
2026-09-16 22:32:27 [batch_nl] [info] （1/5）开始生成 1_B20260916_223225_0001 的自然语言
2026-09-16 22:32:44 [batch_nl] [success] 0_B20260916_223225_0002 自然语言生成成功并已写回 metadata
2026-09-16 22:32:44 [batch_nl] [info] （3/5）开始生成 1_B20260916_223225_0003 的自然语言
2026-09-16 22:32:52 [batch_nl] [success] 1_B20260916_223225_0001 自然语言生成成功并已写回 metadata
2026-09-16 22:32:52 [batch_nl] [info] （4/5）开始生成 2_B20260916_223225_0007 的自然语言
2026-09-16 22:32:59 [batch_nl] [success] 1_B20260916_223225_0003 自然语言生成成功并已写回 metadata
2026-09-16 22:32:59 [batch_nl] [info] （5/5）开始生成 2_B20260916_223225_0008 的自然语言
2026-09-16 22:33:18 [batch_nl] [success] 2_B20260916_223225_0007 自然语言生成成功并已写回 metadata
2026-09-16 22:33:31 [batch_nl] [success] 2_B20260916_223225_0008 自然语言生成成功并已写回 metadata
2026-09-16 22:33:31 [batch_nl] [success] 批量自然语言化完成：成功 5 / 失败 0 / 跳过 0（共 5 题，并发 2）
2026-09-16 22:33:31 [batch_test] [info] 批量测试开始：模型 glm-5.3-flash，共 5 题，最大对话轮数 100，并发数 3
2026-09-16 22:33:31 [batch_test] [info] （1/5）开始测试 1_B20260916_223225_0001
2026-09-16 22:33:31 [batch_test] [info] （2/5）开始测试 0_B20260916_223225_0002
2026-09-16 22:33:31 [batch_test] [info] （3/5）开始测试 1_B20260916_223225_0003
2026-09-16 22:33:31 [batch_test] [info] 1_B20260916_223225_0003 第 1/100 轮对话：请求模型 glm-5.3-flash
2026-09-16 22:33:31 [batch_test] [info] 0_B20260916_223225_0002 第 1/100 轮对话：请求模型 glm-5.3-flash
2026-09-16 22:33:31 [batch_test] [info] 1_B20260916_223225_0001 第 1/100 轮对话：请求模型 glm-5.3-flash
2026-09-16 22:33:38 [batch_test] [info] 0_B20260916_223225_0002 第 1 轮执行工具 list_stations
2026-09-16 22:33:38 [batch_test] [info] 0_B20260916_223225_0002 第 1 轮执行工具 list_stations
2026-09-16 22:33:38 [batch_test] [info] 0_B20260916_223225_0002 第 2/100 轮对话：请求模型 glm-5.3-flash
2026-09-16 22:33:39 [batch_test] [info] 1_B20260916_223225_0003 第 1 轮执行工具 list_stations
2026-09-16 22:33:39 [batch_test] [info] 1_B20260916_223225_0003 第 1 轮执行工具 list_stations
2026-09-16 22:33:39 [batch_test] [info] 1_B20260916_223225_0003 第 2/100 轮对话：请求模型 glm-5.3-flash
2026-09-16 22:33:40 [batch_test] [info] 1_B20260916_223225_0001 第 1 轮执行工具 list_stations
2026-09-16 22:33:40 [batch_test] [info] 1_B20260916_223225_0001 第 1 轮执行工具 list_stations
2026-09-16 22:33:40 [batch_test] [info] 1_B20260916_223225_0001 第 2/100 轮对话：请求模型 glm-5.3-flash
2026-09-16 22:33:42 [batch_test] [info] 1_B20260916_223225_0001 第 2 轮执行工具 query_trains_between_stations
2026-09-16 22:33:42 [batch_test] [info] 1_B20260916_223225_0001 第 3/100 轮对话：请求模型 glm-5.3-flash
2026-09-16 22:33:43 [batch_test] [info] 0_B20260916_223225_0002 第 2 轮执行工具 query_trains_between_stations
2026-09-16 22:33:43 [batch_test] [info] 0_B20260916_223225_0002 第 3/100 轮对话：请求模型 glm-5.3-flash
2026-09-16 22:33:44 [batch_test] [info] 1_B20260916_223225_0003 第 2 轮执行工具 query_trains_between_stations
2026-09-16 22:33:44 [batch_test] [info] 1_B20260916_223225_0003 第 3/100 轮对话：请求模型 glm-5.3-flash
2026-09-16 22:33:49 [batch_test] [info] 1_B20260916_223225_0001 第 3 轮执行工具 query_tickets
2026-09-16 22:33:49 [batch_test] [info] 1_B20260916_223225_0001 第 3 轮执行工具 query_tickets
2026-09-16 22:33:49 [batch_test] [info] 1_B20260916_223225_0001 第 3 轮执行工具 query_ticket_price
2026-09-16 22:33:49 [batch_test] [info] 1_B20260916_223225_0001 第 3 轮执行工具 query_ticket_price
2026-09-16 22:33:49 [batch_test] [info] 1_B20260916_223225_0001 第 4/100 轮对话：请求模型 glm-5.3-flash
2026-09-16 22:33:51 [batch_test] [info] 1_B20260916_223225_0003 第 3 轮执行工具 query_trains_at_station
2026-09-16 22:33:51 [batch_test] [info] 1_B20260916_223225_0003 第 4/100 轮对话：请求模型 glm-5.3-flash
2026-09-16 22:33:53 [batch_test] [info] 0_B20260916_223225_0002 第 3 轮执行工具 query_tickets
2026-09-16 22:33:53 [batch_test] [info] 0_B20260916_223225_0002 第 3 轮执行工具 query_tickets
2026-09-16 22:33:53 [batch_test] [info] 0_B20260916_223225_0002 第 3 轮执行工具 query_tickets
2026-09-16 22:33:53 [batch_test] [info] 0_B20260916_223225_0002 第 3 轮执行工具 query_tickets
2026-09-16 22:33:53 [batch_test] [info] 0_B20260916_223225_0002 第 3 轮执行工具 query_tickets
2026-09-16 22:33:53 [batch_test] [info] 0_B20260916_223225_0002 第 3 轮执行工具 query_tickets
2026-09-16 22:33:53 [batch_test] [info] 0_B20260916_223225_0002 第 3 轮执行工具 query_tickets
2026-09-16 22:33:53 [batch_test] [info] 0_B20260916_223225_0002 第 3 轮执行工具 query_tickets
2026-09-16 22:33:53 [batch_test] [info] 0_B20260916_223225_0002 第 3 轮执行工具 query_tickets
2026-09-16 22:33:53 [batch_test] [info] 0_B20260916_223225_0002 第 3 轮执行工具 query_tickets
2026-09-16 22:33:53 [batch_test] [info] 0_B20260916_223225_0002 第 3 轮执行工具 query_tickets
2026-09-16 22:33:53 [batch_test] [info] 0_B20260916_223225_0002 第 3 轮执行工具 query_tickets
2026-09-16 22:33:53 [batch_test] [info] 0_B20260916_223225_0002 第 3 轮执行工具 query_tickets
2026-09-16 22:33:53 [batch_test] [info] 0_B20260916_223225_0002 第 3 轮执行工具 query_tickets
2026-09-16 22:33:53 [batch_test] [info] 0_B20260916_223225_0002 第 4/100 轮对话：请求模型 glm-5.3-flash
2026-09-16 22:33:56 [batch_test] [info] 1_B20260916_223225_0001 第 4 轮执行工具 query_train_detail
2026-09-16 22:33:56 [batch_test] [info] 1_B20260916_223225_0001 第 4 轮执行工具 query_train_detail
2026-09-16 22:33:56 [batch_test] [info] 1_B20260916_223225_0001 第 5/100 轮对话：请求模型 glm-5.3-flash
2026-09-16 22:33:58 [batch_test] [info] 1_B20260916_223225_0003 第 4 轮执行工具 list_trains
2026-09-16 22:33:58 [batch_test] [info] 1_B20260916_223225_0003 第 4 轮执行工具 list_trains
2026-09-16 22:33:58 [batch_test] [info] 1_B20260916_223225_0003 第 5/100 轮对话：请求模型 glm-5.3-flash
2026-09-16 22:34:05 [batch_test] [info] 1_B20260916_223225_0003 第 5 轮执行工具 query_trains_at_station
2026-09-16 22:34:05 [batch_test] [info] 1_B20260916_223225_0003 第 5 轮执行工具 query_trains_at_station
2026-09-16 22:34:05 [batch_test] [info] 1_B20260916_223225_0003 第 6/100 轮对话：请求模型 glm-5.3-flash
2026-09-16 22:34:06 [batch_test] [info] 0_B20260916_223225_0002 第 4 轮执行工具 query_train_detail
2026-09-16 22:34:06 [batch_test] [info] 0_B20260916_223225_0002 第 4 轮执行工具 query_train_detail
2026-09-16 22:34:06 [batch_test] [info] 0_B20260916_223225_0002 第 4 轮执行工具 query_train_detail
2026-09-16 22:34:06 [batch_test] [info] 0_B20260916_223225_0002 第 4 轮执行工具 query_train_detail
2026-09-16 22:34:06 [batch_test] [info] 0_B20260916_223225_0002 第 4 轮执行工具 query_train_detail
2026-09-16 22:34:06 [batch_test] [info] 0_B20260916_223225_0002 第 4 轮执行工具 query_train_detail
2026-09-16 22:34:06 [batch_test] [info] 0_B20260916_223225_0002 第 4 轮执行工具 query_train_detail
2026-09-16 22:34:06 [batch_test] [info] 0_B20260916_223225_0002 第 4 轮执行工具 query_train_detail
2026-09-16 22:34:06 [batch_test] [info] 0_B20260916_223225_0002 第 4 轮执行工具 query_train_detail
2026-09-16 22:34:06 [batch_test] [info] 0_B20260916_223225_0002 第 4 轮执行工具 query_train_detail
2026-09-16 22:34:06 [batch_test] [info] 0_B20260916_223225_0002 第 4 轮执行工具 query_train_detail
2026-09-16 22:34:06 [batch_test] [info] 0_B20260916_223225_0002 第 4 轮执行工具 query_train_detail
2026-09-16 22:34:06 [batch_test] [info] 0_B20260916_223225_0002 第 4 轮执行工具 query_train_detail
2026-09-16 22:34:06 [batch_test] [info] 0_B20260916_223225_0002 第 4 轮执行工具 query_train_detail
2026-09-16 22:34:06 [batch_test] [info] 0_B20260916_223225_0002 第 5/100 轮对话：请求模型 glm-5.3-flash
2026-09-16 22:34:10 [batch_test] [info] 1_B20260916_223225_0001 第 5 轮执行工具 query_tickets
2026-09-16 22:34:10 [batch_test] [info] 1_B20260916_223225_0001 第 5 轮执行工具 query_tickets
2026-09-16 22:34:10 [batch_test] [info] 1_B20260916_223225_0001 第 6/100 轮对话：请求模型 glm-5.3-flash
2026-09-16 22:34:16 [batch_test] [info] 1_B20260916_223225_0001 第 6 轮执行工具 query_ticket_price
2026-09-16 22:34:16 [batch_test] [info] 1_B20260916_223225_0001 第 6 轮执行工具 query_train_detail
2026-09-16 22:34:16 [batch_test] [info] 1_B20260916_223225_0001 第 7/100 轮对话：请求模型 glm-5.3-flash
2026-09-16 22:34:20 [batch_test] [info] 0_B20260916_223225_0002 第 5 轮执行工具 query_tickets
2026-09-16 22:34:20 [batch_test] [info] 0_B20260916_223225_0002 第 5 轮执行工具 query_tickets
2026-09-16 22:34:20 [batch_test] [info] 0_B20260916_223225_0002 第 5 轮执行工具 query_tickets
2026-09-16 22:34:20 [batch_test] [info] 0_B20260916_223225_0002 第 5 轮执行工具 query_tickets
2026-09-16 22:34:20 [batch_test] [info] 0_B20260916_223225_0002 第 5 轮执行工具 query_tickets
2026-09-16 22:34:20 [batch_test] [info] 0_B20260916_223225_0002 第 5 轮执行工具 query_tickets
2026-09-16 22:34:20 [batch_test] [info] 0_B20260916_223225_0002 第 5 轮执行工具 query_tickets
2026-09-16 22:34:20 [batch_test] [info] 0_B20260916_223225_0002 第 5 轮执行工具 query_tickets
2026-09-16 22:34:20 [batch_test] [info] 0_B20260916_223225_0002 第 5 轮执行工具 query_tickets
2026-09-16 22:34:20 [batch_test] [info] 0_B20260916_223225_0002 第 5 轮执行工具 query_tickets
2026-09-16 22:34:20 [batch_test] [info] 0_B20260916_223225_0002 第 5 轮执行工具 query_tickets
2026-09-16 22:34:20 [batch_test] [info] 0_B20260916_223225_0002 第 5 轮执行工具 query_tickets
2026-09-16 22:34:20 [batch_test] [info] 0_B20260916_223225_0002 第 5 轮执行工具 query_tickets
2026-09-16 22:34:20 [batch_test] [info] 0_B20260916_223225_0002 第 5 轮执行工具 query_tickets
2026-09-16 22:34:20 [batch_test] [info] 0_B20260916_223225_0002 第 6/100 轮对话：请求模型 glm-5.3-flash
2026-09-16 22:34:27 [batch_test] [info] 1_B20260916_223225_0001 第 7 轮执行工具 query_trains_at_station
2026-09-16 22:34:27 [batch_test] [info] 1_B20260916_223225_0001 第 7 轮执行工具 query_trains_at_station
2026-09-16 22:34:27 [batch_test] [info] 1_B20260916_223225_0001 第 7 轮执行工具 query_trains_at_station
2026-09-16 22:34:27 [batch_test] [info] 1_B20260916_223225_0001 第 8/100 轮对话：请求模型 glm-5.3-flash
2026-09-16 22:34:30 [batch_test] [info] 1_B20260916_223225_0001 第 8 轮执行工具 query_trains_at_station
2026-09-16 22:34:30 [batch_test] [info] 1_B20260916_223225_0001 第 9/100 轮对话：请求模型 glm-5.3-flash
2026-09-16 22:34:37 [batch_test] [info] 1_B20260916_223225_0003 第 6 轮执行工具 list_stations
2026-09-16 22:34:37 [batch_test] [info] 1_B20260916_223225_0003 第 6 轮执行工具 query_trains_between_stations
2026-09-16 22:34:37 [batch_test] [info] 1_B20260916_223225_0003 第 7/100 轮对话：请求模型 glm-5.3-flash
2026-09-16 22:34:48 [batch_test] [info] 1_B20260916_223225_0003 第 7 轮执行工具 list_stations
2026-09-16 22:34:48 [batch_test] [info] 1_B20260916_223225_0003 第 7 轮执行工具 list_stations
2026-09-16 22:34:48 [batch_test] [info] 1_B20260916_223225_0003 第 7 轮执行工具 query_trains_between_stations
2026-09-16 22:34:48 [batch_test] [info] 1_B20260916_223225_0003 第 8/100 轮对话：请求模型 glm-5.3-flash
2026-09-16 22:34:55 [batch_test] [info] 1_B20260916_223225_0001 第 9 轮执行工具 query_trains_between_stations
2026-09-16 22:34:55 [batch_test] [info] 1_B20260916_223225_0001 第 9 轮执行工具 query_trains_between_stations
2026-09-16 22:34:55 [batch_test] [info] 1_B20260916_223225_0001 第 9 轮执行工具 query_trains_between_stations
2026-09-16 22:34:55 [batch_test] [info] 1_B20260916_223225_0001 第 10/100 轮对话：请求模型 glm-5.3-flash
2026-09-16 22:34:56 [batch_test] [info] 1_B20260916_223225_0003 第 8 轮执行工具 query_trains_between_stations
2026-09-16 22:34:56 [batch_test] [info] 1_B20260916_223225_0003 第 8 轮执行工具 query_trains_between_stations
2026-09-16 22:34:56 [batch_test] [info] 1_B20260916_223225_0003 第 8 轮执行工具 query_trains_between_stations
2026-09-16 22:34:56 [batch_test] [info] 1_B20260916_223225_0003 第 8 轮执行工具 query_trains_between_stations
2026-09-16 22:34:56 [batch_test] [info] 1_B20260916_223225_0003 第 9/100 轮对话：请求模型 glm-5.3-flash
2026-09-16 22:34:57 [batch_test] [info] 0_B20260916_223225_0002 第 6 轮执行工具 query_ticket_price
2026-09-16 22:34:57 [batch_test] [info] 0_B20260916_223225_0002 第 6 轮执行工具 query_trains_between_stations
2026-09-16 22:34:57 [batch_test] [info] 0_B20260916_223225_0002 第 6 轮执行工具 query_trains_between_stations
2026-09-16 22:34:57 [batch_test] [info] 0_B20260916_223225_0002 第 6 轮执行工具 query_trains_between_stations
2026-09-16 22:34:57 [batch_test] [info] 0_B20260916_223225_0002 第 6 轮执行工具 query_trains_between_stations
2026-09-16 22:34:57 [batch_test] [info] 0_B20260916_223225_0002 第 7/100 轮对话：请求模型 glm-5.3-flash
2026-09-16 22:35:28 [batch_test] [info] 1_B20260916_223225_0003 第 9 轮执行工具 query_trains_between_stations
2026-09-16 22:35:28 [batch_test] [info] 1_B20260916_223225_0003 第 9 轮执行工具 query_trains_between_stations
2026-09-16 22:35:28 [batch_test] [info] 1_B20260916_223225_0003 第 10/100 轮对话：请求模型 glm-5.3-flash
2026-09-16 22:35:41 [batch_test] [info] 1_B20260916_223225_0001 第 10 轮执行工具 query_tickets
2026-09-16 22:35:41 [batch_test] [info] 1_B20260916_223225_0001 第 10 轮执行工具 query_tickets
2026-09-16 22:35:41 [batch_test] [info] 1_B20260916_223225_0001 第 10 轮执行工具 query_tickets
2026-09-16 22:35:41 [batch_test] [info] 1_B20260916_223225_0001 第 10 轮执行工具 query_tickets
2026-09-16 22:35:41 [batch_test] [info] 1_B20260916_223225_0001 第 10 轮执行工具 query_tickets
2026-09-16 22:35:41 [batch_test] [info] 1_B20260916_223225_0001 第 10 轮执行工具 query_tickets
2026-09-16 22:35:41 [batch_test] [info] 1_B20260916_223225_0001 第 10 轮执行工具 query_tickets
2026-09-16 22:35:41 [batch_test] [info] 1_B20260916_223225_0001 第 10 轮执行工具 query_tickets
2026-09-16 22:35:41 [batch_test] [info] 1_B20260916_223225_0001 第 11/100 轮对话：请求模型 glm-5.3-flash
2026-09-16 22:35:56 [batch_test] [info] 1_B20260916_223225_0003 第 10 轮执行工具 list_stations
2026-09-16 22:35:56 [batch_test] [info] 1_B20260916_223225_0003 第 10 轮执行工具 list_stations
2026-09-16 22:35:56 [batch_test] [info] 1_B20260916_223225_0003 第 11/100 轮对话：请求模型 glm-5.3-flash
2026-09-16 22:36:01 [batch_test] [info] 0_B20260916_223225_0002 第 7 轮执行工具 query_tickets
2026-09-16 22:36:01 [batch_test] [info] 0_B20260916_223225_0002 第 7 轮执行工具 query_tickets
2026-09-16 22:36:01 [batch_test] [info] 0_B20260916_223225_0002 第 7 轮执行工具 query_tickets
2026-09-16 22:36:01 [batch_test] [info] 0_B20260916_223225_0002 第 7 轮执行工具 query_tickets
2026-09-16 22:36:01 [batch_test] [info] 0_B20260916_223225_0002 第 7 轮执行工具 query_tickets
2026-09-16 22:36:01 [batch_test] [info] 0_B20260916_223225_0002 第 7 轮执行工具 query_tickets
2026-09-16 22:36:01 [batch_test] [info] 0_B20260916_223225_0002 第 7 轮执行工具 query_tickets
2026-09-16 22:36:01 [batch_test] [info] 0_B20260916_223225_0002 第 7 轮执行工具 query_tickets
2026-09-16 22:36:01 [batch_test] [info] 0_B20260916_223225_0002 第 7 轮执行工具 query_tickets
2026-09-16 22:36:01 [batch_test] [info] 0_B20260916_223225_0002 第 7 轮执行工具 query_tickets
2026-09-16 22:36:01 [batch_test] [info] 0_B20260916_223225_0002 第 7 轮执行工具 query_tickets
2026-09-16 22:36:01 [batch_test] [info] 0_B20260916_223225_0002 第 7 轮执行工具 query_tickets
2026-09-16 22:36:01 [batch_test] [info] 0_B20260916_223225_0002 第 7 轮执行工具 query_tickets
2026-09-16 22:36:01 [batch_test] [info] 0_B20260916_223225_0002 第 7 轮执行工具 query_tickets
2026-09-16 22:36:01 [batch_test] [info] 0_B20260916_223225_0002 第 7 轮执行工具 query_tickets
2026-09-16 22:36:01 [batch_test] [info] 0_B20260916_223225_0002 第 7 轮执行工具 query_tickets
2026-09-16 22:36:01 [batch_test] [info] 0_B20260916_223225_0002 第 7 轮执行工具 query_tickets
2026-09-16 22:36:01 [batch_test] [info] 0_B20260916_223225_0002 第 7 轮执行工具 query_tickets
2026-09-16 22:36:01 [batch_test] [info] 0_B20260916_223225_0002 第 7 轮执行工具 query_tickets
2026-09-16 22:36:01 [batch_test] [info] 0_B20260916_223225_0002 第 8/100 轮对话：请求模型 glm-5.3-flash
2026-09-16 22:36:02 [batch_test] [info] 1_B20260916_223225_0003 第 11 轮执行工具 query_trains_between_stations
2026-09-16 22:36:02 [batch_test] [info] 1_B20260916_223225_0003 第 11 轮执行工具 query_trains_between_stations
2026-09-16 22:36:02 [batch_test] [info] 1_B20260916_223225_0003 第 11 轮执行工具 query_trains_between_stations
2026-09-16 22:36:02 [batch_test] [info] 1_B20260916_223225_0003 第 11 轮执行工具 query_trains_between_stations
2026-09-16 22:36:02 [batch_test] [info] 1_B20260916_223225_0003 第 12/100 轮对话：请求模型 glm-5.3-flash
2026-09-16 22:36:26 [batch_test] [info] 1_B20260916_223225_0001 第 11 轮执行工具 query_tickets
2026-09-16 22:36:26 [batch_test] [info] 1_B20260916_223225_0001 第 11 轮执行工具 query_tickets
2026-09-16 22:36:26 [batch_test] [info] 1_B20260916_223225_0001 第 11 轮执行工具 query_tickets
2026-09-16 22:36:26 [batch_test] [info] 1_B20260916_223225_0001 第 11 轮执行工具 query_tickets
2026-09-16 22:36:26 [batch_test] [info] 1_B20260916_223225_0001 第 11 轮执行工具 query_tickets
2026-09-16 22:36:26 [batch_test] [info] 1_B20260916_223225_0001 第 11 轮执行工具 query_tickets
2026-09-16 22:36:26 [batch_test] [info] 1_B20260916_223225_0001 第 11 轮执行工具 query_tickets
2026-09-16 22:36:26 [batch_test] [info] 1_B20260916_223225_0001 第 11 轮执行工具 query_tickets
2026-09-16 22:36:26 [batch_test] [info] 1_B20260916_223225_0001 第 11 轮执行工具 query_tickets
2026-09-16 22:36:26 [batch_test] [info] 1_B20260916_223225_0001 第 11 轮执行工具 query_tickets
2026-09-16 22:36:26 [batch_test] [info] 1_B20260916_223225_0001 第 11 轮执行工具 query_tickets
2026-09-16 22:36:26 [batch_test] [info] 1_B20260916_223225_0001 第 11 轮执行工具 query_tickets
2026-09-16 22:36:26 [batch_test] [info] 1_B20260916_223225_0001 第 11 轮执行工具 query_tickets
2026-09-16 22:36:26 [batch_test] [info] 1_B20260916_223225_0001 第 11 轮执行工具 query_tickets
2026-09-16 22:36:26 [batch_test] [info] 1_B20260916_223225_0001 第 11 轮执行工具 query_tickets
2026-09-16 22:36:26 [batch_test] [info] 1_B20260916_223225_0001 第 12/100 轮对话：请求模型 glm-5.3-flash
2026-09-16 22:36:34 [batch_test] [info] 1_B20260916_223225_0003 第 12 轮执行工具 query_train_detail
2026-09-16 22:36:34 [batch_test] [info] 1_B20260916_223225_0003 第 12 轮执行工具 query_train_detail
2026-09-16 22:36:34 [batch_test] [info] 1_B20260916_223225_0003 第 13/100 轮对话：请求模型 glm-5.3-flash
2026-09-16 22:36:35 [batch_test] [success] 0_B20260916_223225_0002 测试完成（plan_status=has_solution，模型调用 8 次，工具调用 69 次，耗时 183.8s）→ 20260916_223635_728586_glm-5.3-flash_0_B20260916_223225_0002.json
2026-09-16 22:36:35 [batch_test] [info] （4/5）开始测试 2_B20260916_223225_0007
2026-09-16 22:36:35 [batch_test] [info] 2_B20260916_223225_0007 第 1/100 轮对话：请求模型 glm-5.3-flash
2026-09-16 22:36:42 [batch_test] [info] 2_B20260916_223225_0007 第 1 轮执行工具 list_stations
2026-09-16 22:36:42 [batch_test] [info] 2_B20260916_223225_0007 第 1 轮执行工具 list_stations
2026-09-16 22:36:42 [batch_test] [info] 2_B20260916_223225_0007 第 2/100 轮对话：请求模型 glm-5.3-flash
2026-09-16 22:36:47 [batch_test] [info] 2_B20260916_223225_0007 第 2 轮执行工具 query_trains_between_stations
2026-09-16 22:36:47 [batch_test] [info] 2_B20260916_223225_0007 第 3/100 轮对话：请求模型 glm-5.3-flash
2026-09-16 22:36:55 [batch_test] [info] 2_B20260916_223225_0007 第 3 轮执行工具 query_tickets
2026-09-16 22:36:55 [batch_test] [info] 2_B20260916_223225_0007 第 3 轮执行工具 query_ticket_price
2026-09-16 22:36:55 [batch_test] [info] 2_B20260916_223225_0007 第 4/100 轮对话：请求模型 glm-5.3-flash
2026-09-16 22:37:07 [batch_test] [info] 2_B20260916_223225_0007 第 4 轮执行工具 query_train_detail
2026-09-16 22:37:07 [batch_test] [info] 2_B20260916_223225_0007 第 4 轮执行工具 query_tickets
2026-09-16 22:37:07 [batch_test] [info] 2_B20260916_223225_0007 第 5/100 轮对话：请求模型 glm-5.3-flash
2026-09-16 22:37:13 [batch_test] [info] 2_B20260916_223225_0007 第 5 轮执行工具 query_tickets
2026-09-16 22:37:13 [batch_test] [info] 2_B20260916_223225_0007 第 6/100 轮对话：请求模型 glm-5.3-flash
2026-09-16 22:37:25 [batch_test] [info] 1_B20260916_223225_0003 第 13 轮执行工具 query_tickets
2026-09-16 22:37:25 [batch_test] [info] 1_B20260916_223225_0003 第 13 轮执行工具 query_tickets
2026-09-16 22:37:25 [batch_test] [info] 1_B20260916_223225_0003 第 13 轮执行工具 query_tickets
2026-09-16 22:37:25 [batch_test] [info] 1_B20260916_223225_0003 第 13 轮执行工具 query_tickets
2026-09-16 22:37:25 [batch_test] [info] 1_B20260916_223225_0003 第 13 轮执行工具 query_tickets
2026-09-16 22:37:25 [batch_test] [info] 1_B20260916_223225_0003 第 13 轮执行工具 query_tickets
2026-09-16 22:37:25 [batch_test] [info] 1_B20260916_223225_0003 第 14/100 轮对话：请求模型 glm-5.3-flash
2026-09-16 22:37:26 [batch_test] [info] 2_B20260916_223225_0007 第 6 轮执行工具 query_trains_at_station
2026-09-16 22:37:26 [batch_test] [info] 2_B20260916_223225_0007 第 6 轮执行工具 query_trains_between_stations
2026-09-16 22:37:26 [batch_test] [info] 2_B20260916_223225_0007 第 6 轮执行工具 query_trains_between_stations
2026-09-16 22:37:26 [batch_test] [info] 2_B20260916_223225_0007 第 7/100 轮对话：请求模型 glm-5.3-flash
2026-09-16 22:37:34 [batch_test] [info] 2_B20260916_223225_0007 第 7 轮执行工具 query_trains_at_station
2026-09-16 22:37:34 [batch_test] [info] 2_B20260916_223225_0007 第 7 轮执行工具 query_trains_between_stations
2026-09-16 22:37:34 [batch_test] [info] 2_B20260916_223225_0007 第 8/100 轮对话：请求模型 glm-5.3-flash
2026-09-16 22:37:37 [batch_test] [info] 1_B20260916_223225_0001 第 12 轮执行工具 query_trains_between_stations
2026-09-16 22:37:37 [batch_test] [info] 1_B20260916_223225_0001 第 12 轮执行工具 query_tickets
2026-09-16 22:37:37 [batch_test] [info] 1_B20260916_223225_0001 第 12 轮执行工具 query_tickets
2026-09-16 22:37:37 [batch_test] [info] 1_B20260916_223225_0001 第 12 轮执行工具 query_tickets
2026-09-16 22:37:37 [batch_test] [info] 1_B20260916_223225_0001 第 12 轮执行工具 query_tickets
2026-09-16 22:37:37 [batch_test] [info] 1_B20260916_223225_0001 第 12 轮执行工具 query_tickets
2026-09-16 22:37:37 [batch_test] [info] 1_B20260916_223225_0001 第 13/100 轮对话：请求模型 glm-5.3-flash
2026-09-16 22:37:41 [batch_test] [info] 2_B20260916_223225_0007 第 8 轮执行工具 query_trains_between_stations
2026-09-16 22:37:41 [batch_test] [info] 2_B20260916_223225_0007 第 8 轮执行工具 query_trains_between_stations
2026-09-16 22:37:41 [batch_test] [info] 2_B20260916_223225_0007 第 8 轮执行工具 query_trains_between_stations
2026-09-16 22:37:41 [batch_test] [info] 2_B20260916_223225_0007 第 9/100 轮对话：请求模型 glm-5.3-flash
2026-09-16 22:37:47 [batch_test] [info] 1_B20260916_223225_0001 第 13 轮执行工具 query_tickets
2026-09-16 22:37:47 [batch_test] [info] 1_B20260916_223225_0001 第 13 轮执行工具 query_tickets
2026-09-16 22:37:47 [batch_test] [info] 1_B20260916_223225_0001 第 13 轮执行工具 query_tickets
2026-09-16 22:37:47 [batch_test] [info] 1_B20260916_223225_0001 第 13 轮执行工具 query_tickets
2026-09-16 22:37:47 [batch_test] [info] 1_B20260916_223225_0001 第 13 轮执行工具 query_tickets
2026-09-16 22:37:47 [batch_test] [info] 1_B20260916_223225_0001 第 13 轮执行工具 query_tickets
2026-09-16 22:37:47 [batch_test] [info] 1_B20260916_223225_0001 第 13 轮执行工具 query_tickets
2026-09-16 22:37:47 [batch_test] [info] 1_B20260916_223225_0001 第 13 轮执行工具 query_tickets
2026-09-16 22:37:47 [batch_test] [info] 1_B20260916_223225_0001 第 14/100 轮对话：请求模型 glm-5.3-flash
2026-09-16 22:37:56 [batch_test] [info] 1_B20260916_223225_0003 第 14 轮执行工具 query_tickets
2026-09-16 22:37:56 [batch_test] [info] 1_B20260916_223225_0003 第 14 轮执行工具 query_tickets
2026-09-16 22:37:56 [batch_test] [info] 1_B20260916_223225_0003 第 14 轮执行工具 query_tickets
2026-09-16 22:37:56 [batch_test] [info] 1_B20260916_223225_0003 第 14 轮执行工具 query_trains_between_stations
2026-09-16 22:37:56 [batch_test] [info] 1_B20260916_223225_0003 第 14 轮执行工具 query_trains_between_stations
2026-09-16 22:37:56 [batch_test] [info] 1_B20260916_223225_0003 第 15/100 轮对话：请求模型 glm-5.3-flash
2026-09-16 22:38:10 [batch_test] [info] 2_B20260916_223225_0007 第 9 轮执行工具 query_tickets
2026-09-16 22:38:10 [batch_test] [info] 2_B20260916_223225_0007 第 9 轮执行工具 query_tickets
2026-09-16 22:38:10 [batch_test] [info] 2_B20260916_223225_0007 第 9 轮执行工具 query_tickets
2026-09-16 22:38:10 [batch_test] [info] 2_B20260916_223225_0007 第 10/100 轮对话：请求模型 glm-5.3-flash
2026-09-16 22:38:19 [batch_test] [info] 2_B20260916_223225_0007 第 10 轮执行工具 query_tickets
2026-09-16 22:38:19 [batch_test] [info] 2_B20260916_223225_0007 第 10 轮执行工具 query_tickets
2026-09-16 22:38:19 [batch_test] [info] 2_B20260916_223225_0007 第 10 轮执行工具 query_tickets
2026-09-16 22:38:19 [batch_test] [info] 2_B20260916_223225_0007 第 10 轮执行工具 query_tickets
2026-09-16 22:38:19 [batch_test] [info] 2_B20260916_223225_0007 第 10 轮执行工具 query_tickets
2026-09-16 22:38:19 [batch_test] [info] 2_B20260916_223225_0007 第 11/100 轮对话：请求模型 glm-5.3-flash
2026-09-16 22:38:36 [batch_test] [info] 1_B20260916_223225_0001 第 14 轮执行工具 query_trains_between_stations
2026-09-16 22:38:36 [batch_test] [info] 1_B20260916_223225_0001 第 15/100 轮对话：请求模型 glm-5.3-flash
2026-09-16 22:38:37 [batch_test] [info] 1_B20260916_223225_0003 第 15 轮执行工具 query_tickets
2026-09-16 22:38:37 [batch_test] [info] 1_B20260916_223225_0003 第 15 轮执行工具 query_tickets
2026-09-16 22:38:37 [batch_test] [info] 1_B20260916_223225_0003 第 15 轮执行工具 query_tickets
2026-09-16 22:38:37 [batch_test] [info] 1_B20260916_223225_0003 第 15 轮执行工具 query_tickets
2026-09-16 22:38:37 [batch_test] [info] 1_B20260916_223225_0003 第 15 轮执行工具 query_tickets
2026-09-16 22:38:37 [batch_test] [info] 1_B20260916_223225_0003 第 15 轮执行工具 query_tickets
2026-09-16 22:38:37 [batch_test] [info] 1_B20260916_223225_0003 第 16/100 轮对话：请求模型 glm-5.3-flash
2026-09-16 22:38:48 [batch_test] [info] 2_B20260916_223225_0007 第 11 轮执行工具 query_tickets
2026-09-16 22:38:48 [batch_test] [info] 2_B20260916_223225_0007 第 11 轮执行工具 query_tickets
2026-09-16 22:38:48 [batch_test] [info] 2_B20260916_223225_0007 第 11 轮执行工具 query_tickets
2026-09-16 22:38:48 [batch_test] [info] 2_B20260916_223225_0007 第 11 轮执行工具 query_tickets
2026-09-16 22:38:48 [batch_test] [info] 2_B20260916_223225_0007 第 11 轮执行工具 query_tickets
2026-09-16 22:38:48 [batch_test] [info] 2_B20260916_223225_0007 第 12/100 轮对话：请求模型 glm-5.3-flash
2026-09-16 22:38:48 [batch_test] [info] 1_B20260916_223225_0003 第 16 轮执行工具 query_tickets
2026-09-16 22:38:48 [batch_test] [info] 1_B20260916_223225_0003 第 16 轮执行工具 query_tickets
2026-09-16 22:38:48 [batch_test] [info] 1_B20260916_223225_0003 第 16 轮执行工具 query_tickets
2026-09-16 22:38:48 [batch_test] [info] 1_B20260916_223225_0003 第 16 轮执行工具 query_tickets
2026-09-16 22:38:48 [batch_test] [info] 1_B20260916_223225_0003 第 17/100 轮对话：请求模型 glm-5.3-flash
2026-09-16 22:39:20 [batch_test] [info] 1_B20260916_223225_0001 第 15 轮执行工具 query_trains_between_stations
2026-09-16 22:39:20 [batch_test] [info] 1_B20260916_223225_0001 第 16/100 轮对话：请求模型 glm-5.3-flash
2026-09-16 22:39:25 [batch_test] [info] 2_B20260916_223225_0007 第 12 轮执行工具 query_train_detail
2026-09-16 22:39:25 [batch_test] [info] 2_B20260916_223225_0007 第 12 轮执行工具 query_train_detail
2026-09-16 22:39:25 [batch_test] [info] 2_B20260916_223225_0007 第 12 轮执行工具 query_train_detail
2026-09-16 22:39:25 [batch_test] [info] 2_B20260916_223225_0007 第 12 轮执行工具 query_tickets
2026-09-16 22:39:25 [batch_test] [info] 2_B20260916_223225_0007 第 12 轮执行工具 query_tickets
2026-09-16 22:39:25 [batch_test] [info] 2_B20260916_223225_0007 第 13/100 轮对话：请求模型 glm-5.3-flash
2026-09-16 22:39:32 [batch_test] [info] 1_B20260916_223225_0001 第 16 轮执行工具 query_tickets
2026-09-16 22:39:32 [batch_test] [info] 1_B20260916_223225_0001 第 16 轮执行工具 query_tickets
2026-09-16 22:39:32 [batch_test] [info] 1_B20260916_223225_0001 第 16 轮执行工具 query_tickets
2026-09-16 22:39:32 [batch_test] [info] 1_B20260916_223225_0001 第 17/100 轮对话：请求模型 glm-5.3-flash
2026-09-16 22:39:40 [batch_test] [info] 1_B20260916_223225_0003 第 17 轮执行工具 query_tickets
2026-09-16 22:39:40 [batch_test] [info] 1_B20260916_223225_0003 第 17 轮执行工具 query_tickets
2026-09-16 22:39:40 [batch_test] [info] 1_B20260916_223225_0003 第 17 轮执行工具 query_tickets
2026-09-16 22:39:40 [batch_test] [info] 1_B20260916_223225_0003 第 17 轮执行工具 query_tickets
2026-09-16 22:39:40 [batch_test] [info] 1_B20260916_223225_0003 第 17 轮执行工具 query_tickets
2026-09-16 22:39:40 [batch_test] [info] 1_B20260916_223225_0003 第 17 轮执行工具 query_tickets
2026-09-16 22:39:40 [batch_test] [info] 1_B20260916_223225_0003 第 17 轮执行工具 query_tickets
2026-09-16 22:39:40 [batch_test] [info] 1_B20260916_223225_0003 第 17 轮执行工具 query_tickets
2026-09-16 22:39:40 [batch_test] [info] 1_B20260916_223225_0003 第 17 轮执行工具 query_tickets
2026-09-16 22:39:40 [batch_test] [info] 1_B20260916_223225_0003 第 17 轮执行工具 query_tickets
2026-09-16 22:39:40 [batch_test] [info] 1_B20260916_223225_0003 第 17 轮执行工具 query_tickets
2026-09-16 22:39:40 [batch_test] [info] 1_B20260916_223225_0003 第 17 轮执行工具 query_tickets
2026-09-16 22:39:40 [batch_test] [info] 1_B20260916_223225_0003 第 17 轮执行工具 query_tickets
2026-09-16 22:39:40 [batch_test] [info] 1_B20260916_223225_0003 第 17 轮执行工具 query_tickets
2026-09-16 22:39:40 [batch_test] [info] 1_B20260916_223225_0003 第 17 轮执行工具 query_tickets
2026-09-16 22:39:40 [batch_test] [info] 1_B20260916_223225_0003 第 17 轮执行工具 query_tickets
2026-09-16 22:39:40 [batch_test] [info] 1_B20260916_223225_0003 第 18/100 轮对话：请求模型 glm-5.3-flash
2026-09-16 22:39:55 [batch_test] [info] 1_B20260916_223225_0003 第 18 轮执行工具 query_tickets
2026-09-16 22:39:55 [batch_test] [info] 1_B20260916_223225_0003 第 18 轮执行工具 query_tickets
2026-09-16 22:39:55 [batch_test] [info] 1_B20260916_223225_0003 第 18 轮执行工具 query_tickets
2026-09-16 22:39:55 [batch_test] [info] 1_B20260916_223225_0003 第 18 轮执行工具 query_tickets
2026-09-16 22:39:55 [batch_test] [info] 1_B20260916_223225_0003 第 18 轮执行工具 query_tickets
2026-09-16 22:39:55 [batch_test] [info] 1_B20260916_223225_0003 第 18 轮执行工具 query_tickets
2026-09-16 22:39:55 [batch_test] [info] 1_B20260916_223225_0003 第 18 轮执行工具 query_tickets
2026-09-16 22:39:55 [batch_test] [info] 1_B20260916_223225_0003 第 18 轮执行工具 query_tickets
2026-09-16 22:39:55 [batch_test] [info] 1_B20260916_223225_0003 第 18 轮执行工具 query_tickets
2026-09-16 22:39:55 [batch_test] [info] 1_B20260916_223225_0003 第 18 轮执行工具 query_tickets
2026-09-16 22:39:55 [batch_test] [info] 1_B20260916_223225_0003 第 18 轮执行工具 query_tickets
2026-09-16 22:39:55 [batch_test] [info] 1_B20260916_223225_0003 第 19/100 轮对话：请求模型 glm-5.3-flash
2026-09-16 22:40:00 [batch_test] [info] 1_B20260916_223225_0001 第 17 轮执行工具 query_trains_between_stations
2026-09-16 22:40:00 [batch_test] [info] 1_B20260916_223225_0001 第 18/100 轮对话：请求模型 glm-5.3-flash
2026-09-16 22:40:12 [batch_test] [info] 1_B20260916_223225_0001 第 18 轮执行工具 query_tickets
2026-09-16 22:40:12 [batch_test] [info] 1_B20260916_223225_0001 第 18 轮执行工具 query_tickets
2026-09-16 22:40:12 [batch_test] [info] 1_B20260916_223225_0001 第 18 轮执行工具 query_tickets
2026-09-16 22:40:12 [batch_test] [info] 1_B20260916_223225_0001 第 18 轮执行工具 query_tickets
2026-09-16 22:40:12 [batch_test] [info] 1_B20260916_223225_0001 第 18 轮执行工具 query_tickets
2026-09-16 22:40:12 [batch_test] [info] 1_B20260916_223225_0001 第 18 轮执行工具 query_tickets
2026-09-16 22:40:12 [batch_test] [info] 1_B20260916_223225_0001 第 18 轮执行工具 query_tickets
2026-09-16 22:40:12 [batch_test] [info] 1_B20260916_223225_0001 第 18 轮执行工具 query_tickets
2026-09-16 22:40:12 [batch_test] [info] 1_B20260916_223225_0001 第 18 轮执行工具 query_tickets
2026-09-16 22:40:12 [batch_test] [info] 1_B20260916_223225_0001 第 18 轮执行工具 query_tickets
2026-09-16 22:40:12 [batch_test] [info] 1_B20260916_223225_0001 第 18 轮执行工具 query_tickets
2026-09-16 22:40:12 [batch_test] [info] 1_B20260916_223225_0001 第 18 轮执行工具 query_tickets
2026-09-16 22:40:12 [batch_test] [info] 1_B20260916_223225_0001 第 18 轮执行工具 query_tickets
2026-09-16 22:40:12 [batch_test] [info] 1_B20260916_223225_0001 第 18 轮执行工具 query_tickets
2026-09-16 22:40:12 [batch_test] [info] 1_B20260916_223225_0001 第 18 轮执行工具 query_tickets
2026-09-16 22:40:12 [batch_test] [info] 1_B20260916_223225_0001 第 18 轮执行工具 query_tickets
2026-09-16 22:40:12 [batch_test] [info] 1_B20260916_223225_0001 第 18 轮执行工具 query_tickets
2026-09-16 22:40:12 [batch_test] [info] 1_B20260916_223225_0001 第 18 轮执行工具 query_tickets
2026-09-16 22:40:12 [batch_test] [info] 1_B20260916_223225_0001 第 18 轮执行工具 query_tickets
2026-09-16 22:40:12 [batch_test] [info] 1_B20260916_223225_0001 第 18 轮执行工具 query_tickets
2026-09-16 22:40:12 [batch_test] [info] 1_B20260916_223225_0001 第 18 轮执行工具 query_tickets
2026-09-16 22:40:12 [batch_test] [info] 1_B20260916_223225_0001 第 19/100 轮对话：请求模型 glm-5.3-flash
2026-09-16 22:40:12 [batch_test] [info] 2_B20260916_223225_0007 第 13 轮执行工具 query_tickets
2026-09-16 22:40:12 [batch_test] [info] 2_B20260916_223225_0007 第 13 轮执行工具 query_tickets
2026-09-16 22:40:12 [batch_test] [info] 2_B20260916_223225_0007 第 13 轮执行工具 query_tickets
2026-09-16 22:40:12 [batch_test] [info] 2_B20260916_223225_0007 第 13 轮执行工具 query_tickets
2026-09-16 22:40:12 [batch_test] [info] 2_B20260916_223225_0007 第 13 轮执行工具 query_tickets
2026-09-16 22:40:12 [batch_test] [info] 2_B20260916_223225_0007 第 14/100 轮对话：请求模型 glm-5.3-flash
2026-09-16 22:40:31 [batch_test] [info] 1_B20260916_223225_0001 第 19 轮执行工具 query_trains_between_stations
2026-09-16 22:40:31 [batch_test] [info] 1_B20260916_223225_0001 第 20/100 轮对话：请求模型 glm-5.3-flash
2026-09-16 22:40:32 [batch_test] [info] 1_B20260916_223225_0003 第 19 轮执行工具 query_tickets
2026-09-16 22:40:32 [batch_test] [info] 1_B20260916_223225_0003 第 19 轮执行工具 query_tickets
2026-09-16 22:40:32 [batch_test] [info] 1_B20260916_223225_0003 第 19 轮执行工具 query_tickets
2026-09-16 22:40:32 [batch_test] [info] 1_B20260916_223225_0003 第 19 轮执行工具 query_tickets
2026-09-16 22:40:32 [batch_test] [info] 1_B20260916_223225_0003 第 19 轮执行工具 query_tickets
2026-09-16 22:40:32 [batch_test] [info] 1_B20260916_223225_0003 第 19 轮执行工具 query_tickets
2026-09-16 22:40:32 [batch_test] [info] 1_B20260916_223225_0003 第 19 轮执行工具 query_tickets
2026-09-16 22:40:32 [batch_test] [info] 1_B20260916_223225_0003 第 19 轮执行工具 query_tickets
2026-09-16 22:40:32 [batch_test] [info] 1_B20260916_223225_0003 第 19 轮执行工具 query_tickets
2026-09-16 22:40:32 [batch_test] [info] 1_B20260916_223225_0003 第 19 轮执行工具 query_tickets
2026-09-16 22:40:32 [batch_test] [info] 1_B20260916_223225_0003 第 19 轮执行工具 query_tickets
2026-09-16 22:40:32 [batch_test] [info] 1_B20260916_223225_0003 第 19 轮执行工具 query_tickets
2026-09-16 22:40:32 [batch_test] [info] 1_B20260916_223225_0003 第 19 轮执行工具 query_trains_between_stations
2026-09-16 22:40:32 [batch_test] [info] 1_B20260916_223225_0003 第 20/100 轮对话：请求模型 glm-5.3-flash
2026-09-16 22:40:38 [batch_test] [info] 1_B20260916_223225_0001 第 20 轮执行工具 query_tickets
2026-09-16 22:40:38 [batch_test] [info] 1_B20260916_223225_0001 第 20 轮执行工具 query_tickets
2026-09-16 22:40:38 [batch_test] [info] 1_B20260916_223225_0001 第 20 轮执行工具 query_tickets
2026-09-16 22:40:38 [batch_test] [info] 1_B20260916_223225_0001 第 20 轮执行工具 query_tickets
2026-09-16 22:40:38 [batch_test] [info] 1_B20260916_223225_0001 第 20 轮执行工具 query_tickets
2026-09-16 22:40:38 [batch_test] [info] 1_B20260916_223225_0001 第 20 轮执行工具 query_tickets
2026-09-16 22:40:38 [batch_test] [info] 1_B20260916_223225_0001 第 20 轮执行工具 query_tickets
2026-09-16 22:40:38 [batch_test] [info] 1_B20260916_223225_0001 第 20 轮执行工具 query_tickets
2026-09-16 22:40:38 [batch_test] [info] 1_B20260916_223225_0001 第 21/100 轮对话：请求模型 glm-5.3-flash
2026-09-16 22:40:50 [batch_test] [info] 1_B20260916_223225_0003 第 20 轮执行工具 query_tickets
2026-09-16 22:40:50 [batch_test] [info] 1_B20260916_223225_0003 第 20 轮执行工具 query_tickets
2026-09-16 22:40:50 [batch_test] [info] 1_B20260916_223225_0003 第 20 轮执行工具 query_tickets
2026-09-16 22:40:50 [batch_test] [info] 1_B20260916_223225_0003 第 20 轮执行工具 query_tickets
2026-09-16 22:40:50 [batch_test] [info] 1_B20260916_223225_0003 第 20 轮执行工具 query_tickets
2026-09-16 22:40:50 [batch_test] [info] 1_B20260916_223225_0003 第 20 轮执行工具 query_tickets
2026-09-16 22:40:50 [batch_test] [info] 1_B20260916_223225_0003 第 20 轮执行工具 query_trains_between_stations
2026-09-16 22:40:50 [batch_test] [info] 1_B20260916_223225_0003 第 21/100 轮对话：请求模型 glm-5.3-flash
2026-09-16 22:41:07 [batch_test] [info] 2_B20260916_223225_0007 第 14 轮执行工具 query_train_detail
2026-09-16 22:41:07 [batch_test] [info] 2_B20260916_223225_0007 第 14 轮执行工具 query_tickets
2026-09-16 22:41:07 [batch_test] [info] 2_B20260916_223225_0007 第 14 轮执行工具 query_train_detail
2026-09-16 22:41:07 [batch_test] [info] 2_B20260916_223225_0007 第 14 轮执行工具 query_tickets
2026-09-16 22:41:07 [batch_test] [info] 2_B20260916_223225_0007 第 14 轮执行工具 query_train_detail
2026-09-16 22:41:07 [batch_test] [info] 2_B20260916_223225_0007 第 14 轮执行工具 query_tickets
2026-09-16 22:41:07 [batch_test] [info] 2_B20260916_223225_0007 第 15/100 轮对话：请求模型 glm-5.3-flash
2026-09-16 22:41:09 [batch_test] [info] 1_B20260916_223225_0001 第 21 轮执行工具 query_trains_between_stations
2026-09-16 22:41:09 [batch_test] [info] 1_B20260916_223225_0001 第 21 轮执行工具 query_trains_between_stations
2026-09-16 22:41:09 [batch_test] [info] 1_B20260916_223225_0001 第 21 轮执行工具 query_trains_between_stations
2026-09-16 22:41:09 [batch_test] [info] 1_B20260916_223225_0001 第 22/100 轮对话：请求模型 glm-5.3-flash
2026-09-16 22:41:15 [batch_test] [info] 1_B20260916_223225_0001 第 22 轮执行工具 query_trains_between_stations
2026-09-16 22:41:15 [batch_test] [info] 1_B20260916_223225_0001 第 23/100 轮对话：请求模型 glm-5.3-flash
2026-09-16 22:41:15 [batch_test] [info] 1_B20260916_223225_0003 第 21 轮执行工具 list_stations
2026-09-16 22:41:15 [batch_test] [info] 1_B20260916_223225_0003 第 22/100 轮对话：请求模型 glm-5.3-flash
2026-09-16 22:41:21 [batch_test] [info] 1_B20260916_223225_0003 第 22 轮执行工具 query_trains_between_stations
2026-09-16 22:41:21 [batch_test] [info] 1_B20260916_223225_0003 第 22 轮执行工具 query_trains_between_stations
2026-09-16 22:41:21 [batch_test] [info] 1_B20260916_223225_0003 第 22 轮执行工具 query_trains_between_stations
2026-09-16 22:41:21 [batch_test] [info] 1_B20260916_223225_0003 第 22 轮执行工具 query_trains_between_stations
2026-09-16 22:41:21 [batch_test] [info] 1_B20260916_223225_0003 第 23/100 轮对话：请求模型 glm-5.3-flash
2026-09-16 22:41:35 [batch_test] [info] 1_B20260916_223225_0001 第 23 轮执行工具 query_tickets
2026-09-16 22:41:35 [batch_test] [info] 1_B20260916_223225_0001 第 23 轮执行工具 query_tickets
2026-09-16 22:41:35 [batch_test] [info] 1_B20260916_223225_0001 第 23 轮执行工具 query_tickets
2026-09-16 22:41:35 [batch_test] [info] 1_B20260916_223225_0001 第 23 轮执行工具 query_tickets
2026-09-16 22:41:35 [batch_test] [info] 1_B20260916_223225_0001 第 23 轮执行工具 query_tickets
2026-09-16 22:41:35 [batch_test] [info] 1_B20260916_223225_0001 第 23 轮执行工具 query_tickets
2026-09-16 22:41:35 [batch_test] [info] 1_B20260916_223225_0001 第 23 轮执行工具 query_tickets
2026-09-16 22:41:35 [batch_test] [info] 1_B20260916_223225_0001 第 23 轮执行工具 query_tickets
2026-09-16 22:41:35 [batch_test] [info] 1_B20260916_223225_0001 第 23 轮执行工具 query_tickets
2026-09-16 22:41:35 [batch_test] [info] 1_B20260916_223225_0001 第 23 轮执行工具 query_tickets
2026-09-16 22:41:35 [batch_test] [info] 1_B20260916_223225_0001 第 23 轮执行工具 query_tickets
2026-09-16 22:41:35 [batch_test] [info] 1_B20260916_223225_0001 第 23 轮执行工具 query_tickets
2026-09-16 22:41:35 [batch_test] [info] 1_B20260916_223225_0001 第 23 轮执行工具 query_tickets
2026-09-16 22:41:35 [batch_test] [info] 1_B20260916_223225_0001 第 23 轮执行工具 query_tickets
2026-09-16 22:41:35 [batch_test] [info] 1_B20260916_223225_0001 第 23 轮执行工具 query_tickets
2026-09-16 22:41:35 [batch_test] [info] 1_B20260916_223225_0001 第 23 轮执行工具 query_tickets
2026-09-16 22:41:35 [batch_test] [info] 1_B20260916_223225_0001 第 23 轮执行工具 query_tickets
2026-09-16 22:41:35 [batch_test] [info] 1_B20260916_223225_0001 第 24/100 轮对话：请求模型 glm-5.3-flash
2026-09-16 22:42:27 [batch_test] [info] 2_B20260916_223225_0007 第 15 轮执行工具 query_trains_between_stations
2026-09-16 22:42:27 [batch_test] [info] 2_B20260916_223225_0007 第 15 轮执行工具 query_trains_between_stations
2026-09-16 22:42:27 [batch_test] [info] 2_B20260916_223225_0007 第 16/100 轮对话：请求模型 glm-5.3-flash
2026-09-16 22:42:33 [batch_test] [success] 1_B20260916_223225_0001 测试完成（plan_status=has_solution，模型调用 24 次，工具调用 114 次，耗时 541.4s）→ 20260916_224233_366235_glm-5.3-flash_1_B20260916_223225_0001.json
2026-09-16 22:42:33 [batch_test] [info] （5/5）开始测试 2_B20260916_223225_0008
2026-09-16 22:42:33 [batch_test] [info] 2_B20260916_223225_0008 第 1/100 轮对话：请求模型 glm-5.3-flash
2026-09-16 22:42:33 [batch_test] [info] 1_B20260916_223225_0003 第 23 轮执行工具 query_tickets
2026-09-16 22:42:33 [batch_test] [info] 1_B20260916_223225_0003 第 23 轮执行工具 query_tickets
2026-09-16 22:42:33 [batch_test] [info] 1_B20260916_223225_0003 第 23 轮执行工具 query_tickets
2026-09-16 22:42:33 [batch_test] [info] 1_B20260916_223225_0003 第 23 轮执行工具 query_tickets
2026-09-16 22:42:33 [batch_test] [info] 1_B20260916_223225_0003 第 24/100 轮对话：请求模型 glm-5.3-flash
2026-09-16 22:42:40 [batch_test] [info] 2_B20260916_223225_0008 第 1 轮执行工具 list_stations
2026-09-16 22:42:40 [batch_test] [info] 2_B20260916_223225_0008 第 1 轮执行工具 list_stations
2026-09-16 22:42:40 [batch_test] [info] 2_B20260916_223225_0008 第 2/100 轮对话：请求模型 glm-5.3-flash
2026-09-16 22:42:42 [batch_test] [info] 2_B20260916_223225_0007 第 16 轮执行工具 query_tickets
2026-09-16 22:42:42 [batch_test] [info] 2_B20260916_223225_0007 第 16 轮执行工具 query_tickets
2026-09-16 22:42:42 [batch_test] [info] 2_B20260916_223225_0007 第 16 轮执行工具 query_tickets
2026-09-16 22:42:42 [batch_test] [info] 2_B20260916_223225_0007 第 17/100 轮对话：请求模型 glm-5.3-flash
2026-09-16 22:42:46 [batch_test] [info] 2_B20260916_223225_0008 第 2 轮执行工具 query_trains_between_stations
2026-09-16 22:42:46 [batch_test] [info] 2_B20260916_223225_0008 第 3/100 轮对话：请求模型 glm-5.3-flash
2026-09-16 22:42:55 [batch_test] [info] 2_B20260916_223225_0008 第 3 轮执行工具 query_tickets
2026-09-16 22:42:55 [batch_test] [info] 2_B20260916_223225_0008 第 3 轮执行工具 query_tickets
2026-09-16 22:42:55 [batch_test] [info] 2_B20260916_223225_0008 第 3 轮执行工具 query_tickets
2026-09-16 22:42:55 [batch_test] [info] 2_B20260916_223225_0008 第 4/100 轮对话：请求模型 glm-5.3-flash
2026-09-16 22:43:09 [batch_test] [info] 2_B20260916_223225_0008 第 4 轮执行工具 query_train_detail
2026-09-16 22:43:09 [batch_test] [info] 2_B20260916_223225_0008 第 4 轮执行工具 query_train_detail
2026-09-16 22:43:09 [batch_test] [info] 2_B20260916_223225_0008 第 4 轮执行工具 query_train_detail
2026-09-16 22:43:09 [batch_test] [info] 2_B20260916_223225_0008 第 4 轮执行工具 query_tickets
2026-09-16 22:43:09 [batch_test] [info] 2_B20260916_223225_0008 第 4 轮执行工具 query_tickets
2026-09-16 22:43:09 [batch_test] [info] 2_B20260916_223225_0008 第 5/100 轮对话：请求模型 glm-5.3-flash
2026-09-16 22:43:12 [batch_test] [info] 2_B20260916_223225_0007 第 17 轮执行工具 query_train_detail
2026-09-16 22:43:12 [batch_test] [info] 2_B20260916_223225_0007 第 17 轮执行工具 query_train_detail
2026-09-16 22:43:12 [batch_test] [info] 2_B20260916_223225_0007 第 17 轮执行工具 query_tickets
2026-09-16 22:43:12 [batch_test] [info] 2_B20260916_223225_0007 第 17 轮执行工具 query_tickets
2026-09-16 22:43:12 [batch_test] [info] 2_B20260916_223225_0007 第 17 轮执行工具 query_tickets
2026-09-16 22:43:12 [batch_test] [info] 2_B20260916_223225_0007 第 17 轮执行工具 query_tickets
2026-09-16 22:43:12 [batch_test] [info] 2_B20260916_223225_0007 第 18/100 轮对话：请求模型 glm-5.3-flash
2026-09-16 22:43:18 [batch_test] [info] 1_B20260916_223225_0003 第 24 轮执行工具 query_tickets
2026-09-16 22:43:18 [batch_test] [info] 1_B20260916_223225_0003 第 24 轮执行工具 query_tickets
2026-09-16 22:43:18 [batch_test] [info] 1_B20260916_223225_0003 第 24 轮执行工具 query_tickets
2026-09-16 22:43:18 [batch_test] [info] 1_B20260916_223225_0003 第 24 轮执行工具 query_tickets
2026-09-16 22:43:18 [batch_test] [info] 1_B20260916_223225_0003 第 24 轮执行工具 query_tickets
2026-09-16 22:43:18 [batch_test] [info] 1_B20260916_223225_0003 第 24 轮执行工具 query_tickets
2026-09-16 22:43:18 [batch_test] [info] 1_B20260916_223225_0003 第 24 轮执行工具 query_tickets
2026-09-16 22:43:18 [batch_test] [info] 1_B20260916_223225_0003 第 24 轮执行工具 query_tickets
2026-09-16 22:43:18 [batch_test] [info] 1_B20260916_223225_0003 第 25/100 轮对话：请求模型 glm-5.3-flash
2026-09-16 22:43:20 [batch_test] [info] 2_B20260916_223225_0008 第 5 轮执行工具 query_tickets
2026-09-16 22:43:20 [batch_test] [info] 2_B20260916_223225_0008 第 5 轮执行工具 query_tickets
2026-09-16 22:43:20 [batch_test] [info] 2_B20260916_223225_0008 第 5 轮执行工具 query_tickets
2026-09-16 22:43:20 [batch_test] [info] 2_B20260916_223225_0008 第 5 轮执行工具 query_tickets
2026-09-16 22:43:20 [batch_test] [info] 2_B20260916_223225_0008 第 5 轮执行工具 query_tickets
2026-09-16 22:43:20 [batch_test] [info] 2_B20260916_223225_0008 第 6/100 轮对话：请求模型 glm-5.3-flash
2026-09-16 22:43:33 [batch_test] [info] 2_B20260916_223225_0008 第 6 轮执行工具 query_tickets
2026-09-16 22:43:33 [batch_test] [info] 2_B20260916_223225_0008 第 7/100 轮对话：请求模型 glm-5.3-flash
2026-09-16 22:43:40 [batch_test] [info] 2_B20260916_223225_0008 第 7 轮执行工具 query_tickets
2026-09-16 22:43:40 [batch_test] [info] 2_B20260916_223225_0008 第 8/100 轮对话：请求模型 glm-5.3-flash
2026-09-16 22:43:42 [batch_test] [info] 2_B20260916_223225_0008 第 8 轮执行工具 query_tickets
2026-09-16 22:43:42 [batch_test] [info] 2_B20260916_223225_0008 第 9/100 轮对话：请求模型 glm-5.3-flash
2026-09-16 22:43:48 [batch_test] [info] 2_B20260916_223225_0008 第 9 轮执行工具 query_tickets
2026-09-16 22:43:48 [batch_test] [info] 2_B20260916_223225_0008 第 9 轮执行工具 query_tickets
2026-09-16 22:43:48 [batch_test] [info] 2_B20260916_223225_0008 第 10/100 轮对话：请求模型 glm-5.3-flash
2026-09-16 22:43:49 [batch_test] [info] 1_B20260916_223225_0003 第 25 轮执行工具 query_tickets
2026-09-16 22:43:49 [batch_test] [info] 1_B20260916_223225_0003 第 25 轮执行工具 query_tickets
2026-09-16 22:43:49 [batch_test] [info] 1_B20260916_223225_0003 第 25 轮执行工具 query_tickets
2026-09-16 22:43:49 [batch_test] [info] 1_B20260916_223225_0003 第 25 轮执行工具 query_tickets
2026-09-16 22:43:49 [batch_test] [info] 1_B20260916_223225_0003 第 25 轮执行工具 query_tickets
2026-09-16 22:43:49 [batch_test] [info] 1_B20260916_223225_0003 第 25 轮执行工具 query_tickets
2026-09-16 22:43:49 [batch_test] [info] 1_B20260916_223225_0003 第 25 轮执行工具 query_tickets
2026-09-16 22:43:49 [batch_test] [info] 1_B20260916_223225_0003 第 25 轮执行工具 query_tickets
2026-09-16 22:43:49 [batch_test] [info] 1_B20260916_223225_0003 第 26/100 轮对话：请求模型 glm-5.3-flash
2026-09-16 22:44:00 [batch_test] [info] 2_B20260916_223225_0008 第 10 轮执行工具 list_stations
2026-09-16 22:44:00 [batch_test] [info] 2_B20260916_223225_0008 第 10 轮执行工具 list_stations
2026-09-16 22:44:00 [batch_test] [info] 2_B20260916_223225_0008 第 11/100 轮对话：请求模型 glm-5.3-flash
2026-09-16 22:44:15 [batch_test] [info] 2_B20260916_223225_0007 第 18 轮执行工具 query_tickets
2026-09-16 22:44:15 [batch_test] [info] 2_B20260916_223225_0007 第 18 轮执行工具 query_tickets
2026-09-16 22:44:15 [batch_test] [info] 2_B20260916_223225_0007 第 18 轮执行工具 query_tickets
2026-09-16 22:44:15 [batch_test] [info] 2_B20260916_223225_0007 第 18 轮执行工具 query_tickets
2026-09-16 22:44:15 [batch_test] [info] 2_B20260916_223225_0007 第 18 轮执行工具 query_tickets
2026-09-16 22:44:15 [batch_test] [info] 2_B20260916_223225_0007 第 18 轮执行工具 query_tickets
2026-09-16 22:44:15 [batch_test] [info] 2_B20260916_223225_0007 第 18 轮执行工具 query_tickets
2026-09-16 22:44:15 [batch_test] [info] 2_B20260916_223225_0007 第 18 轮执行工具 query_tickets
2026-09-16 22:44:15 [batch_test] [info] 2_B20260916_223225_0007 第 18 轮执行工具 query_tickets
2026-09-16 22:44:15 [batch_test] [info] 2_B20260916_223225_0007 第 18 轮执行工具 query_tickets
2026-09-16 22:44:15 [batch_test] [info] 2_B20260916_223225_0007 第 18 轮执行工具 query_tickets
2026-09-16 22:44:15 [batch_test] [info] 2_B20260916_223225_0007 第 18 轮执行工具 query_tickets
2026-09-16 22:44:15 [batch_test] [info] 2_B20260916_223225_0007 第 19/100 轮对话：请求模型 glm-5.3-flash
2026-09-16 22:44:20 [batch_test] [info] 2_B20260916_223225_0008 第 11 轮执行工具 query_train_detail
2026-09-16 22:44:20 [batch_test] [info] 2_B20260916_223225_0008 第 11 轮执行工具 query_ticket_price
2026-09-16 22:44:20 [batch_test] [info] 2_B20260916_223225_0008 第 12/100 轮对话：请求模型 glm-5.3-flash
2026-09-16 22:44:54 [batch_test] [info] 1_B20260916_223225_0003 第 26 轮执行工具 query_tickets
2026-09-16 22:44:54 [batch_test] [info] 1_B20260916_223225_0003 第 26 轮执行工具 query_tickets
2026-09-16 22:44:54 [batch_test] [info] 1_B20260916_223225_0003 第 26 轮执行工具 query_tickets
2026-09-16 22:44:54 [batch_test] [info] 1_B20260916_223225_0003 第 26 轮执行工具 query_tickets
2026-09-16 22:44:54 [batch_test] [info] 1_B20260916_223225_0003 第 26 轮执行工具 query_tickets
2026-09-16 22:44:54 [batch_test] [info] 1_B20260916_223225_0003 第 26 轮执行工具 query_tickets
2026-09-16 22:44:54 [batch_test] [info] 1_B20260916_223225_0003 第 26 轮执行工具 query_tickets
2026-09-16 22:44:54 [batch_test] [info] 1_B20260916_223225_0003 第 26 轮执行工具 query_tickets
2026-09-16 22:44:54 [batch_test] [info] 1_B20260916_223225_0003 第 26 轮执行工具 query_tickets
2026-09-16 22:44:54 [batch_test] [info] 1_B20260916_223225_0003 第 26 轮执行工具 query_tickets
2026-09-16 22:44:54 [batch_test] [info] 1_B20260916_223225_0003 第 26 轮执行工具 query_tickets
2026-09-16 22:44:54 [batch_test] [info] 1_B20260916_223225_0003 第 26 轮执行工具 query_tickets
2026-09-16 22:44:54 [batch_test] [info] 1_B20260916_223225_0003 第 27/100 轮对话：请求模型 glm-5.3-flash
2026-09-16 22:45:06 [batch_test] [info] 2_B20260916_223225_0008 第 12 轮执行工具 query_tickets
2026-09-16 22:45:06 [batch_test] [info] 2_B20260916_223225_0008 第 12 轮执行工具 query_tickets
2026-09-16 22:45:06 [batch_test] [info] 2_B20260916_223225_0008 第 13/100 轮对话：请求模型 glm-5.3-flash
2026-09-16 22:45:27 [batch_test] [info] 1_B20260916_223225_0003 第 27 轮执行工具 query_tickets
2026-09-16 22:45:27 [batch_test] [info] 1_B20260916_223225_0003 第 27 轮执行工具 query_tickets
2026-09-16 22:45:27 [batch_test] [info] 1_B20260916_223225_0003 第 27 轮执行工具 query_tickets
2026-09-16 22:45:27 [batch_test] [info] 1_B20260916_223225_0003 第 27 轮执行工具 query_tickets
2026-09-16 22:45:27 [batch_test] [info] 1_B20260916_223225_0003 第 27 轮执行工具 query_tickets
2026-09-16 22:45:27 [batch_test] [info] 1_B20260916_223225_0003 第 27 轮执行工具 query_tickets
2026-09-16 22:45:27 [batch_test] [info] 1_B20260916_223225_0003 第 27 轮执行工具 query_tickets
2026-09-16 22:45:27 [batch_test] [info] 1_B20260916_223225_0003 第 27 轮执行工具 query_tickets
2026-09-16 22:45:27 [batch_test] [info] 1_B20260916_223225_0003 第 27 轮执行工具 query_tickets
2026-09-16 22:45:27 [batch_test] [info] 1_B20260916_223225_0003 第 27 轮执行工具 query_tickets
2026-09-16 22:45:27 [batch_test] [info] 1_B20260916_223225_0003 第 28/100 轮对话：请求模型 glm-5.3-flash
2026-09-16 22:45:38 [batch_test] [info] 2_B20260916_223225_0007 第 19 轮执行工具 query_tickets
2026-09-16 22:45:38 [batch_test] [info] 2_B20260916_223225_0007 第 19 轮执行工具 query_train_detail
2026-09-16 22:45:38 [batch_test] [info] 2_B20260916_223225_0007 第 19 轮执行工具 query_train_detail
2026-09-16 22:45:38 [batch_test] [info] 2_B20260916_223225_0007 第 19 轮执行工具 query_train_detail
2026-09-16 22:45:38 [batch_test] [info] 2_B20260916_223225_0007 第 20/100 轮对话：请求模型 glm-5.3-flash
2026-09-16 22:45:40 [batch_test] [info] 2_B20260916_223225_0008 第 13 轮执行工具 query_tickets
2026-09-16 22:45:40 [batch_test] [info] 2_B20260916_223225_0008 第 13 轮执行工具 query_tickets
2026-09-16 22:45:40 [batch_test] [info] 2_B20260916_223225_0008 第 14/100 轮对话：请求模型 glm-5.3-flash
2026-09-16 22:45:50 [batch_test] [info] 2_B20260916_223225_0007 第 20 轮执行工具 query_tickets
2026-09-16 22:45:50 [batch_test] [info] 2_B20260916_223225_0007 第 20 轮执行工具 query_tickets
2026-09-16 22:45:50 [batch_test] [info] 2_B20260916_223225_0007 第 20 轮执行工具 query_tickets
2026-09-16 22:45:50 [batch_test] [info] 2_B20260916_223225_0007 第 20 轮执行工具 query_tickets
2026-09-16 22:45:50 [batch_test] [info] 2_B20260916_223225_0007 第 21/100 轮对话：请求模型 glm-5.3-flash
2026-09-16 22:46:09 [batch_test] [success] 1_B20260916_223225_0003 测试完成（plan_status=empty_plan，模型调用 28 次，工具调用 142 次，耗时 757.5s）→ 20260916_224609_538774_glm-5.3-flash_1_B20260916_223225_0003.json
2026-09-16 22:46:14 [batch_test] [info] 2_B20260916_223225_0008 第 14 轮执行工具 query_tickets
2026-09-16 22:46:14 [batch_test] [info] 2_B20260916_223225_0008 第 15/100 轮对话：请求模型 glm-5.3-flash
2026-09-16 22:46:31 [batch_test] [info] 2_B20260916_223225_0007 第 21 轮执行工具 query_tickets
2026-09-16 22:46:31 [batch_test] [info] 2_B20260916_223225_0007 第 21 轮执行工具 query_tickets
2026-09-16 22:46:31 [batch_test] [info] 2_B20260916_223225_0007 第 21 轮执行工具 query_tickets
2026-09-16 22:46:31 [batch_test] [info] 2_B20260916_223225_0007 第 21 轮执行工具 query_tickets
2026-09-16 22:46:31 [batch_test] [info] 2_B20260916_223225_0007 第 21 轮执行工具 query_tickets
2026-09-16 22:46:31 [batch_test] [info] 2_B20260916_223225_0007 第 22/100 轮对话：请求模型 glm-5.3-flash
2026-09-16 22:46:31 [batch_test] [info] 2_B20260916_223225_0008 第 15 轮执行工具 query_ticket_price
2026-09-16 22:46:31 [batch_test] [info] 2_B20260916_223225_0008 第 16/100 轮对话：请求模型 glm-5.3-flash
2026-09-16 22:47:19 [batch_test] [info] 2_B20260916_223225_0007 第 22 轮执行工具 query_tickets
2026-09-16 22:47:19 [batch_test] [info] 2_B20260916_223225_0007 第 22 轮执行工具 query_tickets
2026-09-16 22:47:19 [batch_test] [info] 2_B20260916_223225_0007 第 22 轮执行工具 query_tickets
2026-09-16 22:47:19 [batch_test] [info] 2_B20260916_223225_0007 第 22 轮执行工具 query_tickets
2026-09-16 22:47:19 [batch_test] [info] 2_B20260916_223225_0007 第 22 轮执行工具 query_tickets
2026-09-16 22:47:19 [batch_test] [info] 2_B20260916_223225_0007 第 22 轮执行工具 query_tickets
2026-09-16 22:47:19 [batch_test] [info] 2_B20260916_223225_0007 第 22 轮执行工具 query_tickets
2026-09-16 22:47:19 [batch_test] [info] 2_B20260916_223225_0007 第 22 轮执行工具 query_tickets
2026-09-16 22:47:19 [batch_test] [info] 2_B20260916_223225_0007 第 22 轮执行工具 query_tickets
2026-09-16 22:47:19 [batch_test] [info] 2_B20260916_223225_0007 第 22 轮执行工具 query_tickets
2026-09-16 22:47:19 [batch_test] [info] 2_B20260916_223225_0007 第 23/100 轮对话：请求模型 glm-5.3-flash
2026-09-16 22:47:20 [batch_test] [success] 2_B20260916_223225_0008 测试完成（plan_status=has_solution，模型调用 16 次，工具调用 31 次，耗时 287.2s）→ 20260916_224720_583423_glm-5.3-flash_2_B20260916_223225_0008.json
2026-09-16 22:48:02 [batch_test] [info] 2_B20260916_223225_0007 第 23 轮执行工具 query_tickets
2026-09-16 22:48:02 [batch_test] [info] 2_B20260916_223225_0007 第 23 轮执行工具 query_tickets
2026-09-16 22:48:02 [batch_test] [info] 2_B20260916_223225_0007 第 23 轮执行工具 query_tickets
2026-09-16 22:48:02 [batch_test] [info] 2_B20260916_223225_0007 第 23 轮执行工具 query_tickets
2026-09-16 22:48:02 [batch_test] [info] 2_B20260916_223225_0007 第 23 轮执行工具 query_tickets
2026-09-16 22:48:02 [batch_test] [info] 2_B20260916_223225_0007 第 23 轮执行工具 query_tickets
2026-09-16 22:48:02 [batch_test] [info] 2_B20260916_223225_0007 第 23 轮执行工具 query_tickets
2026-09-16 22:48:02 [batch_test] [info] 2_B20260916_223225_0007 第 23 轮执行工具 query_tickets
2026-09-16 22:48:02 [batch_test] [info] 2_B20260916_223225_0007 第 23 轮执行工具 query_tickets
2026-09-16 22:48:02 [batch_test] [info] 2_B20260916_223225_0007 第 24/100 轮对话：请求模型 glm-5.3-flash
2026-09-16 22:48:17 [batch_test] [info] 2_B20260916_223225_0007 第 24 轮执行工具 query_tickets
2026-09-16 22:48:17 [batch_test] [info] 2_B20260916_223225_0007 第 24 轮执行工具 query_tickets
2026-09-16 22:48:17 [batch_test] [info] 2_B20260916_223225_0007 第 24 轮执行工具 query_tickets
2026-09-16 22:48:17 [batch_test] [info] 2_B20260916_223225_0007 第 24 轮执行工具 query_tickets
2026-09-16 22:48:17 [batch_test] [info] 2_B20260916_223225_0007 第 24 轮执行工具 query_tickets
2026-09-16 22:48:17 [batch_test] [info] 2_B20260916_223225_0007 第 24 轮执行工具 query_tickets
2026-09-16 22:48:17 [batch_test] [info] 2_B20260916_223225_0007 第 24 轮执行工具 query_tickets
2026-09-16 22:48:17 [batch_test] [info] 2_B20260916_223225_0007 第 24 轮执行工具 query_tickets
2026-09-16 22:48:17 [batch_test] [info] 2_B20260916_223225_0007 第 24 轮执行工具 query_tickets
2026-09-16 22:48:17 [batch_test] [info] 2_B20260916_223225_0007 第 24 轮执行工具 query_tickets
2026-09-16 22:48:17 [batch_test] [info] 2_B20260916_223225_0007 第 25/100 轮对话：请求模型 glm-5.3-flash
2026-09-16 22:49:06 [batch_test] [info] 2_B20260916_223225_0007 第 25 轮执行工具 query_tickets
2026-09-16 22:49:06 [batch_test] [info] 2_B20260916_223225_0007 第 25 轮执行工具 query_tickets
2026-09-16 22:49:06 [batch_test] [info] 2_B20260916_223225_0007 第 25 轮执行工具 query_tickets
2026-09-16 22:49:06 [batch_test] [info] 2_B20260916_223225_0007 第 25 轮执行工具 query_tickets
2026-09-16 22:49:06 [batch_test] [info] 2_B20260916_223225_0007 第 25 轮执行工具 query_tickets
2026-09-16 22:49:06 [batch_test] [info] 2_B20260916_223225_0007 第 25 轮执行工具 query_tickets
2026-09-16 22:49:06 [batch_test] [info] 2_B20260916_223225_0007 第 25 轮执行工具 query_tickets
2026-09-16 22:49:06 [batch_test] [info] 2_B20260916_223225_0007 第 25 轮执行工具 query_tickets
2026-09-16 22:49:06 [batch_test] [info] 2_B20260916_223225_0007 第 26/100 轮对话：请求模型 glm-5.3-flash
2026-09-16 22:50:04 [batch_test] [success] 2_B20260916_223225_0007 测试完成（plan_status=empty_plan，模型调用 26 次，工具调用 118 次，耗时 808.4s）→ 20260916_225004_277153_glm-5.3-flash_2_B20260916_223225_0007.json
2026-09-16 22:50:04 [batch_test] [success] 批量测试完成：成功 5 / 失败 0（共 5 题）
2026-09-16 22:50:06 [batch_eval] [info] 批量测评开始：共 5 条测试记录
2026-09-16 22:50:06 [batch_eval] [info] （1/5）开始核查 20260916_224233_366235_glm-5.3-flash_1_B20260916_223225_0001.json
2026-09-16 22:50:06 [batch_eval] [success] 20260916_224233_366235_glm-5.3-flash_1_B20260916_223225_0001.json → 1_B20260916_223225_0001 核查完成：verdict=pass，结果已保存 20260916_225006_062607_glm-5.3-flash_1_B20260916_223225_0001.json
2026-09-16 22:50:06 [batch_eval] [info] （2/5）开始核查 20260916_223635_728586_glm-5.3-flash_0_B20260916_223225_0002.json
2026-09-16 22:50:06 [batch_eval] [success] 20260916_223635_728586_glm-5.3-flash_0_B20260916_223225_0002.json → 0_B20260916_223225_0002 核查完成：verdict=pass，结果已保存 20260916_225006_071440_glm-5.3-flash_0_B20260916_223225_0002.json
2026-09-16 22:50:06 [batch_eval] [info] （3/5）开始核查 20260916_224609_538774_glm-5.3-flash_1_B20260916_223225_0003.json
2026-09-16 22:50:06 [batch_eval] [success] 20260916_224609_538774_glm-5.3-flash_1_B20260916_223225_0003.json → 1_B20260916_223225_0003 核查完成：verdict=empty_plan，结果已保存 20260916_225006_076777_glm-5.3-flash_1_B20260916_223225_0003.json
2026-09-16 22:50:06 [batch_eval] [info] （4/5）开始核查 20260916_225004_277153_glm-5.3-flash_2_B20260916_223225_0007.json
2026-09-16 22:50:06 [batch_eval] [success] 20260916_225004_277153_glm-5.3-flash_2_B20260916_223225_0007.json → 2_B20260916_223225_0007 核查完成：verdict=empty_plan，结果已保存 20260916_225006_081598_glm-5.3-flash_2_B20260916_223225_0007.json
2026-09-16 22:50:06 [batch_eval] [info] （5/5）开始核查 20260916_224720_583423_glm-5.3-flash_2_B20260916_223225_0008.json
2026-09-16 22:50:06 [batch_eval] [success] 20260916_224720_583423_glm-5.3-flash_2_B20260916_223225_0008.json → 2_B20260916_223225_0008 核查完成：verdict=pass，结果已保存 20260916_225006_090956_glm-5.3-flash_2_B20260916_223225_0008.json
2026-09-16 22:50:06 [batch_eval] [success] 批量测评完成：成功 5 / 失败 0，verdict 分布 {'pass': 3, 'empty_plan': 2}
2026-09-16 23:16:06 [batch_generate] [info] 批量出题开始：共 3 题（存在性 2 + 选择性 1），每题重试上限 40，干扰密度 2.0%，随机票密度 2.0%
2026-09-16 23:16:06 [batch_generate] [success] [0001] 1_ 存在性（干扰）单策略/换乘 → 1_B20260916_231606_0001（尝试 1 次）
2026-09-16 23:16:06 [batch_generate] [success] [0002] 0_ 存在性（无干扰）单策略/换乘 → 0_B20260916_231606_0002（尝试 1 次）
2026-09-16 23:16:06 [batch_generate] [success] [0003] 2_ 选择性 综合考虑(随意) → 2_B20260916_231606_0003（尝试 1 次）
2026-09-16 23:16:06 [batch_generate] [success] 出题完成：成功 3 / 失败 0（共 3 题）
2026-09-16 23:16:08 [batch_nl] [info] 批量自然语言化开始：共 3 题（模型 glm-5.3-flash，温度 1.4，并发 3）
2026-09-16 23:16:08 [batch_nl] [info] （1/3）开始生成 1_B20260916_231606_0001 的自然语言
2026-09-16 23:16:08 [batch_nl] [info] （3/3）开始生成 2_B20260916_231606_0003 的自然语言
2026-09-16 23:16:08 [batch_nl] [info] （2/3）开始生成 0_B20260916_231606_0002 的自然语言
2026-09-16 23:16:25 [batch_nl] [success] 2_B20260916_231606_0003 自然语言生成成功并已写回 metadata
2026-09-16 23:16:29 [batch_nl] [success] 1_B20260916_231606_0001 自然语言生成成功并已写回 metadata
2026-09-16 23:16:31 [batch_nl] [success] 0_B20260916_231606_0002 自然语言生成成功并已写回 metadata
2026-09-16 23:16:31 [batch_nl] [success] 批量自然语言化完成：成功 3 / 失败 0 / 跳过 0（共 3 题，并发 3）
2026-09-16 23:16:32 [batch_test] [info] 批量测试开始：模型 glm-5.3-flash，共 3 题，最大对话轮数 30，并发数 3
2026-09-16 23:16:32 [batch_test] [info] （1/3）开始测试 1_B20260916_231606_0001
2026-09-16 23:16:32 [batch_test] [info] （3/3）开始测试 2_B20260916_231606_0003
2026-09-16 23:16:32 [batch_test] [info] （2/3）开始测试 0_B20260916_231606_0002
2026-09-16 23:16:32 [batch_test] [info] 2_B20260916_231606_0003 第 1/30 轮对话：请求模型 glm-5.3-flash
2026-09-16 23:16:32 [batch_test] [info] 1_B20260916_231606_0001 第 1/30 轮对话：请求模型 glm-5.3-flash
2026-09-16 23:16:32 [batch_test] [info] 0_B20260916_231606_0002 第 1/30 轮对话：请求模型 glm-5.3-flash
2026-09-16 23:16:37 [batch_test] [info] 1_B20260916_231606_0001 第 1 轮执行工具 list_stations
2026-09-16 23:16:37 [batch_test] [info] 1_B20260916_231606_0001 第 1 轮执行工具 list_stations
2026-09-16 23:16:37 [batch_test] [info] 1_B20260916_231606_0001 第 2/30 轮对话：请求模型 glm-5.3-flash
2026-09-16 23:16:38 [batch_test] [info] 0_B20260916_231606_0002 第 1 轮执行工具 list_stations
2026-09-16 23:16:38 [batch_test] [info] 0_B20260916_231606_0002 第 1 轮执行工具 list_stations
2026-09-16 23:16:38 [batch_test] [info] 0_B20260916_231606_0002 第 2/30 轮对话：请求模型 glm-5.3-flash
2026-09-16 23:16:40 [batch_test] [info] 2_B20260916_231606_0003 第 1 轮执行工具 list_stations
2026-09-16 23:16:40 [batch_test] [info] 2_B20260916_231606_0003 第 1 轮执行工具 list_stations
2026-09-16 23:16:40 [batch_test] [info] 2_B20260916_231606_0003 第 2/30 轮对话：请求模型 glm-5.3-flash
2026-09-16 23:16:42 [batch_test] [info] 2_B20260916_231606_0003 第 2 轮执行工具 query_trains_between_stations
2026-09-16 23:16:42 [batch_test] [info] 2_B20260916_231606_0003 第 3/30 轮对话：请求模型 glm-5.3-flash
2026-09-16 23:16:42 [batch_test] [info] 1_B20260916_231606_0001 第 2 轮执行工具 query_trains_between_stations
2026-09-16 23:16:42 [batch_test] [info] 1_B20260916_231606_0001 第 3/30 轮对话：请求模型 glm-5.3-flash
2026-09-16 23:16:45 [batch_test] [info] 1_B20260916_231606_0001 第 3 轮执行工具 query_trains_at_station
2026-09-16 23:16:45 [batch_test] [info] 1_B20260916_231606_0001 第 3 轮执行工具 query_trains_at_station
2026-09-16 23:16:45 [batch_test] [info] 1_B20260916_231606_0001 第 4/30 轮对话：请求模型 glm-5.3-flash
2026-09-16 23:16:45 [batch_test] [info] 0_B20260916_231606_0002 第 2 轮执行工具 query_trains_between_stations
2026-09-16 23:16:45 [batch_test] [info] 0_B20260916_231606_0002 第 3/30 轮对话：请求模型 glm-5.3-flash
2026-09-16 23:16:50 [batch_test] [info] 1_B20260916_231606_0001 第 4 轮执行工具 list_trains
2026-09-16 23:16:50 [batch_test] [info] 1_B20260916_231606_0001 第 5/30 轮对话：请求模型 glm-5.3-flash
2026-09-16 23:16:56 [batch_test] [info] 2_B20260916_231606_0003 第 3 轮执行工具 query_tickets
2026-09-16 23:16:56 [batch_test] [info] 2_B20260916_231606_0003 第 3 轮执行工具 query_tickets
2026-09-16 23:16:56 [batch_test] [info] 2_B20260916_231606_0003 第 3 轮执行工具 query_tickets
2026-09-16 23:16:56 [batch_test] [info] 2_B20260916_231606_0003 第 3 轮执行工具 query_tickets
2026-09-16 23:16:56 [batch_test] [info] 2_B20260916_231606_0003 第 3 轮执行工具 query_tickets
2026-09-16 23:16:56 [batch_test] [info] 2_B20260916_231606_0003 第 3 轮执行工具 query_tickets
2026-09-16 23:16:56 [batch_test] [info] 2_B20260916_231606_0003 第 4/30 轮对话：请求模型 glm-5.3-flash
2026-09-16 23:17:00 [batch_test] [info] 0_B20260916_231606_0002 第 3 轮执行工具 query_tickets
2026-09-16 23:17:00 [batch_test] [info] 0_B20260916_231606_0002 第 3 轮执行工具 query_tickets
2026-09-16 23:17:00 [batch_test] [info] 0_B20260916_231606_0002 第 3 轮执行工具 query_tickets
2026-09-16 23:17:00 [batch_test] [info] 0_B20260916_231606_0002 第 3 轮执行工具 query_tickets
2026-09-16 23:17:00 [batch_test] [info] 0_B20260916_231606_0002 第 3 轮执行工具 query_tickets
2026-09-16 23:17:00 [batch_test] [info] 0_B20260916_231606_0002 第 3 轮执行工具 query_tickets
2026-09-16 23:17:00 [batch_test] [info] 0_B20260916_231606_0002 第 3 轮执行工具 query_tickets
2026-09-16 23:17:00 [batch_test] [info] 0_B20260916_231606_0002 第 3 轮执行工具 query_tickets
2026-09-16 23:17:00 [batch_test] [info] 0_B20260916_231606_0002 第 3 轮执行工具 query_tickets
2026-09-16 23:17:00 [batch_test] [info] 0_B20260916_231606_0002 第 3 轮执行工具 query_tickets
2026-09-16 23:17:00 [batch_test] [info] 0_B20260916_231606_0002 第 3 轮执行工具 query_tickets
2026-09-16 23:17:00 [batch_test] [info] 0_B20260916_231606_0002 第 3 轮执行工具 query_tickets
2026-09-16 23:17:00 [batch_test] [info] 0_B20260916_231606_0002 第 3 轮执行工具 query_tickets
2026-09-16 23:17:00 [batch_test] [info] 0_B20260916_231606_0002 第 3 轮执行工具 query_tickets
2026-09-16 23:17:00 [batch_test] [info] 0_B20260916_231606_0002 第 3 轮执行工具 query_tickets
2026-09-16 23:17:00 [batch_test] [info] 0_B20260916_231606_0002 第 4/30 轮对话：请求模型 glm-5.3-flash
2026-09-16 23:17:04 [batch_test] [info] 1_B20260916_231606_0001 第 5 轮执行工具 list_stations
2026-09-16 23:17:04 [batch_test] [info] 1_B20260916_231606_0001 第 5 轮执行工具 list_stations
2026-09-16 23:17:04 [batch_test] [info] 1_B20260916_231606_0001 第 5 轮执行工具 list_stations
2026-09-16 23:17:04 [batch_test] [info] 1_B20260916_231606_0001 第 5 轮执行工具 list_stations
2026-09-16 23:17:04 [batch_test] [info] 1_B20260916_231606_0001 第 6/30 轮对话：请求模型 glm-5.3-flash
2026-09-16 23:17:07 [batch_test] [info] 2_B20260916_231606_0003 第 4 轮执行工具 query_tickets
2026-09-16 23:17:07 [batch_test] [info] 2_B20260916_231606_0003 第 4 轮执行工具 query_tickets
2026-09-16 23:17:07 [batch_test] [info] 2_B20260916_231606_0003 第 4 轮执行工具 query_tickets
2026-09-16 23:17:07 [batch_test] [info] 2_B20260916_231606_0003 第 4 轮执行工具 query_tickets
2026-09-16 23:17:07 [batch_test] [info] 2_B20260916_231606_0003 第 4 轮执行工具 query_tickets
2026-09-16 23:17:07 [batch_test] [info] 2_B20260916_231606_0003 第 4 轮执行工具 query_tickets
2026-09-16 23:17:07 [batch_test] [info] 2_B20260916_231606_0003 第 5/30 轮对话：请求模型 glm-5.3-flash
2026-09-16 23:17:08 [batch_test] [info] 1_B20260916_231606_0001 第 6 轮执行工具 query_trains_between_stations
2026-09-16 23:17:08 [batch_test] [info] 1_B20260916_231606_0001 第 6 轮执行工具 query_trains_between_stations
2026-09-16 23:17:08 [batch_test] [info] 1_B20260916_231606_0001 第 6 轮执行工具 query_trains_between_stations
2026-09-16 23:17:08 [batch_test] [info] 1_B20260916_231606_0001 第 6 轮执行工具 query_trains_between_stations
2026-09-16 23:17:08 [batch_test] [info] 1_B20260916_231606_0001 第 7/30 轮对话：请求模型 glm-5.3-flash
2026-09-16 23:17:13 [batch_test] [info] 0_B20260916_231606_0002 第 4 轮执行工具 query_tickets
2026-09-16 23:17:13 [batch_test] [info] 0_B20260916_231606_0002 第 4 轮执行工具 query_tickets
2026-09-16 23:17:13 [batch_test] [info] 0_B20260916_231606_0002 第 4 轮执行工具 query_tickets
2026-09-16 23:17:13 [batch_test] [info] 0_B20260916_231606_0002 第 4 轮执行工具 query_tickets
2026-09-16 23:17:13 [batch_test] [info] 0_B20260916_231606_0002 第 5/30 轮对话：请求模型 glm-5.3-flash
2026-09-16 23:17:16 [batch_test] [info] 1_B20260916_231606_0001 第 7 轮执行工具 query_train_detail
2026-09-16 23:17:16 [batch_test] [info] 1_B20260916_231606_0001 第 8/30 轮对话：请求模型 glm-5.3-flash
2026-09-16 23:17:21 [batch_test] [info] 2_B20260916_231606_0003 第 5 轮执行工具 query_train_detail
2026-09-16 23:17:21 [batch_test] [info] 2_B20260916_231606_0003 第 5 轮执行工具 query_train_detail
2026-09-16 23:17:21 [batch_test] [info] 2_B20260916_231606_0003 第 5 轮执行工具 query_train_detail
2026-09-16 23:17:21 [batch_test] [info] 2_B20260916_231606_0003 第 6/30 轮对话：请求模型 glm-5.3-flash
2026-09-16 23:17:40 [batch_test] [info] 0_B20260916_231606_0002 第 5 轮执行工具 query_tickets
2026-09-16 23:17:40 [batch_test] [info] 0_B20260916_231606_0002 第 5 轮执行工具 query_tickets
2026-09-16 23:17:40 [batch_test] [info] 0_B20260916_231606_0002 第 5 轮执行工具 query_tickets
2026-09-16 23:17:40 [batch_test] [info] 0_B20260916_231606_0002 第 5 轮执行工具 query_tickets
2026-09-16 23:17:40 [batch_test] [info] 0_B20260916_231606_0002 第 5 轮执行工具 query_tickets
2026-09-16 23:17:40 [batch_test] [info] 0_B20260916_231606_0002 第 5 轮执行工具 query_tickets
2026-09-16 23:17:40 [batch_test] [info] 0_B20260916_231606_0002 第 5 轮执行工具 query_tickets
2026-09-16 23:17:40 [batch_test] [info] 0_B20260916_231606_0002 第 5 轮执行工具 query_tickets
2026-09-16 23:17:40 [batch_test] [info] 0_B20260916_231606_0002 第 5 轮执行工具 query_tickets
2026-09-16 23:17:40 [batch_test] [info] 0_B20260916_231606_0002 第 5 轮执行工具 query_tickets
2026-09-16 23:17:40 [batch_test] [info] 0_B20260916_231606_0002 第 5 轮执行工具 query_tickets
2026-09-16 23:17:40 [batch_test] [info] 0_B20260916_231606_0002 第 5 轮执行工具 query_tickets
2026-09-16 23:17:40 [batch_test] [info] 0_B20260916_231606_0002 第 5 轮执行工具 query_tickets
2026-09-16 23:17:40 [batch_test] [info] 0_B20260916_231606_0002 第 5 轮执行工具 query_tickets
2026-09-16 23:17:40 [batch_test] [info] 0_B20260916_231606_0002 第 5 轮执行工具 query_tickets
2026-09-16 23:17:40 [batch_test] [info] 0_B20260916_231606_0002 第 5 轮执行工具 query_tickets
2026-09-16 23:17:40 [batch_test] [info] 0_B20260916_231606_0002 第 5 轮执行工具 query_tickets
2026-09-16 23:17:40 [batch_test] [info] 0_B20260916_231606_0002 第 5 轮执行工具 query_tickets
2026-09-16 23:17:40 [batch_test] [info] 0_B20260916_231606_0002 第 5 轮执行工具 query_tickets
2026-09-16 23:17:40 [batch_test] [info] 0_B20260916_231606_0002 第 5 轮执行工具 query_tickets
2026-09-16 23:17:40 [batch_test] [info] 0_B20260916_231606_0002 第 5 轮执行工具 query_tickets
2026-09-16 23:17:40 [batch_test] [info] 0_B20260916_231606_0002 第 5 轮执行工具 query_tickets
2026-09-16 23:17:40 [batch_test] [info] 0_B20260916_231606_0002 第 5 轮执行工具 query_tickets
2026-09-16 23:17:40 [batch_test] [info] 0_B20260916_231606_0002 第 5 轮执行工具 query_tickets
2026-09-16 23:17:40 [batch_test] [info] 0_B20260916_231606_0002 第 5 轮执行工具 query_tickets
2026-09-16 23:17:40 [batch_test] [info] 0_B20260916_231606_0002 第 5 轮执行工具 query_tickets
2026-09-16 23:17:40 [batch_test] [info] 0_B20260916_231606_0002 第 5 轮执行工具 query_tickets
2026-09-16 23:17:40 [batch_test] [info] 0_B20260916_231606_0002 第 5 轮执行工具 query_tickets
2026-09-16 23:17:40 [batch_test] [info] 0_B20260916_231606_0002 第 5 轮执行工具 query_tickets
2026-09-16 23:17:40 [batch_test] [info] 0_B20260916_231606_0002 第 5 轮执行工具 query_train_detail
2026-09-16 23:17:40 [batch_test] [info] 0_B20260916_231606_0002 第 6/30 轮对话：请求模型 glm-5.3-flash
2026-09-16 23:17:43 [batch_test] [info] 1_B20260916_231606_0001 第 8 轮执行工具 query_trains_between_stations
2026-09-16 23:17:43 [batch_test] [info] 1_B20260916_231606_0001 第 8 轮执行工具 query_trains_between_stations
2026-09-16 23:17:43 [batch_test] [info] 1_B20260916_231606_0001 第 8 轮执行工具 query_trains_between_stations
2026-09-16 23:17:43 [batch_test] [info] 1_B20260916_231606_0001 第 9/30 轮对话：请求模型 glm-5.3-flash
2026-09-16 23:17:46 [batch_test] [info] 2_B20260916_231606_0003 第 6 轮执行工具 query_tickets
2026-09-16 23:17:46 [batch_test] [info] 2_B20260916_231606_0003 第 6 轮执行工具 query_tickets
2026-09-16 23:17:46 [batch_test] [info] 2_B20260916_231606_0003 第 6 轮执行工具 query_tickets
2026-09-16 23:17:46 [batch_test] [info] 2_B20260916_231606_0003 第 6 轮执行工具 query_tickets
2026-09-16 23:17:46 [batch_test] [info] 2_B20260916_231606_0003 第 6 轮执行工具 query_tickets
2026-09-16 23:17:46 [batch_test] [info] 2_B20260916_231606_0003 第 6 轮执行工具 query_tickets
2026-09-16 23:17:46 [batch_test] [info] 2_B20260916_231606_0003 第 6 轮执行工具 query_tickets
2026-09-16 23:17:46 [batch_test] [info] 2_B20260916_231606_0003 第 6 轮执行工具 query_tickets
2026-09-16 23:17:46 [batch_test] [info] 2_B20260916_231606_0003 第 6 轮执行工具 query_tickets
2026-09-16 23:17:46 [batch_test] [info] 2_B20260916_231606_0003 第 6 轮执行工具 query_tickets
2026-09-16 23:17:46 [batch_test] [info] 2_B20260916_231606_0003 第 6 轮执行工具 query_tickets
2026-09-16 23:17:46 [batch_test] [info] 2_B20260916_231606_0003 第 7/30 轮对话：请求模型 glm-5.3-flash
2026-09-16 23:17:53 [batch_test] [info] 1_B20260916_231606_0001 第 9 轮执行工具 query_trains_between_stations
2026-09-16 23:17:53 [batch_test] [info] 1_B20260916_231606_0001 第 9 轮执行工具 query_trains_between_stations
2026-09-16 23:17:53 [batch_test] [info] 1_B20260916_231606_0001 第 9 轮执行工具 query_trains_between_stations
2026-09-16 23:17:53 [batch_test] [info] 1_B20260916_231606_0001 第 10/30 轮对话：请求模型 glm-5.3-flash
2026-09-16 23:17:53 [batch_test] [info] 0_B20260916_231606_0002 第 6 轮执行工具 query_tickets
2026-09-16 23:17:53 [batch_test] [info] 0_B20260916_231606_0002 第 6 轮执行工具 query_tickets
2026-09-16 23:17:53 [batch_test] [info] 0_B20260916_231606_0002 第 6 轮执行工具 query_tickets
2026-09-16 23:17:53 [batch_test] [info] 0_B20260916_231606_0002 第 6 轮执行工具 query_train_detail
2026-09-16 23:17:53 [batch_test] [info] 0_B20260916_231606_0002 第 6 轮执行工具 query_train_detail
2026-09-16 23:17:53 [batch_test] [info] 0_B20260916_231606_0002 第 6 轮执行工具 query_train_detail
2026-09-16 23:17:53 [batch_test] [info] 0_B20260916_231606_0002 第 6 轮执行工具 query_train_detail
2026-09-16 23:17:53 [batch_test] [info] 0_B20260916_231606_0002 第 6 轮执行工具 query_train_detail
2026-09-16 23:17:53 [batch_test] [info] 0_B20260916_231606_0002 第 7/30 轮对话：请求模型 glm-5.3-flash
2026-09-16 23:18:00 [batch_test] [info] 2_B20260916_231606_0003 第 7 轮执行工具 query_tickets
2026-09-16 23:18:00 [batch_test] [info] 2_B20260916_231606_0003 第 7 轮执行工具 query_tickets
2026-09-16 23:18:00 [batch_test] [info] 2_B20260916_231606_0003 第 7 轮执行工具 query_tickets
2026-09-16 23:18:00 [batch_test] [info] 2_B20260916_231606_0003 第 7 轮执行工具 query_tickets
2026-09-16 23:18:00 [batch_test] [info] 2_B20260916_231606_0003 第 7 轮执行工具 query_tickets
2026-09-16 23:18:00 [batch_test] [info] 2_B20260916_231606_0003 第 7 轮执行工具 query_tickets
2026-09-16 23:18:00 [batch_test] [info] 2_B20260916_231606_0003 第 8/30 轮对话：请求模型 glm-5.3-flash
2026-09-16 23:18:14 [batch_test] [info] 1_B20260916_231606_0001 第 10 轮执行工具 query_ticket_price
2026-09-16 23:18:14 [batch_test] [info] 1_B20260916_231606_0001 第 10 轮执行工具 query_ticket_price
2026-09-16 23:18:14 [batch_test] [info] 1_B20260916_231606_0001 第 10 轮执行工具 query_tickets
2026-09-16 23:18:14 [batch_test] [info] 1_B20260916_231606_0001 第 10 轮执行工具 query_tickets
2026-09-16 23:18:14 [batch_test] [info] 1_B20260916_231606_0001 第 11/30 轮对话：请求模型 glm-5.3-flash
2026-09-16 23:18:20 [batch_test] [info] 0_B20260916_231606_0002 第 7 轮执行工具 query_tickets
2026-09-16 23:18:20 [batch_test] [info] 0_B20260916_231606_0002 第 7 轮执行工具 query_tickets
2026-09-16 23:18:20 [batch_test] [info] 0_B20260916_231606_0002 第 7 轮执行工具 query_tickets
2026-09-16 23:18:20 [batch_test] [info] 0_B20260916_231606_0002 第 7 轮执行工具 query_tickets
2026-09-16 23:18:20 [batch_test] [info] 0_B20260916_231606_0002 第 7 轮执行工具 query_tickets
2026-09-16 23:18:20 [batch_test] [info] 0_B20260916_231606_0002 第 8/30 轮对话：请求模型 glm-5.3-flash
2026-09-16 23:18:23 [batch_test] [info] 1_B20260916_231606_0001 第 11 轮执行工具 query_train_detail
2026-09-16 23:18:23 [batch_test] [info] 1_B20260916_231606_0001 第 11 轮执行工具 query_train_detail
2026-09-16 23:18:23 [batch_test] [info] 1_B20260916_231606_0001 第 12/30 轮对话：请求模型 glm-5.3-flash
2026-09-16 23:18:37 [batch_test] [info] 2_B20260916_231606_0003 第 8 轮执行工具 query_trains_at_station
2026-09-16 23:18:37 [batch_test] [info] 2_B20260916_231606_0003 第 8 轮执行工具 query_trains_between_stations
2026-09-16 23:18:37 [batch_test] [info] 2_B20260916_231606_0003 第 8 轮执行工具 query_trains_between_stations
2026-09-16 23:18:37 [batch_test] [info] 2_B20260916_231606_0003 第 9/30 轮对话：请求模型 glm-5.3-flash
2026-09-16 23:18:41 [batch_test] [info] 0_B20260916_231606_0002 第 8 轮执行工具 query_tickets
2026-09-16 23:18:41 [batch_test] [info] 0_B20260916_231606_0002 第 8 轮执行工具 query_tickets
2026-09-16 23:18:41 [batch_test] [info] 0_B20260916_231606_0002 第 8 轮执行工具 query_tickets
2026-09-16 23:18:41 [batch_test] [info] 0_B20260916_231606_0002 第 8 轮执行工具 query_tickets
2026-09-16 23:18:41 [batch_test] [info] 0_B20260916_231606_0002 第 8 轮执行工具 query_tickets
2026-09-16 23:18:41 [batch_test] [info] 0_B20260916_231606_0002 第 8 轮执行工具 query_tickets
2026-09-16 23:18:41 [batch_test] [info] 0_B20260916_231606_0002 第 8 轮执行工具 query_tickets
2026-09-16 23:18:41 [batch_test] [info] 0_B20260916_231606_0002 第 8 轮执行工具 query_tickets
2026-09-16 23:18:41 [batch_test] [info] 0_B20260916_231606_0002 第 8 轮执行工具 query_tickets
2026-09-16 23:18:41 [batch_test] [info] 0_B20260916_231606_0002 第 8 轮执行工具 query_tickets
2026-09-16 23:18:41 [batch_test] [info] 0_B20260916_231606_0002 第 8 轮执行工具 query_tickets
2026-09-16 23:18:41 [batch_test] [info] 0_B20260916_231606_0002 第 9/30 轮对话：请求模型 glm-5.3-flash
2026-09-16 23:19:02 [batch_test] [info] 1_B20260916_231606_0001 第 12 轮执行工具 query_tickets
2026-09-16 23:19:02 [batch_test] [info] 1_B20260916_231606_0001 第 12 轮执行工具 query_tickets
2026-09-16 23:19:02 [batch_test] [info] 1_B20260916_231606_0001 第 12 轮执行工具 query_tickets
2026-09-16 23:19:02 [batch_test] [info] 1_B20260916_231606_0001 第 12 轮执行工具 query_tickets
2026-09-16 23:19:02 [batch_test] [info] 1_B20260916_231606_0001 第 12 轮执行工具 query_tickets
2026-09-16 23:19:02 [batch_test] [info] 1_B20260916_231606_0001 第 12 轮执行工具 query_tickets
2026-09-16 23:19:02 [batch_test] [info] 1_B20260916_231606_0001 第 13/30 轮对话：请求模型 glm-5.3-flash
2026-09-16 23:19:02 [batch_test] [info] 0_B20260916_231606_0002 第 9 轮执行工具 query_trains_between_stations
2026-09-16 23:19:02 [batch_test] [info] 0_B20260916_231606_0002 第 9 轮执行工具 query_trains_between_stations
2026-09-16 23:19:02 [batch_test] [info] 0_B20260916_231606_0002 第 9 轮执行工具 query_trains_between_stations
2026-09-16 23:19:02 [batch_test] [info] 0_B20260916_231606_0002 第 9 轮执行工具 query_trains_at_station
2026-09-16 23:19:02 [batch_test] [info] 0_B20260916_231606_0002 第 10/30 轮对话：请求模型 glm-5.3-flash
2026-09-16 23:19:10 [batch_test] [info] 1_B20260916_231606_0001 第 13 轮执行工具 query_tickets
2026-09-16 23:19:10 [batch_test] [info] 1_B20260916_231606_0001 第 13 轮执行工具 query_tickets
2026-09-16 23:19:10 [batch_test] [info] 1_B20260916_231606_0001 第 14/30 轮对话：请求模型 glm-5.3-flash
2026-09-16 23:19:25 [batch_test] [info] 2_B20260916_231606_0003 第 9 轮执行工具 query_trains_at_station
2026-09-16 23:19:25 [batch_test] [info] 2_B20260916_231606_0003 第 9 轮执行工具 query_tickets
2026-09-16 23:19:25 [batch_test] [info] 2_B20260916_231606_0003 第 9 轮执行工具 query_tickets
2026-09-16 23:19:25 [batch_test] [info] 2_B20260916_231606_0003 第 9 轮执行工具 query_tickets
2026-09-16 23:19:25 [batch_test] [info] 2_B20260916_231606_0003 第 9 轮执行工具 query_tickets
2026-09-16 23:19:25 [batch_test] [info] 2_B20260916_231606_0003 第 9 轮执行工具 query_tickets
2026-09-16 23:19:25 [batch_test] [info] 2_B20260916_231606_0003 第 9 轮执行工具 query_tickets
2026-09-16 23:19:25 [batch_test] [info] 2_B20260916_231606_0003 第 10/30 轮对话：请求模型 glm-5.3-flash
2026-09-16 23:19:39 [batch_test] [info] 2_B20260916_231606_0003 第 10 轮执行工具 query_trains_at_station
2026-09-16 23:19:39 [batch_test] [info] 2_B20260916_231606_0003 第 11/30 轮对话：请求模型 glm-5.3-flash
2026-09-16 23:19:43 [batch_test] [info] 2_B20260916_231606_0003 第 11 轮执行工具 query_trains_between_stations
2026-09-16 23:19:43 [batch_test] [info] 2_B20260916_231606_0003 第 12/30 轮对话：请求模型 glm-5.3-flash
2026-09-16 23:19:50 [batch_test] [info] 0_B20260916_231606_0002 第 10 轮执行工具 query_trains_between_stations
2026-09-16 23:19:50 [batch_test] [info] 0_B20260916_231606_0002 第 10 轮执行工具 query_trains_between_stations
2026-09-16 23:19:50 [batch_test] [info] 0_B20260916_231606_0002 第 10 轮执行工具 query_tickets
2026-09-16 23:19:50 [batch_test] [info] 0_B20260916_231606_0002 第 10 轮执行工具 query_tickets
2026-09-16 23:19:50 [batch_test] [info] 0_B20260916_231606_0002 第 10 轮执行工具 query_tickets
2026-09-16 23:19:50 [batch_test] [info] 0_B20260916_231606_0002 第 10 轮执行工具 query_tickets
2026-09-16 23:19:50 [batch_test] [info] 0_B20260916_231606_0002 第 10 轮执行工具 query_tickets
2026-09-16 23:19:50 [batch_test] [info] 0_B20260916_231606_0002 第 10 轮执行工具 query_tickets
2026-09-16 23:19:50 [batch_test] [info] 0_B20260916_231606_0002 第 10 轮执行工具 query_tickets
2026-09-16 23:19:50 [batch_test] [info] 0_B20260916_231606_0002 第 10 轮执行工具 query_tickets
2026-09-16 23:19:50 [batch_test] [info] 0_B20260916_231606_0002 第 10 轮执行工具 query_tickets
2026-09-16 23:19:50 [batch_test] [info] 0_B20260916_231606_0002 第 10 轮执行工具 query_tickets
2026-09-16 23:19:50 [batch_test] [info] 0_B20260916_231606_0002 第 10 轮执行工具 query_tickets
2026-09-16 23:19:50 [batch_test] [info] 0_B20260916_231606_0002 第 10 轮执行工具 query_tickets
2026-09-16 23:19:50 [batch_test] [info] 0_B20260916_231606_0002 第 10 轮执行工具 query_tickets
2026-09-16 23:19:50 [batch_test] [info] 0_B20260916_231606_0002 第 10 轮执行工具 query_tickets
2026-09-16 23:19:50 [batch_test] [info] 0_B20260916_231606_0002 第 10 轮执行工具 query_tickets
2026-09-16 23:19:50 [batch_test] [info] 0_B20260916_231606_0002 第 10 轮执行工具 query_tickets
2026-09-16 23:19:50 [batch_test] [info] 0_B20260916_231606_0002 第 10 轮执行工具 query_tickets
2026-09-16 23:19:50 [batch_test] [info] 0_B20260916_231606_0002 第 10 轮执行工具 query_tickets
2026-09-16 23:19:50 [batch_test] [info] 0_B20260916_231606_0002 第 10 轮执行工具 query_tickets
2026-09-16 23:19:50 [batch_test] [info] 0_B20260916_231606_0002 第 10 轮执行工具 query_tickets
2026-09-16 23:19:50 [batch_test] [info] 0_B20260916_231606_0002 第 11/30 轮对话：请求模型 glm-5.3-flash
2026-09-16 23:19:55 [batch_test] [info] 1_B20260916_231606_0001 第 14 轮执行工具 query_trains_between_stations
2026-09-16 23:19:55 [batch_test] [info] 1_B20260916_231606_0001 第 14 轮执行工具 query_trains_between_stations
2026-09-16 23:19:55 [batch_test] [info] 1_B20260916_231606_0001 第 14 轮执行工具 query_trains_between_stations
2026-09-16 23:19:55 [batch_test] [info] 1_B20260916_231606_0001 第 14 轮执行工具 query_trains_between_stations
2026-09-16 23:19:55 [batch_test] [info] 1_B20260916_231606_0001 第 14 轮执行工具 query_trains_between_stations
2026-09-16 23:19:55 [batch_test] [info] 1_B20260916_231606_0001 第 14 轮执行工具 query_trains_between_stations
2026-09-16 23:19:55 [batch_test] [info] 1_B20260916_231606_0001 第 14 轮执行工具 query_trains_between_stations
2026-09-16 23:19:55 [batch_test] [info] 1_B20260916_231606_0001 第 15/30 轮对话：请求模型 glm-5.3-flash
2026-09-16 23:20:13 [batch_test] [info] 1_B20260916_231606_0001 第 15 轮执行工具 query_tickets
2026-09-16 23:20:13 [batch_test] [info] 1_B20260916_231606_0001 第 15 轮执行工具 query_tickets
2026-09-16 23:20:13 [batch_test] [info] 1_B20260916_231606_0001 第 15 轮执行工具 query_tickets
2026-09-16 23:20:13 [batch_test] [info] 1_B20260916_231606_0001 第 15 轮执行工具 query_tickets
2026-09-16 23:20:13 [batch_test] [info] 1_B20260916_231606_0001 第 15 轮执行工具 query_tickets
2026-09-16 23:20:13 [batch_test] [info] 1_B20260916_231606_0001 第 15 轮执行工具 query_tickets
2026-09-16 23:20:13 [batch_test] [info] 1_B20260916_231606_0001 第 15 轮执行工具 query_tickets
2026-09-16 23:20:13 [batch_test] [info] 1_B20260916_231606_0001 第 16/30 轮对话：请求模型 glm-5.3-flash
2026-09-16 23:20:18 [batch_test] [info] 2_B20260916_231606_0003 第 12 轮执行工具 query_tickets
2026-09-16 23:20:18 [batch_test] [info] 2_B20260916_231606_0003 第 12 轮执行工具 query_train_detail
2026-09-16 23:20:18 [batch_test] [info] 2_B20260916_231606_0003 第 12 轮执行工具 query_tickets
2026-09-16 23:20:18 [batch_test] [info] 2_B20260916_231606_0003 第 12 轮执行工具 query_trains_between_stations
2026-09-16 23:20:18 [batch_test] [info] 2_B20260916_231606_0003 第 13/30 轮对话：请求模型 glm-5.3-flash
2026-09-16 23:20:19 [batch_test] [info] 0_B20260916_231606_0002 第 11 轮执行工具 query_tickets
2026-09-16 23:20:19 [batch_test] [info] 0_B20260916_231606_0002 第 11 轮执行工具 query_tickets
2026-09-16 23:20:19 [batch_test] [info] 0_B20260916_231606_0002 第 11 轮执行工具 query_tickets
2026-09-16 23:20:19 [batch_test] [info] 0_B20260916_231606_0002 第 11 轮执行工具 query_tickets
2026-09-16 23:20:19 [batch_test] [info] 0_B20260916_231606_0002 第 11 轮执行工具 query_tickets
2026-09-16 23:20:19 [batch_test] [info] 0_B20260916_231606_0002 第 11 轮执行工具 query_tickets
2026-09-16 23:20:19 [batch_test] [info] 0_B20260916_231606_0002 第 11 轮执行工具 query_tickets
2026-09-16 23:20:19 [batch_test] [info] 0_B20260916_231606_0002 第 11 轮执行工具 query_tickets
2026-09-16 23:20:19 [batch_test] [info] 0_B20260916_231606_0002 第 11 轮执行工具 query_tickets
2026-09-16 23:20:19 [batch_test] [info] 0_B20260916_231606_0002 第 11 轮执行工具 query_tickets
2026-09-16 23:20:19 [batch_test] [info] 0_B20260916_231606_0002 第 11 轮执行工具 query_tickets
2026-09-16 23:20:19 [batch_test] [info] 0_B20260916_231606_0002 第 11 轮执行工具 query_tickets
2026-09-16 23:20:19 [batch_test] [info] 0_B20260916_231606_0002 第 11 轮执行工具 query_tickets
2026-09-16 23:20:19 [batch_test] [info] 0_B20260916_231606_0002 第 11 轮执行工具 query_tickets
2026-09-16 23:20:19 [batch_test] [info] 0_B20260916_231606_0002 第 11 轮执行工具 query_tickets
2026-09-16 23:20:19 [batch_test] [info] 0_B20260916_231606_0002 第 11 轮执行工具 query_tickets
2026-09-16 23:20:19 [batch_test] [info] 0_B20260916_231606_0002 第 11 轮执行工具 query_tickets
2026-09-16 23:20:19 [batch_test] [info] 0_B20260916_231606_0002 第 11 轮执行工具 query_tickets
2026-09-16 23:20:19 [batch_test] [info] 0_B20260916_231606_0002 第 11 轮执行工具 query_tickets
2026-09-16 23:20:19 [batch_test] [info] 0_B20260916_231606_0002 第 11 轮执行工具 query_tickets
2026-09-16 23:20:19 [batch_test] [info] 0_B20260916_231606_0002 第 12/30 轮对话：请求模型 glm-5.3-flash
2026-09-16 23:20:40 [batch_test] [info] 2_B20260916_231606_0003 第 13 轮执行工具 query_tickets
2026-09-16 23:20:40 [batch_test] [info] 2_B20260916_231606_0003 第 13 轮执行工具 query_tickets
2026-09-16 23:20:40 [batch_test] [info] 2_B20260916_231606_0003 第 13 轮执行工具 query_tickets
2026-09-16 23:20:40 [batch_test] [info] 2_B20260916_231606_0003 第 13 轮执行工具 query_tickets
2026-09-16 23:20:40 [batch_test] [info] 2_B20260916_231606_0003 第 13 轮执行工具 query_tickets
2026-09-16 23:20:40 [batch_test] [info] 2_B20260916_231606_0003 第 13 轮执行工具 query_tickets
2026-09-16 23:20:40 [batch_test] [info] 2_B20260916_231606_0003 第 13 轮执行工具 query_tickets
2026-09-16 23:20:40 [batch_test] [info] 2_B20260916_231606_0003 第 13 轮执行工具 query_tickets
2026-09-16 23:20:40 [batch_test] [info] 2_B20260916_231606_0003 第 13 轮执行工具 query_tickets
2026-09-16 23:20:40 [batch_test] [info] 2_B20260916_231606_0003 第 13 轮执行工具 query_tickets
2026-09-16 23:20:40 [batch_test] [info] 2_B20260916_231606_0003 第 14/30 轮对话：请求模型 glm-5.3-flash
2026-09-16 23:20:56 [batch_test] [info] 2_B20260916_231606_0003 第 14 轮执行工具 query_tickets
2026-09-16 23:20:56 [batch_test] [info] 2_B20260916_231606_0003 第 14 轮执行工具 query_tickets
2026-09-16 23:20:56 [batch_test] [info] 2_B20260916_231606_0003 第 14 轮执行工具 query_tickets
2026-09-16 23:20:56 [batch_test] [info] 2_B20260916_231606_0003 第 15/30 轮对话：请求模型 glm-5.3-flash
2026-09-16 23:21:06 [batch_test] [info] 0_B20260916_231606_0002 第 12 轮执行工具 query_tickets
2026-09-16 23:21:06 [batch_test] [info] 0_B20260916_231606_0002 第 12 轮执行工具 query_tickets
2026-09-16 23:21:06 [batch_test] [info] 0_B20260916_231606_0002 第 12 轮执行工具 query_tickets
2026-09-16 23:21:06 [batch_test] [info] 0_B20260916_231606_0002 第 12 轮执行工具 query_tickets
2026-09-16 23:21:06 [batch_test] [info] 0_B20260916_231606_0002 第 12 轮执行工具 list_stations
2026-09-16 23:21:06 [batch_test] [info] 0_B20260916_231606_0002 第 12 轮执行工具 list_stations
2026-09-16 23:21:06 [batch_test] [info] 0_B20260916_231606_0002 第 13/30 轮对话：请求模型 glm-5.3-flash
2026-09-16 23:21:08 [batch_test] [info] 2_B20260916_231606_0003 第 15 轮执行工具 query_ticket_price
2026-09-16 23:21:08 [batch_test] [info] 2_B20260916_231606_0003 第 15 轮执行工具 query_ticket_price
2026-09-16 23:21:08 [batch_test] [info] 2_B20260916_231606_0003 第 16/30 轮对话：请求模型 glm-5.3-flash
2026-09-16 23:21:21 [batch_test] [info] 1_B20260916_231606_0001 第 16 轮执行工具 query_trains_between_stations
2026-09-16 23:21:21 [batch_test] [info] 1_B20260916_231606_0001 第 16 轮执行工具 query_trains_between_stations
2026-09-16 23:21:21 [batch_test] [info] 1_B20260916_231606_0001 第 16 轮执行工具 query_trains_between_stations
2026-09-16 23:21:21 [batch_test] [info] 1_B20260916_231606_0001 第 16 轮执行工具 query_tickets
2026-09-16 23:21:21 [batch_test] [info] 1_B20260916_231606_0001 第 16 轮执行工具 query_tickets
2026-09-16 23:21:21 [batch_test] [info] 1_B20260916_231606_0001 第 16 轮执行工具 query_tickets
2026-09-16 23:21:21 [batch_test] [info] 1_B20260916_231606_0001 第 16 轮执行工具 query_tickets
2026-09-16 23:21:21 [batch_test] [info] 1_B20260916_231606_0001 第 16 轮执行工具 query_tickets
2026-09-16 23:21:21 [batch_test] [info] 1_B20260916_231606_0001 第 16 轮执行工具 query_tickets
2026-09-16 23:21:21 [batch_test] [info] 1_B20260916_231606_0001 第 17/30 轮对话：请求模型 glm-5.3-flash
2026-09-16 23:21:24 [batch_test] [success] 2_B20260916_231606_0003 测试完成（plan_status=has_solution，模型调用 16 次，工具调用 66 次，耗时 291.8s）→ 20260916_232124_380862_glm-5.3-flash_2_B20260916_231606_0003.json
2026-09-16 23:21:37 [batch_test] [info] 0_B20260916_231606_0002 第 13 轮执行工具 query_tickets
2026-09-16 23:21:37 [batch_test] [info] 0_B20260916_231606_0002 第 13 轮执行工具 query_tickets
2026-09-16 23:21:37 [batch_test] [info] 0_B20260916_231606_0002 第 13 轮执行工具 query_tickets
2026-09-16 23:21:37 [batch_test] [info] 0_B20260916_231606_0002 第 13 轮执行工具 query_tickets
2026-09-16 23:21:37 [batch_test] [info] 0_B20260916_231606_0002 第 13 轮执行工具 query_tickets
2026-09-16 23:21:37 [batch_test] [info] 0_B20260916_231606_0002 第 13 轮执行工具 query_tickets
2026-09-16 23:21:37 [batch_test] [info] 0_B20260916_231606_0002 第 13 轮执行工具 query_tickets
2026-09-16 23:21:37 [batch_test] [info] 0_B20260916_231606_0002 第 13 轮执行工具 query_tickets
2026-09-16 23:21:37 [batch_test] [info] 0_B20260916_231606_0002 第 13 轮执行工具 query_tickets
2026-09-16 23:21:37 [batch_test] [info] 0_B20260916_231606_0002 第 13 轮执行工具 query_tickets
2026-09-16 23:21:37 [batch_test] [info] 0_B20260916_231606_0002 第 13 轮执行工具 query_tickets
2026-09-16 23:21:37 [batch_test] [info] 0_B20260916_231606_0002 第 13 轮执行工具 query_tickets
2026-09-16 23:21:37 [batch_test] [info] 0_B20260916_231606_0002 第 13 轮执行工具 query_tickets
2026-09-16 23:21:37 [batch_test] [info] 0_B20260916_231606_0002 第 13 轮执行工具 query_tickets
2026-09-16 23:21:37 [batch_test] [info] 0_B20260916_231606_0002 第 13 轮执行工具 query_tickets
2026-09-16 23:21:37 [batch_test] [info] 0_B20260916_231606_0002 第 13 轮执行工具 query_tickets
2026-09-16 23:21:37 [batch_test] [info] 0_B20260916_231606_0002 第 13 轮执行工具 query_tickets
2026-09-16 23:21:37 [batch_test] [info] 0_B20260916_231606_0002 第 13 轮执行工具 query_tickets
2026-09-16 23:21:37 [batch_test] [info] 0_B20260916_231606_0002 第 13 轮执行工具 query_tickets
2026-09-16 23:21:37 [batch_test] [info] 0_B20260916_231606_0002 第 13 轮执行工具 query_tickets
2026-09-16 23:21:37 [batch_test] [info] 0_B20260916_231606_0002 第 14/30 轮对话：请求模型 glm-5.3-flash
2026-09-16 23:22:24 [batch_test] [info] 1_B20260916_231606_0001 第 17 轮执行工具 query_tickets
2026-09-16 23:22:24 [batch_test] [info] 1_B20260916_231606_0001 第 17 轮执行工具 query_tickets
2026-09-16 23:22:24 [batch_test] [info] 1_B20260916_231606_0001 第 17 轮执行工具 query_tickets
2026-09-16 23:22:24 [batch_test] [info] 1_B20260916_231606_0001 第 17 轮执行工具 query_tickets
2026-09-16 23:22:24 [batch_test] [info] 1_B20260916_231606_0001 第 17 轮执行工具 query_tickets
2026-09-16 23:22:24 [batch_test] [info] 1_B20260916_231606_0001 第 17 轮执行工具 query_tickets
2026-09-16 23:22:24 [batch_test] [info] 1_B20260916_231606_0001 第 17 轮执行工具 query_tickets
2026-09-16 23:22:24 [batch_test] [info] 1_B20260916_231606_0001 第 17 轮执行工具 query_tickets
2026-09-16 23:22:24 [batch_test] [info] 1_B20260916_231606_0001 第 17 轮执行工具 query_tickets
2026-09-16 23:22:24 [batch_test] [info] 1_B20260916_231606_0001 第 17 轮执行工具 query_trains_between_stations
2026-09-16 23:22:24 [batch_test] [info] 1_B20260916_231606_0001 第 17 轮执行工具 query_trains_between_stations
2026-09-16 23:22:24 [batch_test] [info] 1_B20260916_231606_0001 第 17 轮执行工具 query_trains_between_stations
2026-09-16 23:22:24 [batch_test] [info] 1_B20260916_231606_0001 第 18/30 轮对话：请求模型 glm-5.3-flash
2026-09-16 23:22:25 [batch_test] [info] 0_B20260916_231606_0002 第 14 轮执行工具 query_tickets
2026-09-16 23:22:25 [batch_test] [info] 0_B20260916_231606_0002 第 14 轮执行工具 query_tickets
2026-09-16 23:22:25 [batch_test] [info] 0_B20260916_231606_0002 第 14 轮执行工具 query_tickets
2026-09-16 23:22:25 [batch_test] [info] 0_B20260916_231606_0002 第 14 轮执行工具 query_tickets
2026-09-16 23:22:25 [batch_test] [info] 0_B20260916_231606_0002 第 14 轮执行工具 query_tickets
2026-09-16 23:22:25 [batch_test] [info] 0_B20260916_231606_0002 第 14 轮执行工具 query_tickets
2026-09-16 23:22:25 [batch_test] [info] 0_B20260916_231606_0002 第 14 轮执行工具 query_tickets
2026-09-16 23:22:25 [batch_test] [info] 0_B20260916_231606_0002 第 14 轮执行工具 query_tickets
2026-09-16 23:22:25 [batch_test] [info] 0_B20260916_231606_0002 第 14 轮执行工具 query_tickets
2026-09-16 23:22:25 [batch_test] [info] 0_B20260916_231606_0002 第 14 轮执行工具 query_tickets
2026-09-16 23:22:25 [batch_test] [info] 0_B20260916_231606_0002 第 14 轮执行工具 query_tickets
2026-09-16 23:22:25 [batch_test] [info] 0_B20260916_231606_0002 第 14 轮执行工具 query_tickets
2026-09-16 23:22:25 [batch_test] [info] 0_B20260916_231606_0002 第 14 轮执行工具 query_tickets
2026-09-16 23:22:25 [batch_test] [info] 0_B20260916_231606_0002 第 14 轮执行工具 query_tickets
2026-09-16 23:22:25 [batch_test] [info] 0_B20260916_231606_0002 第 14 轮执行工具 query_trains_between_stations
2026-09-16 23:22:25 [batch_test] [info] 0_B20260916_231606_0002 第 14 轮执行工具 query_trains_between_stations
2026-09-16 23:22:25 [batch_test] [info] 0_B20260916_231606_0002 第 14 轮执行工具 query_trains_between_stations
2026-09-16 23:22:25 [batch_test] [info] 0_B20260916_231606_0002 第 14 轮执行工具 query_trains_between_stations
2026-09-16 23:22:25 [batch_test] [info] 0_B20260916_231606_0002 第 15/30 轮对话：请求模型 glm-5.3-flash
2026-09-16 23:23:11 [batch_test] [info] 0_B20260916_231606_0002 第 15 轮执行工具 list_stations
2026-09-16 23:23:11 [batch_test] [info] 0_B20260916_231606_0002 第 15 轮执行工具 list_stations
2026-09-16 23:23:11 [batch_test] [info] 0_B20260916_231606_0002 第 15 轮执行工具 list_stations
2026-09-16 23:23:11 [batch_test] [info] 0_B20260916_231606_0002 第 16/30 轮对话：请求模型 glm-5.3-flash
2026-09-16 23:23:27 [batch_test] [info] 0_B20260916_231606_0002 第 16 轮执行工具 query_trains_between_stations
2026-09-16 23:23:27 [batch_test] [info] 0_B20260916_231606_0002 第 16 轮执行工具 query_trains_between_stations
2026-09-16 23:23:27 [batch_test] [info] 0_B20260916_231606_0002 第 16 轮执行工具 query_trains_between_stations
2026-09-16 23:23:27 [batch_test] [info] 0_B20260916_231606_0002 第 16 轮执行工具 query_trains_between_stations
2026-09-16 23:23:27 [batch_test] [info] 0_B20260916_231606_0002 第 16 轮执行工具 query_trains_between_stations
2026-09-16 23:23:27 [batch_test] [info] 0_B20260916_231606_0002 第 16 轮执行工具 query_trains_between_stations
2026-09-16 23:23:27 [batch_test] [info] 0_B20260916_231606_0002 第 16 轮执行工具 query_trains_between_stations
2026-09-16 23:23:27 [batch_test] [info] 0_B20260916_231606_0002 第 16 轮执行工具 query_trains_between_stations
2026-09-16 23:23:27 [batch_test] [info] 0_B20260916_231606_0002 第 16 轮执行工具 query_trains_between_stations
2026-09-16 23:23:27 [batch_test] [info] 0_B20260916_231606_0002 第 17/30 轮对话：请求模型 glm-5.3-flash
2026-09-16 23:24:08 [batch_test] [info] 0_B20260916_231606_0002 第 17 轮执行工具 query_tickets
2026-09-16 23:24:08 [batch_test] [info] 0_B20260916_231606_0002 第 17 轮执行工具 query_tickets
2026-09-16 23:24:08 [batch_test] [info] 0_B20260916_231606_0002 第 17 轮执行工具 query_tickets
2026-09-16 23:24:08 [batch_test] [info] 0_B20260916_231606_0002 第 17 轮执行工具 query_tickets
2026-09-16 23:24:08 [batch_test] [info] 0_B20260916_231606_0002 第 17 轮执行工具 query_tickets
2026-09-16 23:24:08 [batch_test] [info] 0_B20260916_231606_0002 第 17 轮执行工具 query_tickets
2026-09-16 23:24:08 [batch_test] [info] 0_B20260916_231606_0002 第 17 轮执行工具 query_tickets
2026-09-16 23:24:08 [batch_test] [info] 0_B20260916_231606_0002 第 17 轮执行工具 query_tickets
2026-09-16 23:24:08 [batch_test] [info] 0_B20260916_231606_0002 第 17 轮执行工具 query_tickets
2026-09-16 23:24:08 [batch_test] [info] 0_B20260916_231606_0002 第 17 轮执行工具 query_tickets
2026-09-16 23:24:08 [batch_test] [info] 0_B20260916_231606_0002 第 17 轮执行工具 query_tickets
2026-09-16 23:24:08 [batch_test] [info] 0_B20260916_231606_0002 第 17 轮执行工具 query_tickets
2026-09-16 23:24:08 [batch_test] [info] 0_B20260916_231606_0002 第 17 轮执行工具 query_tickets
2026-09-16 23:24:08 [batch_test] [info] 0_B20260916_231606_0002 第 17 轮执行工具 query_tickets
2026-09-16 23:24:08 [batch_test] [info] 0_B20260916_231606_0002 第 17 轮执行工具 query_tickets
2026-09-16 23:24:08 [batch_test] [info] 0_B20260916_231606_0002 第 17 轮执行工具 query_tickets
2026-09-16 23:24:08 [batch_test] [info] 0_B20260916_231606_0002 第 17 轮执行工具 query_tickets
2026-09-16 23:24:08 [batch_test] [info] 0_B20260916_231606_0002 第 17 轮执行工具 query_tickets
2026-09-16 23:24:08 [batch_test] [info] 0_B20260916_231606_0002 第 17 轮执行工具 query_tickets
2026-09-16 23:24:08 [batch_test] [info] 0_B20260916_231606_0002 第 17 轮执行工具 query_tickets
2026-09-16 23:24:08 [batch_test] [info] 0_B20260916_231606_0002 第 17 轮执行工具 query_tickets
2026-09-16 23:24:08 [batch_test] [info] 0_B20260916_231606_0002 第 17 轮执行工具 query_tickets
2026-09-16 23:24:08 [batch_test] [info] 0_B20260916_231606_0002 第 17 轮执行工具 query_tickets
2026-09-16 23:24:08 [batch_test] [info] 0_B20260916_231606_0002 第 17 轮执行工具 query_tickets
2026-09-16 23:24:08 [batch_test] [info] 0_B20260916_231606_0002 第 17 轮执行工具 query_tickets
2026-09-16 23:24:08 [batch_test] [info] 0_B20260916_231606_0002 第 17 轮执行工具 query_tickets
2026-09-16 23:24:08 [batch_test] [info] 0_B20260916_231606_0002 第 17 轮执行工具 query_tickets
2026-09-16 23:24:08 [batch_test] [info] 0_B20260916_231606_0002 第 17 轮执行工具 query_tickets
2026-09-16 23:24:08 [batch_test] [info] 0_B20260916_231606_0002 第 17 轮执行工具 query_tickets
2026-09-16 23:24:08 [batch_test] [info] 0_B20260916_231606_0002 第 17 轮执行工具 query_tickets
2026-09-16 23:24:08 [batch_test] [info] 0_B20260916_231606_0002 第 17 轮执行工具 query_tickets
2026-09-16 23:24:08 [batch_test] [info] 0_B20260916_231606_0002 第 18/30 轮对话：请求模型 glm-5.3-flash
2026-09-16 23:24:17 [batch_test] [info] 0_B20260916_231606_0002 第 18 轮执行工具 query_tickets
2026-09-16 23:24:17 [batch_test] [info] 0_B20260916_231606_0002 第 18 轮执行工具 query_tickets
2026-09-16 23:24:17 [batch_test] [info] 0_B20260916_231606_0002 第 19/30 轮对话：请求模型 glm-5.3-flash
2026-09-16 23:24:22 [batch_test] [info] 0_B20260916_231606_0002 第 19 轮执行工具 query_tickets
2026-09-16 23:24:22 [batch_test] [info] 0_B20260916_231606_0002 第 19 轮执行工具 query_tickets
2026-09-16 23:24:22 [batch_test] [info] 0_B20260916_231606_0002 第 19 轮执行工具 query_tickets
2026-09-16 23:24:22 [batch_test] [info] 0_B20260916_231606_0002 第 20/30 轮对话：请求模型 glm-5.3-flash
2026-09-16 23:24:39 [batch_test] [info] 1_B20260916_231606_0001 第 18 轮执行工具 query_tickets
2026-09-16 23:24:39 [batch_test] [info] 1_B20260916_231606_0001 第 18 轮执行工具 query_tickets
2026-09-16 23:24:39 [batch_test] [info] 1_B20260916_231606_0001 第 18 轮执行工具 query_tickets
2026-09-16 23:24:39 [batch_test] [info] 1_B20260916_231606_0001 第 18 轮执行工具 query_tickets
2026-09-16 23:24:39 [batch_test] [info] 1_B20260916_231606_0001 第 18 轮执行工具 query_tickets
2026-09-16 23:24:39 [batch_test] [info] 1_B20260916_231606_0001 第 18 轮执行工具 query_tickets
2026-09-16 23:24:39 [batch_test] [info] 1_B20260916_231606_0001 第 18 轮执行工具 query_tickets
2026-09-16 23:24:39 [batch_test] [info] 1_B20260916_231606_0001 第 18 轮执行工具 query_tickets
2026-09-16 23:24:39 [batch_test] [info] 1_B20260916_231606_0001 第 18 轮执行工具 query_tickets
2026-09-16 23:24:39 [batch_test] [info] 1_B20260916_231606_0001 第 19/30 轮对话：请求模型 glm-5.3-flash
2026-09-16 23:24:57 [batch_test] [info] 0_B20260916_231606_0002 第 20 轮执行工具 query_tickets
2026-09-16 23:24:57 [batch_test] [info] 0_B20260916_231606_0002 第 21/30 轮对话：请求模型 glm-5.3-flash
2026-09-16 23:25:05 [batch_test] [success] 0_B20260916_231606_0002 测试完成（plan_status=empty_plan，模型调用 21 次，工具调用 215 次，耗时 513.1s）→ 20260916_232505_844533_glm-5.3-flash_0_B20260916_231606_0002.json
2026-09-16 23:25:29 [batch_test] [info] 1_B20260916_231606_0001 第 19 轮执行工具 query_tickets
2026-09-16 23:25:29 [batch_test] [info] 1_B20260916_231606_0001 第 19 轮执行工具 query_tickets
2026-09-16 23:25:29 [batch_test] [info] 1_B20260916_231606_0001 第 19 轮执行工具 query_tickets
2026-09-16 23:25:29 [batch_test] [info] 1_B20260916_231606_0001 第 19 轮执行工具 query_tickets
2026-09-16 23:25:29 [batch_test] [info] 1_B20260916_231606_0001 第 19 轮执行工具 query_tickets
2026-09-16 23:25:29 [batch_test] [info] 1_B20260916_231606_0001 第 19 轮执行工具 query_tickets
2026-09-16 23:25:29 [batch_test] [info] 1_B20260916_231606_0001 第 19 轮执行工具 query_tickets
2026-09-16 23:25:29 [batch_test] [info] 1_B20260916_231606_0001 第 19 轮执行工具 query_tickets
2026-09-16 23:25:29 [batch_test] [info] 1_B20260916_231606_0001 第 19 轮执行工具 query_tickets
2026-09-16 23:25:29 [batch_test] [info] 1_B20260916_231606_0001 第 20/30 轮对话：请求模型 glm-5.3-flash
2026-09-16 23:27:02 [batch_test] [info] 1_B20260916_231606_0001 第 20 轮执行工具 query_train_detail
2026-09-16 23:27:02 [batch_test] [info] 1_B20260916_231606_0001 第 21/30 轮对话：请求模型 glm-5.3-flash
2026-09-16 23:27:28 [batch_test] [info] 1_B20260916_231606_0001 第 21 轮执行工具 list_stations
2026-09-16 23:27:28 [batch_test] [info] 1_B20260916_231606_0001 第 21 轮执行工具 list_stations
2026-09-16 23:27:28 [batch_test] [info] 1_B20260916_231606_0001 第 21 轮执行工具 list_stations
2026-09-16 23:27:28 [batch_test] [info] 1_B20260916_231606_0001 第 21 轮执行工具 list_stations
2026-09-16 23:27:28 [batch_test] [info] 1_B20260916_231606_0001 第 22/30 轮对话：请求模型 glm-5.3-flash
2026-09-16 23:27:32 [batch_test] [info] 1_B20260916_231606_0001 第 22 轮执行工具 query_trains_between_stations
2026-09-16 23:27:32 [batch_test] [info] 1_B20260916_231606_0001 第 22 轮执行工具 query_trains_between_stations
2026-09-16 23:27:32 [batch_test] [info] 1_B20260916_231606_0001 第 22 轮执行工具 query_trains_between_stations
2026-09-16 23:27:32 [batch_test] [info] 1_B20260916_231606_0001 第 22 轮执行工具 query_trains_between_stations
2026-09-16 23:27:32 [batch_test] [info] 1_B20260916_231606_0001 第 23/30 轮对话：请求模型 glm-5.3-flash
2026-09-16 23:27:35 [batch_test] [info] 1_B20260916_231606_0001 第 23 轮执行工具 query_trains_at_station
2026-09-16 23:27:35 [batch_test] [info] 1_B20260916_231606_0001 第 24/30 轮对话：请求模型 glm-5.3-flash
2026-09-16 23:27:39 [batch_test] [info] 1_B20260916_231606_0001 第 24 轮执行工具 list_stations
2026-09-16 23:27:39 [batch_test] [info] 1_B20260916_231606_0001 第 25/30 轮对话：请求模型 glm-5.3-flash
2026-09-16 23:27:43 [batch_test] [info] 1_B20260916_231606_0001 第 25 轮执行工具 query_trains_between_stations
2026-09-16 23:27:43 [batch_test] [info] 1_B20260916_231606_0001 第 26/30 轮对话：请求模型 glm-5.3-flash
2026-09-16 23:28:27 [batch_test] [success] 1_B20260916_231606_0001 测试完成（plan_status=empty_plan，模型调用 26 次，工具调用 100 次，耗时 714.4s）→ 20260916_232827_037854_glm-5.3-flash_1_B20260916_231606_0001.json
2026-09-16 23:29:39 [batch_eval] [info] 批量测评开始：共 3 条测试记录
2026-09-16 23:29:39 [batch_eval] [info] （1/3）开始核查 20260916_232124_380862_glm-5.3-flash_2_B20260916_231606_0003.json
2026-09-16 23:29:40 [batch_eval] [success] 20260916_232124_380862_glm-5.3-flash_2_B20260916_231606_0003.json → 2_B20260916_231606_0003 核查完成：verdict=pass，结果已保存 20260916_232940_005008_glm-5.3-flash_2_B20260916_231606_0003.json
2026-09-16 23:29:40 [batch_eval] [info] （2/3）开始核查 20260916_232505_844533_glm-5.3-flash_0_B20260916_231606_0002.json
2026-09-16 23:29:40 [batch_eval] [success] 20260916_232505_844533_glm-5.3-flash_0_B20260916_231606_0002.json → 0_B20260916_231606_0002 核查完成：verdict=empty_plan，结果已保存 20260916_232940_010390_glm-5.3-flash_0_B20260916_231606_0002.json
2026-09-16 23:29:40 [batch_eval] [info] （3/3）开始核查 20260916_232827_037854_glm-5.3-flash_1_B20260916_231606_0001.json
2026-09-16 23:29:40 [batch_eval] [success] 20260916_232827_037854_glm-5.3-flash_1_B20260916_231606_0001.json → 1_B20260916_231606_0001 核查完成：verdict=empty_plan，结果已保存 20260916_232940_015370_glm-5.3-flash_1_B20260916_231606_0001.json
2026-09-16 23:29:40 [batch_eval] [success] 批量测评完成：成功 3 / 失败 0，verdict 分布 {'pass': 1, 'empty_plan': 2}
2026-09-17 17:16:07 [batch_generate] [info] 批量出题开始：共 3 题（存在性 2 + 选择性 1），每题重试上限 40，干扰密度 2.0%，随机票密度 2.0%
2026-09-17 17:16:07 [batch_generate] [success] [0001] 1_ 存在性（干扰）单策略/换乘 → 1_B20260917_171607_0001（尝试 1 次）
2026-09-17 17:16:07 [batch_generate] [success] [0002] 0_ 存在性（无干扰）单策略/换乘 → 0_B20260917_171607_0002（尝试 1 次）
2026-09-17 17:16:07 [batch_generate] [success] [0003] 2_ 选择性 综合考虑(随意) → 2_B20260917_171607_0003（尝试 1 次）
2026-09-17 17:16:07 [batch_generate] [success] 出题完成：成功 3 / 失败 0（共 3 题）
2026-09-17 17:23:45 [batch_nl] [info] 批量自然语言化开始：共 3 题（模型 glm-5.3-flash，温度 1.4，并发 3）
2026-09-17 17:23:45 [batch_nl] [info] （1/3）开始生成 1_B20260917_171607_0001 的自然语言
2026-09-17 17:23:45 [batch_nl] [info] （2/3）开始生成 0_B20260917_171607_0002 的自然语言
2026-09-17 17:23:45 [batch_nl] [info] （3/3）开始生成 2_B20260917_171607_0003 的自然语言
2026-09-17 17:24:00 [batch_nl] [success] 1_B20260917_171607_0001 自然语言生成成功并已写回 metadata
2026-09-17 17:24:00 [batch_nl] [success] 0_B20260917_171607_0002 自然语言生成成功并已写回 metadata
2026-09-17 17:24:05 [batch_nl] [success] 2_B20260917_171607_0003 自然语言生成成功并已写回 metadata
2026-09-17 17:24:05 [batch_nl] [success] 批量自然语言化完成：成功 3 / 失败 0 / 跳过 0（共 3 题，并发 3）
2026-09-17 17:27:08 [batch_generate] [info] 收到批量出题请求，任务已启动
2026-09-17 17:27:08 [batch_generate] [info] 批量出题开始：共 328 题（存在性 208 + 选择性 120），每题重试上限 40，干扰密度 2.0%，随机票密度 2.0%
2026-09-17 17:27:09 [batch_generate] [success] [0001] 1_ 存在性（干扰）单策略/换乘 → 1_B20260917_172708_0001（尝试 1 次）
2026-09-17 17:27:09 [batch_generate] [success] [0002] 1_ 存在性（干扰）单策略/换乘 → 1_B20260917_172708_0002（尝试 1 次）
2026-09-17 17:27:10 [batch_generate] [success] [0003] 1_ 存在性（干扰）单策略/换乘 → 1_B20260917_172708_0003（尝试 1 次）
2026-09-17 17:27:10 [batch_generate] [success] [0004] 1_ 存在性（干扰）单策略/换乘 → 1_B20260917_172708_0004（尝试 1 次）
2026-09-17 17:27:10 [batch_generate] [success] [0005] 1_ 存在性（干扰）单策略/换乘 → 1_B20260917_172708_0005（尝试 1 次）
2026-09-17 17:27:10 [batch_generate] [success] [0006] 1_ 存在性（干扰）单策略/换乘 → 1_B20260917_172708_0006（尝试 1 次）
2026-09-17 17:27:11 [batch_generate] [success] [0007] 1_ 存在性（干扰）单策略/换乘 → 1_B20260917_172708_0007（尝试 1 次）
2026-09-17 17:27:11 [batch_generate] [success] [0008] 1_ 存在性（干扰）单策略/换乘 → 1_B20260917_172708_0008（尝试 1 次）
2026-09-17 17:27:11 [batch_generate] [success] [0009] 0_ 存在性（无干扰）单策略/换乘 → 0_B20260917_172708_0009（尝试 1 次）
2026-09-17 17:27:11 [batch_generate] [success] [0010] 0_ 存在性（无干扰）单策略/换乘 → 0_B20260917_172708_0010（尝试 1 次）
2026-09-17 17:27:11 [batch_generate] [success] [0011] 0_ 存在性（无干扰）单策略/换乘 → 0_B20260917_172708_0011（尝试 1 次）
2026-09-17 17:27:12 [batch_generate] [success] [0012] 0_ 存在性（无干扰）单策略/换乘 → 0_B20260917_172708_0012（尝试 1 次）
2026-09-17 17:27:12 [batch_generate] [success] [0013] 0_ 存在性（无干扰）单策略/换乘 → 0_B20260917_172708_0013（尝试 1 次）
2026-09-17 17:27:12 [batch_generate] [success] [0014] 0_ 存在性（无干扰）单策略/换乘 → 0_B20260917_172708_0014（尝试 1 次）
2026-09-17 17:27:12 [batch_generate] [success] [0015] 0_ 存在性（无干扰）单策略/换乘 → 0_B20260917_172708_0015（尝试 1 次）
2026-09-17 17:27:12 [batch_generate] [success] [0016] 0_ 存在性（无干扰）单策略/换乘 → 0_B20260917_172708_0016（尝试 1 次）
2026-09-17 17:27:13 [batch_generate] [success] [0017] 1_ 存在性（干扰）单策略/买短补长 → 1_B20260917_172708_0017（尝试 1 次）
2026-09-17 17:27:13 [batch_generate] [success] [0019] 1_ 存在性（干扰）单策略/买短补长 → 1_B20260917_172708_0019（尝试 2 次）
2026-09-17 17:27:13 [batch_generate] [success] [0023] 1_ 存在性（干扰）单策略/买短补长 → 1_B20260917_172708_0023（尝试 4 次）
2026-09-17 17:27:13 [batch_generate] [success] [0024] 1_ 存在性（干扰）单策略/买短补长 → 1_B20260917_172708_0024（尝试 1 次）
2026-09-17 17:27:13 [batch_generate] [success] [0025] 1_ 存在性（干扰）单策略/买短补长 → 1_B20260917_172708_0025（尝试 1 次）
2026-09-17 17:27:14 [batch_generate] [success] [0026] 1_ 存在性（干扰）单策略/买短补长 → 1_B20260917_172708_0026（尝试 1 次）
2026-09-17 17:27:14 [batch_generate] [success] [0027] 1_ 存在性（干扰）单策略/买短补长 → 1_B20260917_172708_0027（尝试 1 次）
2026-09-17 17:27:14 [batch_generate] [success] [0028] 1_ 存在性（干扰）单策略/买短补长 → 1_B20260917_172708_0028（尝试 1 次）
2026-09-17 17:27:14 [batch_generate] [success] [0029] 0_ 存在性（无干扰）单策略/买短补长 → 0_B20260917_172708_0029（尝试 1 次）
2026-09-17 17:27:14 [batch_generate] [success] [0032] 0_ 存在性（无干扰）单策略/买短补长 → 0_B20260917_172708_0032（尝试 3 次）
2026-09-17 17:27:14 [batch_generate] [success] [0033] 0_ 存在性（无干扰）单策略/买短补长 → 0_B20260917_172708_0033（尝试 1 次）
2026-09-17 17:27:14 [batch_generate] [success] [0034] 0_ 存在性（无干扰）单策略/买短补长 → 0_B20260917_172708_0034（尝试 1 次）
2026-09-17 17:27:14 [batch_generate] [success] [0035] 0_ 存在性（无干扰）单策略/买短补长 → 0_B20260917_172708_0035（尝试 1 次）
2026-09-17 17:27:14 [batch_generate] [success] [0036] 0_ 存在性（无干扰）单策略/买短补长 → 0_B20260917_172708_0036（尝试 1 次）
2026-09-17 17:27:14 [batch_generate] [success] [0038] 0_ 存在性（无干扰）单策略/买短补长 → 0_B20260917_172708_0038（尝试 2 次）
2026-09-17 17:27:14 [batch_generate] [success] [0040] 0_ 存在性（无干扰）单策略/买短补长 → 0_B20260917_172708_0040（尝试 2 次）
2026-09-17 17:27:15 [batch_generate] [success] [0041] 1_ 存在性（干扰）单策略/额外购买（前） → 1_B20260917_172708_0041（尝试 1 次）
2026-09-17 17:27:15 [batch_generate] [success] [0042] 1_ 存在性（干扰）单策略/额外购买（前） → 1_B20260917_172708_0042（尝试 1 次）
2026-09-17 17:27:15 [batch_generate] [success] [0043] 1_ 存在性（干扰）单策略/额外购买（前） → 1_B20260917_172708_0043（尝试 1 次）
2026-09-17 17:27:15 [batch_generate] [success] [0044] 1_ 存在性（干扰）单策略/额外购买（前） → 1_B20260917_172708_0044（尝试 1 次）
2026-09-17 17:27:15 [batch_generate] [success] [0045] 1_ 存在性（干扰）单策略/额外购买（前） → 1_B20260917_172708_0045（尝试 1 次）
2026-09-17 17:27:16 [batch_generate] [success] [0046] 1_ 存在性（干扰）单策略/额外购买（前） → 1_B20260917_172708_0046（尝试 1 次）
2026-09-17 17:27:16 [batch_generate] [success] [0047] 1_ 存在性（干扰）单策略/额外购买（前） → 1_B20260917_172708_0047（尝试 1 次）
2026-09-17 17:27:16 [batch_generate] [success] [0048] 1_ 存在性（干扰）单策略/额外购买（前） → 1_B20260917_172708_0048（尝试 1 次）
2026-09-17 17:27:16 [batch_generate] [success] [0049] 0_ 存在性（无干扰）单策略/额外购买（前） → 0_B20260917_172708_0049（尝试 1 次）
2026-09-17 17:27:16 [batch_generate] [success] [0050] 0_ 存在性（无干扰）单策略/额外购买（前） → 0_B20260917_172708_0050（尝试 1 次）
2026-09-17 17:27:16 [batch_generate] [success] [0051] 0_ 存在性（无干扰）单策略/额外购买（前） → 0_B20260917_172708_0051（尝试 1 次）
2026-09-17 17:27:16 [batch_generate] [success] [0052] 0_ 存在性（无干扰）单策略/额外购买（前） → 0_B20260917_172708_0052（尝试 1 次）
2026-09-17 17:27:16 [batch_generate] [success] [0053] 0_ 存在性（无干扰）单策略/额外购买（前） → 0_B20260917_172708_0053（尝试 1 次）
2026-09-17 17:27:16 [batch_generate] [success] [0054] 0_ 存在性（无干扰）单策略/额外购买（前） → 0_B20260917_172708_0054（尝试 1 次）
2026-09-17 17:27:16 [batch_generate] [success] [0055] 0_ 存在性（无干扰）单策略/额外购买（前） → 0_B20260917_172708_0055（尝试 1 次）
2026-09-17 17:27:16 [batch_generate] [success] [0056] 0_ 存在性（无干扰）单策略/额外购买（前） → 0_B20260917_172708_0056（尝试 1 次）
2026-09-17 17:27:17 [batch_generate] [success] [0057] 1_ 存在性（干扰）单策略/额外购买（后） → 1_B20260917_172708_0057（尝试 1 次）
2026-09-17 17:27:17 [batch_generate] [success] [0058] 1_ 存在性（干扰）单策略/额外购买（后） → 1_B20260917_172708_0058（尝试 1 次）
2026-09-17 17:27:17 [batch_generate] [success] [0059] 1_ 存在性（干扰）单策略/额外购买（后） → 1_B20260917_172708_0059（尝试 1 次）
2026-09-17 17:27:17 [batch_generate] [success] [0060] 1_ 存在性（干扰）单策略/额外购买（后） → 1_B20260917_172708_0060（尝试 1 次）
2026-09-17 17:27:17 [batch_generate] [success] [0061] 1_ 存在性（干扰）单策略/额外购买（后） → 1_B20260917_172708_0061（尝试 1 次）
2026-09-17 17:27:18 [batch_generate] [success] [0062] 1_ 存在性（干扰）单策略/额外购买（后） → 1_B20260917_172708_0062（尝试 1 次）
2026-09-17 17:27:18 [batch_generate] [success] [0063] 1_ 存在性（干扰）单策略/额外购买（后） → 1_B20260917_172708_0063（尝试 1 次）
2026-09-17 17:27:18 [batch_generate] [success] [0064] 1_ 存在性（干扰）单策略/额外购买（后） → 1_B20260917_172708_0064（尝试 1 次）
2026-09-17 17:27:18 [batch_generate] [success] [0065] 0_ 存在性（无干扰）单策略/额外购买（后） → 0_B20260917_172708_0065（尝试 1 次）
2026-09-17 17:27:18 [batch_generate] [success] [0066] 0_ 存在性（无干扰）单策略/额外购买（后） → 0_B20260917_172708_0066（尝试 1 次）
2026-09-17 17:27:18 [batch_generate] [success] [0067] 0_ 存在性（无干扰）单策略/额外购买（后） → 0_B20260917_172708_0067（尝试 1 次）
2026-09-17 17:27:18 [batch_generate] [success] [0069] 0_ 存在性（无干扰）单策略/额外购买（后） → 0_B20260917_172708_0069（尝试 2 次）
2026-09-17 17:27:18 [batch_generate] [success] [0070] 0_ 存在性（无干扰）单策略/额外购买（后） → 0_B20260917_172708_0070（尝试 1 次）
2026-09-17 17:27:18 [batch_generate] [success] [0071] 0_ 存在性（无干扰）单策略/额外购买（后） → 0_B20260917_172708_0071（尝试 1 次）
2026-09-17 17:27:18 [batch_generate] [success] [0073] 0_ 存在性（无干扰）单策略/额外购买（后） → 0_B20260917_172708_0073（尝试 2 次）
2026-09-17 17:27:18 [batch_generate] [success] [0074] 0_ 存在性（无干扰）单策略/额外购买（后） → 0_B20260917_172708_0074（尝试 1 次）
2026-09-17 17:27:19 [batch_generate] [success] [0075] 1_ 存在性（干扰）双策略/买短补长+换乘 → 1_B20260917_172708_0075（尝试 1 次）
2026-09-17 17:27:20 [batch_generate] [success] [0078] 1_ 存在性（干扰）双策略/买短补长+换乘 → 1_B20260917_172708_0078（尝试 3 次）
2026-09-17 17:27:20 [batch_generate] [success] [0079] 1_ 存在性（干扰）双策略/买短补长+换乘 → 1_B20260917_172708_0079（尝试 1 次）
2026-09-17 17:27:21 [batch_generate] [success] [0080] 1_ 存在性（干扰）双策略/买短补长+换乘 → 1_B20260917_172708_0080（尝试 1 次）
2026-09-17 17:27:21 [batch_generate] [success] [0081] 1_ 存在性（干扰）双策略/买短补长+换乘 → 1_B20260917_172708_0081（尝试 1 次）
2026-09-17 17:27:21 [batch_generate] [success] [0082] 1_ 存在性（干扰）双策略/买短补长+换乘 → 1_B20260917_172708_0082（尝试 1 次）
2026-09-17 17:27:22 [batch_generate] [success] [0084] 1_ 存在性（干扰）双策略/买短补长+换乘 → 1_B20260917_172708_0084（尝试 2 次）
2026-09-17 17:27:22 [batch_generate] [success] [0085] 1_ 存在性（干扰）双策略/买短补长+换乘 → 1_B20260917_172708_0085（尝试 1 次）
2026-09-17 17:27:23 [batch_generate] [success] [0086] 0_ 存在性（无干扰）双策略/买短补长+换乘 → 0_B20260917_172708_0086（尝试 1 次）
2026-09-17 17:27:23 [batch_generate] [success] [0087] 0_ 存在性（无干扰）双策略/买短补长+换乘 → 0_B20260917_172708_0087（尝试 1 次）
2026-09-17 17:27:23 [batch_generate] [success] [0088] 0_ 存在性（无干扰）双策略/买短补长+换乘 → 0_B20260917_172708_0088（尝试 1 次）
2026-09-17 17:27:24 [batch_generate] [success] [0090] 0_ 存在性（无干扰）双策略/买短补长+换乘 → 0_B20260917_172708_0090（尝试 2 次）
2026-09-17 17:27:24 [batch_generate] [success] [0091] 0_ 存在性（无干扰）双策略/买短补长+换乘 → 0_B20260917_172708_0091（尝试 1 次）
2026-09-17 17:27:25 [batch_generate] [success] [0094] 0_ 存在性（无干扰）双策略/买短补长+换乘 → 0_B20260917_172708_0094（尝试 3 次）
2026-09-17 17:27:25 [batch_generate] [success] [0097] 0_ 存在性（无干扰）双策略/买短补长+换乘 → 0_B20260917_172708_0097（尝试 3 次）
2026-09-17 17:27:25 [batch_generate] [success] [0098] 0_ 存在性（无干扰）双策略/买短补长+换乘 → 0_B20260917_172708_0098（尝试 1 次）
2026-09-17 17:27:26 [batch_generate] [success] [0099] 1_ 存在性（干扰）双策略/额外购买（前）+换乘 → 1_B20260917_172708_0099（尝试 1 次）
2026-09-17 17:27:26 [batch_generate] [success] [0100] 1_ 存在性（干扰）双策略/额外购买（前）+换乘 → 1_B20260917_172708_0100（尝试 1 次）
2026-09-17 17:27:26 [batch_generate] [success] [0101] 1_ 存在性（干扰）双策略/额外购买（前）+换乘 → 1_B20260917_172708_0101（尝试 1 次）
2026-09-17 17:27:26 [batch_generate] [success] [0102] 1_ 存在性（干扰）双策略/额外购买（前）+换乘 → 1_B20260917_172708_0102（尝试 1 次）
2026-09-17 17:27:27 [batch_generate] [success] [0104] 1_ 存在性（干扰）双策略/额外购买（前）+换乘 → 1_B20260917_172708_0104（尝试 2 次）
2026-09-17 17:27:27 [batch_generate] [success] [0105] 1_ 存在性（干扰）双策略/额外购买（前）+换乘 → 1_B20260917_172708_0105（尝试 1 次）
2026-09-17 17:27:28 [batch_generate] [success] [0106] 1_ 存在性（干扰）双策略/额外购买（前）+换乘 → 1_B20260917_172708_0106（尝试 1 次）
2026-09-17 17:27:28 [batch_generate] [success] [0107] 1_ 存在性（干扰）双策略/额外购买（前）+换乘 → 1_B20260917_172708_0107（尝试 1 次）
2026-09-17 17:27:28 [batch_generate] [success] [0108] 0_ 存在性（无干扰）双策略/额外购买（前）+换乘 → 0_B20260917_172708_0108（尝试 1 次）
2026-09-17 17:27:28 [batch_generate] [success] [0109] 0_ 存在性（无干扰）双策略/额外购买（前）+换乘 → 0_B20260917_172708_0109（尝试 1 次）
2026-09-17 17:27:29 [batch_generate] [success] [0110] 0_ 存在性（无干扰）双策略/额外购买（前）+换乘 → 0_B20260917_172708_0110（尝试 1 次）
2026-09-17 17:27:29 [batch_generate] [success] [0112] 0_ 存在性（无干扰）双策略/额外购买（前）+换乘 → 0_B20260917_172708_0112（尝试 2 次）
2026-09-17 17:27:30 [batch_generate] [success] [0113] 0_ 存在性（无干扰）双策略/额外购买（前）+换乘 → 0_B20260917_172708_0113（尝试 1 次）
2026-09-17 17:27:30 [batch_generate] [success] [0115] 0_ 存在性（无干扰）双策略/额外购买（前）+换乘 → 0_B20260917_172708_0115（尝试 2 次）
2026-09-17 17:27:30 [batch_generate] [success] [0116] 0_ 存在性（无干扰）双策略/额外购买（前）+换乘 → 0_B20260917_172708_0116（尝试 1 次）
2026-09-17 17:27:30 [batch_generate] [success] [0118] 0_ 存在性（无干扰）双策略/额外购买（前）+换乘 → 0_B20260917_172708_0118（尝试 2 次）
2026-09-17 17:27:31 [batch_generate] [success] [0119] 1_ 存在性（干扰）双策略/额外购买（后）+换乘 → 1_B20260917_172708_0119（尝试 1 次）
2026-09-17 17:27:31 [batch_generate] [success] [0120] 1_ 存在性（干扰）双策略/额外购买（后）+换乘 → 1_B20260917_172708_0120（尝试 1 次）
2026-09-17 17:27:31 [batch_generate] [success] [0122] 1_ 存在性（干扰）双策略/额外购买（后）+换乘 → 1_B20260917_172708_0122（尝试 2 次）
2026-09-17 17:27:32 [batch_generate] [success] [0123] 1_ 存在性（干扰）双策略/额外购买（后）+换乘 → 1_B20260917_172708_0123（尝试 1 次）
2026-09-17 17:27:32 [batch_generate] [success] [0124] 1_ 存在性（干扰）双策略/额外购买（后）+换乘 → 1_B20260917_172708_0124（尝试 1 次）
2026-09-17 17:27:33 [batch_generate] [success] [0126] 1_ 存在性（干扰）双策略/额外购买（后）+换乘 → 1_B20260917_172708_0126（尝试 2 次）
2026-09-17 17:27:33 [batch_generate] [success] [0127] 1_ 存在性（干扰）双策略/额外购买（后）+换乘 → 1_B20260917_172708_0127（尝试 1 次）
2026-09-17 17:27:34 [batch_generate] [success] [0128] 1_ 存在性（干扰）双策略/额外购买（后）+换乘 → 1_B20260917_172708_0128（尝试 1 次）
2026-09-17 17:27:34 [batch_generate] [success] [0129] 0_ 存在性（无干扰）双策略/额外购买（后）+换乘 → 0_B20260917_172708_0129（尝试 1 次）
2026-09-17 17:27:34 [batch_generate] [success] [0130] 0_ 存在性（无干扰）双策略/额外购买（后）+换乘 → 0_B20260917_172708_0130（尝试 1 次）
2026-09-17 17:27:34 [batch_generate] [success] [0132] 0_ 存在性（无干扰）双策略/额外购买（后）+换乘 → 0_B20260917_172708_0132（尝试 2 次）
2026-09-17 17:27:35 [batch_generate] [success] [0133] 0_ 存在性（无干扰）双策略/额外购买（后）+换乘 → 0_B20260917_172708_0133（尝试 1 次）
2026-09-17 17:27:35 [batch_generate] [success] [0134] 0_ 存在性（无干扰）双策略/额外购买（后）+换乘 → 0_B20260917_172708_0134（尝试 1 次）
2026-09-17 17:27:35 [batch_generate] [success] [0135] 0_ 存在性（无干扰）双策略/额外购买（后）+换乘 → 0_B20260917_172708_0135（尝试 1 次）
2026-09-17 17:27:35 [batch_generate] [success] [0136] 0_ 存在性（无干扰）双策略/额外购买（后）+换乘 → 0_B20260917_172708_0136（尝试 1 次）
2026-09-17 17:27:35 [batch_generate] [success] [0137] 0_ 存在性（无干扰）双策略/额外购买（后）+换乘 → 0_B20260917_172708_0137（尝试 1 次）
2026-09-17 17:27:35 [batch_generate] [success] [0138] 1_ 存在性（干扰）三策略/买短补长+买短补长 → 1_B20260917_172708_0138（尝试 1 次）
2026-09-17 17:27:36 [batch_generate] [success] [0140] 1_ 存在性（干扰）三策略/买短补长+买短补长 → 1_B20260917_172708_0140（尝试 2 次）
2026-09-17 17:27:37 [batch_generate] [success] [0143] 1_ 存在性（干扰）三策略/买短补长+买短补长 → 1_B20260917_172708_0143（尝试 3 次）
2026-09-17 17:27:37 [batch_generate] [success] [0144] 1_ 存在性（干扰）三策略/买短补长+买短补长 → 1_B20260917_172708_0144（尝试 1 次）
2026-09-17 17:27:37 [batch_generate] [success] [0145] 1_ 存在性（干扰）三策略/买短补长+买短补长 → 1_B20260917_172708_0145（尝试 1 次）
2026-09-17 17:27:38 [batch_generate] [success] [0146] 1_ 存在性（干扰）三策略/买短补长+买短补长 → 1_B20260917_172708_0146（尝试 1 次）
2026-09-17 17:27:38 [batch_generate] [success] [0147] 1_ 存在性（干扰）三策略/买短补长+买短补长 → 1_B20260917_172708_0147（尝试 1 次）
2026-09-17 17:27:38 [batch_generate] [success] [0148] 1_ 存在性（干扰）三策略/买短补长+买短补长 → 1_B20260917_172708_0148（尝试 1 次）
2026-09-17 17:27:38 [batch_generate] [success] [0149] 0_ 存在性（无干扰）三策略/买短补长+买短补长 → 0_B20260917_172708_0149（尝试 1 次）
2026-09-17 17:27:38 [batch_generate] [success] [0150] 0_ 存在性（无干扰）三策略/买短补长+买短补长 → 0_B20260917_172708_0150（尝试 1 次）
2026-09-17 17:27:38 [batch_generate] [success] [0151] 0_ 存在性（无干扰）三策略/买短补长+买短补长 → 0_B20260917_172708_0151（尝试 1 次）
2026-09-17 17:27:39 [batch_generate] [success] [0152] 0_ 存在性（无干扰）三策略/买短补长+买短补长 → 0_B20260917_172708_0152（尝试 1 次）
2026-09-17 17:27:39 [batch_generate] [success] [0153] 0_ 存在性（无干扰）三策略/买短补长+买短补长 → 0_B20260917_172708_0153（尝试 1 次）
2026-09-17 17:27:39 [batch_generate] [success] [0154] 0_ 存在性（无干扰）三策略/买短补长+买短补长 → 0_B20260917_172708_0154（尝试 1 次）
2026-09-17 17:27:39 [batch_generate] [success] [0155] 0_ 存在性（无干扰）三策略/买短补长+买短补长 → 0_B20260917_172708_0155（尝试 1 次）
2026-09-17 17:27:39 [batch_generate] [success] [0156] 0_ 存在性（无干扰）三策略/买短补长+买短补长 → 0_B20260917_172708_0156（尝试 1 次）
2026-09-17 17:27:40 [batch_generate] [success] [0158] 1_ 存在性（干扰）三策略/买短补长+额外购买（前） → 1_B20260917_172708_0158（尝试 2 次）
2026-09-17 17:27:40 [batch_generate] [success] [0159] 1_ 存在性（干扰）三策略/买短补长+额外购买（前） → 1_B20260917_172708_0159（尝试 1 次）
2026-09-17 17:27:40 [batch_generate] [success] [0160] 1_ 存在性（干扰）三策略/买短补长+额外购买（前） → 1_B20260917_172708_0160（尝试 1 次）
2026-09-17 17:27:41 [batch_generate] [success] [0161] 1_ 存在性（干扰）三策略/买短补长+额外购买（前） → 1_B20260917_172708_0161（尝试 1 次）
2026-09-17 17:27:41 [batch_generate] [success] [0163] 1_ 存在性（干扰）三策略/买短补长+额外购买（前） → 1_B20260917_172708_0163（尝试 2 次）
2026-09-17 17:27:42 [batch_generate] [success] [0164] 1_ 存在性（干扰）三策略/买短补长+额外购买（前） → 1_B20260917_172708_0164（尝试 1 次）
2026-09-17 17:27:42 [batch_generate] [success] [0165] 1_ 存在性（干扰）三策略/买短补长+额外购买（前） → 1_B20260917_172708_0165（尝试 1 次）
2026-09-17 17:27:42 [batch_generate] [success] [0167] 1_ 存在性（干扰）三策略/买短补长+额外购买（前） → 1_B20260917_172708_0167（尝试 2 次）
2026-09-17 17:27:43 [batch_generate] [success] [0169] 0_ 存在性（无干扰）三策略/买短补长+额外购买（前） → 0_B20260917_172708_0169（尝试 2 次）
2026-09-17 17:27:43 [batch_generate] [success] [0171] 0_ 存在性（无干扰）三策略/买短补长+额外购买（前） → 0_B20260917_172708_0171（尝试 2 次）
2026-09-17 17:27:43 [batch_generate] [success] [0172] 0_ 存在性（无干扰）三策略/买短补长+额外购买（前） → 0_B20260917_172708_0172（尝试 1 次）
2026-09-17 17:27:43 [batch_generate] [success] [0173] 0_ 存在性（无干扰）三策略/买短补长+额外购买（前） → 0_B20260917_172708_0173（尝试 1 次）
2026-09-17 17:27:43 [batch_generate] [success] [0174] 0_ 存在性（无干扰）三策略/买短补长+额外购买（前） → 0_B20260917_172708_0174（尝试 1 次）
2026-09-17 17:27:44 [batch_generate] [success] [0175] 0_ 存在性（无干扰）三策略/买短补长+额外购买（前） → 0_B20260917_172708_0175（尝试 1 次）
2026-09-17 17:27:44 [batch_generate] [success] [0177] 0_ 存在性（无干扰）三策略/买短补长+额外购买（前） → 0_B20260917_172708_0177（尝试 2 次）
2026-09-17 17:27:44 [batch_generate] [success] [0178] 0_ 存在性（无干扰）三策略/买短补长+额外购买（前） → 0_B20260917_172708_0178（尝试 1 次）
2026-09-17 17:27:44 [batch_generate] [success] [0179] 1_ 存在性（干扰）三策略/买短补长+额外购买（后） → 1_B20260917_172708_0179（尝试 1 次）
2026-09-17 17:27:45 [batch_generate] [success] [0180] 1_ 存在性（干扰）三策略/买短补长+额外购买（后） → 1_B20260917_172708_0180（尝试 1 次）
2026-09-17 17:27:45 [batch_generate] [success] [0181] 1_ 存在性（干扰）三策略/买短补长+额外购买（后） → 1_B20260917_172708_0181（尝试 1 次）
2026-09-17 17:27:46 [batch_generate] [success] [0182] 1_ 存在性（干扰）三策略/买短补长+额外购买（后） → 1_B20260917_172708_0182（尝试 1 次）
2026-09-17 17:27:46 [batch_generate] [success] [0183] 1_ 存在性（干扰）三策略/买短补长+额外购买（后） → 1_B20260917_172708_0183（尝试 1 次）
2026-09-17 17:27:46 [batch_generate] [success] [0184] 1_ 存在性（干扰）三策略/买短补长+额外购买（后） → 1_B20260917_172708_0184（尝试 1 次）
2026-09-17 17:27:47 [batch_generate] [success] [0186] 1_ 存在性（干扰）三策略/买短补长+额外购买（后） → 1_B20260917_172708_0186（尝试 2 次）
2026-09-17 17:27:47 [batch_generate] [success] [0187] 1_ 存在性（干扰）三策略/买短补长+额外购买（后） → 1_B20260917_172708_0187（尝试 1 次）
2026-09-17 17:27:48 [batch_generate] [success] [0190] 0_ 存在性（无干扰）三策略/买短补长+额外购买（后） → 0_B20260917_172708_0190（尝试 3 次）
2026-09-17 17:27:48 [batch_generate] [success] [0191] 0_ 存在性（无干扰）三策略/买短补长+额外购买（后） → 0_B20260917_172708_0191（尝试 1 次）
2026-09-17 17:27:48 [batch_generate] [success] [0192] 0_ 存在性（无干扰）三策略/买短补长+额外购买（后） → 0_B20260917_172708_0192（尝试 1 次）
2026-09-17 17:27:48 [batch_generate] [success] [0193] 0_ 存在性（无干扰）三策略/买短补长+额外购买（后） → 0_B20260917_172708_0193（尝试 1 次）
2026-09-17 17:27:49 [batch_generate] [success] [0194] 0_ 存在性（无干扰）三策略/买短补长+额外购买（后） → 0_B20260917_172708_0194（尝试 1 次）
2026-09-17 17:27:49 [batch_generate] [success] [0196] 0_ 存在性（无干扰）三策略/买短补长+额外购买（后） → 0_B20260917_172708_0196（尝试 2 次）
2026-09-17 17:27:49 [batch_generate] [success] [0197] 0_ 存在性（无干扰）三策略/买短补长+额外购买（后） → 0_B20260917_172708_0197（尝试 1 次）
2026-09-17 17:27:49 [batch_generate] [success] [0198] 0_ 存在性（无干扰）三策略/买短补长+额外购买（后） → 0_B20260917_172708_0198（尝试 1 次）
2026-09-17 17:27:50 [batch_generate] [success] [0199] 1_ 存在性（干扰）三策略/额外购买（前）+额外购买（前） → 1_B20260917_172708_0199（尝试 1 次）
2026-09-17 17:27:50 [batch_generate] [success] [0200] 1_ 存在性（干扰）三策略/额外购买（前）+额外购买（前） → 1_B20260917_172708_0200（尝试 1 次）
2026-09-17 17:27:50 [batch_generate] [success] [0202] 1_ 存在性（干扰）三策略/额外购买（前）+额外购买（前） → 1_B20260917_172708_0202（尝试 2 次）
2026-09-17 17:27:51 [batch_generate] [success] [0204] 1_ 存在性（干扰）三策略/额外购买（前）+额外购买（前） → 1_B20260917_172708_0204（尝试 2 次）
2026-09-17 17:27:51 [batch_generate] [success] [0205] 1_ 存在性（干扰）三策略/额外购买（前）+额外购买（前） → 1_B20260917_172708_0205（尝试 1 次）
2026-09-17 17:27:52 [batch_generate] [success] [0206] 1_ 存在性（干扰）三策略/额外购买（前）+额外购买（前） → 1_B20260917_172708_0206（尝试 1 次）
2026-09-17 17:27:52 [batch_generate] [success] [0207] 1_ 存在性（干扰）三策略/额外购买（前）+额外购买（前） → 1_B20260917_172708_0207（尝试 1 次）
2026-09-17 17:27:52 [batch_generate] [success] [0208] 1_ 存在性（干扰）三策略/额外购买（前）+额外购买（前） → 1_B20260917_172708_0208（尝试 1 次）
2026-09-17 17:27:52 [batch_generate] [success] [0209] 0_ 存在性（无干扰）三策略/额外购买（前）+额外购买（前） → 0_B20260917_172708_0209（尝试 1 次）
2026-09-17 17:27:52 [batch_generate] [success] [0210] 0_ 存在性（无干扰）三策略/额外购买（前）+额外购买（前） → 0_B20260917_172708_0210（尝试 1 次）
2026-09-17 17:27:53 [batch_generate] [success] [0211] 0_ 存在性（无干扰）三策略/额外购买（前）+额外购买（前） → 0_B20260917_172708_0211（尝试 1 次）
2026-09-17 17:27:53 [batch_generate] [success] [0212] 0_ 存在性（无干扰）三策略/额外购买（前）+额外购买（前） → 0_B20260917_172708_0212（尝试 1 次）
2026-09-17 17:27:53 [batch_generate] [success] [0214] 0_ 存在性（无干扰）三策略/额外购买（前）+额外购买（前） → 0_B20260917_172708_0214（尝试 2 次）
2026-09-17 17:27:53 [batch_generate] [success] [0215] 0_ 存在性（无干扰）三策略/额外购买（前）+额外购买（前） → 0_B20260917_172708_0215（尝试 1 次）
2026-09-17 17:27:53 [batch_generate] [success] [0216] 0_ 存在性（无干扰）三策略/额外购买（前）+额外购买（前） → 0_B20260917_172708_0216（尝试 1 次）
2026-09-17 17:27:53 [batch_generate] [success] [0217] 0_ 存在性（无干扰）三策略/额外购买（前）+额外购买（前） → 0_B20260917_172708_0217（尝试 1 次）
2026-09-17 17:27:54 [batch_generate] [success] [0218] 1_ 存在性（干扰）三策略/额外购买（前）+额外购买（后） → 1_B20260917_172708_0218（尝试 1 次）
2026-09-17 17:27:54 [batch_generate] [success] [0219] 1_ 存在性（干扰）三策略/额外购买（前）+额外购买（后） → 1_B20260917_172708_0219（尝试 1 次）
2026-09-17 17:27:54 [batch_generate] [success] [0220] 1_ 存在性（干扰）三策略/额外购买（前）+额外购买（后） → 1_B20260917_172708_0220（尝试 1 次）
2026-09-17 17:27:55 [batch_generate] [success] [0221] 1_ 存在性（干扰）三策略/额外购买（前）+额外购买（后） → 1_B20260917_172708_0221（尝试 1 次）
2026-09-17 17:27:55 [batch_generate] [success] [0222] 1_ 存在性（干扰）三策略/额外购买（前）+额外购买（后） → 1_B20260917_172708_0222（尝试 1 次）
2026-09-17 17:27:55 [batch_generate] [success] [0223] 1_ 存在性（干扰）三策略/额外购买（前）+额外购买（后） → 1_B20260917_172708_0223（尝试 1 次）
2026-09-17 17:27:56 [batch_generate] [success] [0225] 1_ 存在性（干扰）三策略/额外购买（前）+额外购买（后） → 1_B20260917_172708_0225（尝试 2 次）
2026-09-17 17:27:56 [batch_generate] [success] [0226] 1_ 存在性（干扰）三策略/额外购买（前）+额外购买（后） → 1_B20260917_172708_0226（尝试 1 次）
2026-09-17 17:27:57 [batch_generate] [success] [0227] 0_ 存在性（无干扰）三策略/额外购买（前）+额外购买（后） → 0_B20260917_172708_0227（尝试 1 次）
2026-09-17 17:27:57 [batch_generate] [success] [0231] 0_ 存在性（无干扰）三策略/额外购买（前）+额外购买（后） → 0_B20260917_172708_0231（尝试 4 次）
2026-09-17 17:27:57 [batch_generate] [success] [0232] 0_ 存在性（无干扰）三策略/额外购买（前）+额外购买（后） → 0_B20260917_172708_0232（尝试 1 次）
2026-09-17 17:27:58 [batch_generate] [success] [0233] 0_ 存在性（无干扰）三策略/额外购买（前）+额外购买（后） → 0_B20260917_172708_0233（尝试 1 次）
2026-09-17 17:27:58 [batch_generate] [success] [0234] 0_ 存在性（无干扰）三策略/额外购买（前）+额外购买（后） → 0_B20260917_172708_0234（尝试 1 次）
2026-09-17 17:27:58 [batch_generate] [success] [0235] 0_ 存在性（无干扰）三策略/额外购买（前）+额外购买（后） → 0_B20260917_172708_0235（尝试 1 次）
2026-09-17 17:27:58 [batch_generate] [success] [0236] 0_ 存在性（无干扰）三策略/额外购买（前）+额外购买（后） → 0_B20260917_172708_0236（尝试 1 次）
2026-09-17 17:27:59 [batch_generate] [success] [0238] 0_ 存在性（无干扰）三策略/额外购买（前）+额外购买（后） → 0_B20260917_172708_0238（尝试 2 次）
2026-09-17 17:27:59 [batch_generate] [success] [0239] 1_ 存在性（干扰）三策略/额外购买（后）+额外购买（后） → 1_B20260917_172708_0239（尝试 1 次）
2026-09-17 17:27:59 [batch_generate] [success] [0240] 1_ 存在性（干扰）三策略/额外购买（后）+额外购买（后） → 1_B20260917_172708_0240（尝试 1 次）
2026-09-17 17:28:00 [batch_generate] [success] [0241] 1_ 存在性（干扰）三策略/额外购买（后）+额外购买（后） → 1_B20260917_172708_0241（尝试 1 次）
2026-09-17 17:28:00 [batch_generate] [success] [0242] 1_ 存在性（干扰）三策略/额外购买（后）+额外购买（后） → 1_B20260917_172708_0242（尝试 1 次）
2026-09-17 17:28:01 [batch_generate] [success] [0245] 1_ 存在性（干扰）三策略/额外购买（后）+额外购买（后） → 1_B20260917_172708_0245（尝试 3 次）
2026-09-17 17:28:01 [batch_generate] [success] [0246] 1_ 存在性（干扰）三策略/额外购买（后）+额外购买（后） → 1_B20260917_172708_0246（尝试 1 次）
2026-09-17 17:28:02 [batch_generate] [success] [0247] 1_ 存在性（干扰）三策略/额外购买（后）+额外购买（后） → 1_B20260917_172708_0247（尝试 1 次）
2026-09-17 17:28:02 [batch_generate] [success] [0248] 1_ 存在性（干扰）三策略/额外购买（后）+额外购买（后） → 1_B20260917_172708_0248（尝试 1 次）
2026-09-17 17:28:02 [batch_generate] [success] [0251] 0_ 存在性（无干扰）三策略/额外购买（后）+额外购买（后） → 0_B20260917_172708_0251（尝试 3 次）
2026-09-17 17:28:03 [batch_generate] [success] [0252] 0_ 存在性（无干扰）三策略/额外购买（后）+额外购买（后） → 0_B20260917_172708_0252（尝试 1 次）
2026-09-17 17:28:03 [batch_generate] [success] [0253] 0_ 存在性（无干扰）三策略/额外购买（后）+额外购买（后） → 0_B20260917_172708_0253（尝试 1 次）
2026-09-17 17:28:03 [batch_generate] [success] [0254] 0_ 存在性（无干扰）三策略/额外购买（后）+额外购买（后） → 0_B20260917_172708_0254（尝试 1 次）
2026-09-17 17:28:03 [batch_generate] [success] [0255] 0_ 存在性（无干扰）三策略/额外购买（后）+额外购买（后） → 0_B20260917_172708_0255（尝试 1 次）
2026-09-17 17:28:03 [batch_generate] [success] [0256] 0_ 存在性（无干扰）三策略/额外购买（后）+额外购买（后） → 0_B20260917_172708_0256（尝试 1 次）
2026-09-17 17:28:03 [batch_generate] [success] [0257] 0_ 存在性（无干扰）三策略/额外购买（后）+额外购买（后） → 0_B20260917_172708_0257（尝试 1 次）
2026-09-17 17:28:04 [batch_generate] [success] [0258] 0_ 存在性（无干扰）三策略/额外购买（后）+额外购买（后） → 0_B20260917_172708_0258（尝试 1 次）
2026-09-17 17:28:04 [batch_generate] [success] [0259] 2_ 选择性 综合考虑(随意) → 2_B20260917_172708_0259（尝试 1 次）
2026-09-17 17:28:04 [batch_generate] [success] [0260] 2_ 选择性 综合考虑(随意) → 2_B20260917_172708_0260（尝试 1 次）
2026-09-17 17:28:05 [batch_generate] [success] [0261] 2_ 选择性 综合考虑(随意) → 2_B20260917_172708_0261（尝试 1 次）
2026-09-17 17:28:05 [batch_generate] [success] [0262] 2_ 选择性 综合考虑(随意) → 2_B20260917_172708_0262（尝试 1 次）
2026-09-17 17:28:05 [batch_generate] [success] [0263] 2_ 选择性 综合考虑(随意) → 2_B20260917_172708_0263（尝试 1 次）
2026-09-17 17:28:06 [batch_generate] [success] [0264] 2_ 选择性 综合考虑(随意) → 2_B20260917_172708_0264（尝试 1 次）
2026-09-17 17:28:06 [batch_generate] [success] [0265] 2_ 选择性 综合考虑(随意) → 2_B20260917_172708_0265（尝试 1 次）
2026-09-17 17:28:06 [batch_generate] [success] [0266] 2_ 选择性 综合考虑(随意) → 2_B20260917_172708_0266（尝试 1 次）
2026-09-17 17:28:07 [batch_generate] [success] [0267] 2_ 选择性 综合考虑(不允许换乘) → 2_B20260917_172708_0267（尝试 1 次）
2026-09-17 17:28:07 [batch_generate] [success] [0268] 2_ 选择性 综合考虑(不允许换乘) → 2_B20260917_172708_0268（尝试 1 次）
2026-09-17 17:28:07 [batch_generate] [success] [0269] 2_ 选择性 综合考虑(不允许换乘) → 2_B20260917_172708_0269（尝试 1 次）
2026-09-17 17:28:07 [batch_generate] [success] [0270] 2_ 选择性 综合考虑(不允许换乘) → 2_B20260917_172708_0270（尝试 1 次）
2026-09-17 17:28:07 [batch_generate] [success] [0272] 2_ 选择性 综合考虑(不允许换乘) → 2_B20260917_172708_0272（尝试 2 次）
2026-09-17 17:28:08 [batch_generate] [success] [0273] 2_ 选择性 综合考虑(不允许换乘) → 2_B20260917_172708_0273（尝试 1 次）
2026-09-17 17:28:08 [batch_generate] [success] [0274] 2_ 选择性 综合考虑(不允许换乘) → 2_B20260917_172708_0274（尝试 1 次）
2026-09-17 17:28:08 [batch_generate] [success] [0275] 2_ 选择性 综合考虑(不允许换乘) → 2_B20260917_172708_0275（尝试 1 次）
2026-09-17 17:28:08 [batch_generate] [success] [0276] 2_ 选择性 综合考虑(不允许买短补长与额外购买) → 2_B20260917_172708_0276（尝试 1 次）
2026-09-17 17:28:09 [batch_generate] [success] [0277] 2_ 选择性 综合考虑(不允许买短补长与额外购买) → 2_B20260917_172708_0277（尝试 1 次）
2026-09-17 17:28:09 [batch_generate] [success] [0278] 2_ 选择性 综合考虑(不允许买短补长与额外购买) → 2_B20260917_172708_0278（尝试 1 次）
2026-09-17 17:28:09 [batch_generate] [success] [0279] 2_ 选择性 综合考虑(不允许买短补长与额外购买) → 2_B20260917_172708_0279（尝试 1 次）
2026-09-17 17:28:10 [batch_generate] [success] [0280] 2_ 选择性 综合考虑(不允许买短补长与额外购买) → 2_B20260917_172708_0280（尝试 1 次）
2026-09-17 17:28:10 [batch_generate] [success] [0281] 2_ 选择性 综合考虑(不允许买短补长与额外购买) → 2_B20260917_172708_0281（尝试 1 次）
2026-09-17 17:28:10 [batch_generate] [success] [0282] 2_ 选择性 综合考虑(不允许买短补长与额外购买) → 2_B20260917_172708_0282（尝试 1 次）
2026-09-17 17:28:11 [batch_generate] [success] [0283] 2_ 选择性 综合考虑(不允许买短补长与额外购买) → 2_B20260917_172708_0283（尝试 1 次）
2026-09-17 17:28:11 [batch_generate] [success] [0284] 2_ 选择性 最快(随意) → 2_B20260917_172708_0284（尝试 1 次）
2026-09-17 17:28:11 [batch_generate] [success] [0285] 2_ 选择性 最快(随意) → 2_B20260917_172708_0285（尝试 1 次）
2026-09-17 17:28:11 [batch_generate] [success] [0286] 2_ 选择性 最快(随意) → 2_B20260917_172708_0286（尝试 1 次）
2026-09-17 17:28:12 [batch_generate] [success] [0287] 2_ 选择性 最快(随意) → 2_B20260917_172708_0287（尝试 1 次）
2026-09-17 17:28:12 [batch_generate] [success] [0289] 2_ 选择性 最快(随意) → 2_B20260917_172708_0289（尝试 2 次）
2026-09-17 17:28:13 [batch_generate] [success] [0290] 2_ 选择性 最快(随意) → 2_B20260917_172708_0290（尝试 1 次）
2026-09-17 17:28:13 [batch_generate] [success] [0291] 2_ 选择性 最快(随意) → 2_B20260917_172708_0291（尝试 1 次）
2026-09-17 17:28:13 [batch_generate] [success] [0292] 2_ 选择性 最快(随意) → 2_B20260917_172708_0292（尝试 1 次）
2026-09-17 17:28:14 [batch_generate] [success] [0293] 2_ 选择性 最快(不允许换乘) → 2_B20260917_172708_0293（尝试 1 次）
2026-09-17 17:28:14 [batch_generate] [success] [0295] 2_ 选择性 最快(不允许换乘) → 2_B20260917_172708_0295（尝试 2 次）
2026-09-17 17:28:14 [batch_generate] [success] [0296] 2_ 选择性 最快(不允许换乘) → 2_B20260917_172708_0296（尝试 1 次）
2026-09-17 17:28:14 [batch_generate] [success] [0297] 2_ 选择性 最快(不允许换乘) → 2_B20260917_172708_0297（尝试 1 次）
2026-09-17 17:28:14 [batch_generate] [success] [0298] 2_ 选择性 最快(不允许换乘) → 2_B20260917_172708_0298（尝试 1 次）
2026-09-17 17:28:15 [batch_generate] [success] [0299] 2_ 选择性 最快(不允许换乘) → 2_B20260917_172708_0299（尝试 1 次）
2026-09-17 17:28:15 [batch_generate] [success] [0300] 2_ 选择性 最快(不允许换乘) → 2_B20260917_172708_0300（尝试 1 次）
2026-09-17 17:28:15 [batch_generate] [success] [0301] 2_ 选择性 最快(不允许换乘) → 2_B20260917_172708_0301（尝试 1 次）
2026-09-17 17:28:16 [batch_generate] [success] [0303] 2_ 选择性 最快(不允许买短补长与额外购买) → 2_B20260917_172708_0303（尝试 2 次）
2026-09-17 17:28:16 [batch_generate] [success] [0304] 2_ 选择性 最快(不允许买短补长与额外购买) → 2_B20260917_172708_0304（尝试 1 次）
2026-09-17 17:28:16 [batch_generate] [success] [0305] 2_ 选择性 最快(不允许买短补长与额外购买) → 2_B20260917_172708_0305（尝试 1 次）
2026-09-17 17:28:17 [batch_generate] [success] [0306] 2_ 选择性 最快(不允许买短补长与额外购买) → 2_B20260917_172708_0306（尝试 1 次）
2026-09-17 17:28:17 [batch_generate] [success] [0307] 2_ 选择性 最快(不允许买短补长与额外购买) → 2_B20260917_172708_0307（尝试 1 次）
2026-09-17 17:28:17 [batch_generate] [success] [0308] 2_ 选择性 最快(不允许买短补长与额外购买) → 2_B20260917_172708_0308（尝试 1 次）
2026-09-17 17:28:18 [batch_generate] [success] [0310] 2_ 选择性 最快(不允许买短补长与额外购买) → 2_B20260917_172708_0310（尝试 2 次）
2026-09-17 17:28:18 [batch_generate] [success] [0311] 2_ 选择性 最快(不允许买短补长与额外购买) → 2_B20260917_172708_0311（尝试 1 次）
2026-09-17 17:28:18 [batch_generate] [success] [0312] 2_ 选择性 最便宜(随意) → 2_B20260917_172708_0312（尝试 1 次）
2026-09-17 17:28:18 [batch_generate] [success] [0313] 2_ 选择性 最便宜(随意) → 2_B20260917_172708_0313（尝试 1 次）
2026-09-17 17:28:19 [batch_generate] [success] [0314] 2_ 选择性 最便宜(随意) → 2_B20260917_172708_0314（尝试 1 次）
2026-09-17 17:28:19 [batch_generate] [success] [0315] 2_ 选择性 最便宜(随意) → 2_B20260917_172708_0315（尝试 1 次）
2026-09-17 17:28:19 [batch_generate] [success] [0316] 2_ 选择性 最便宜(随意) → 2_B20260917_172708_0316（尝试 1 次）
2026-09-17 17:28:19 [batch_generate] [success] [0317] 2_ 选择性 最便宜(随意) → 2_B20260917_172708_0317（尝试 1 次）
2026-09-17 17:28:20 [batch_generate] [success] [0318] 2_ 选择性 最便宜(随意) → 2_B20260917_172708_0318（尝试 1 次）
2026-09-17 17:28:20 [batch_generate] [success] [0319] 2_ 选择性 最便宜(随意) → 2_B20260917_172708_0319（尝试 1 次）
2026-09-17 17:28:20 [batch_generate] [success] [0320] 2_ 选择性 最便宜(不允许换乘) → 2_B20260917_172708_0320（尝试 1 次）
2026-09-17 17:28:20 [batch_generate] [success] [0321] 2_ 选择性 最便宜(不允许换乘) → 2_B20260917_172708_0321（尝试 1 次）
2026-09-17 17:28:20 [batch_generate] [success] [0322] 2_ 选择性 最便宜(不允许换乘) → 2_B20260917_172708_0322（尝试 1 次）
2026-09-17 17:28:21 [batch_generate] [success] [0323] 2_ 选择性 最便宜(不允许换乘) → 2_B20260917_172708_0323（尝试 1 次）
2026-09-17 17:28:21 [batch_generate] [success] [0324] 2_ 选择性 最便宜(不允许换乘) → 2_B20260917_172708_0324（尝试 1 次）
2026-09-17 17:28:21 [batch_generate] [success] [0325] 2_ 选择性 最便宜(不允许换乘) → 2_B20260917_172708_0325（尝试 1 次）
2026-09-17 17:28:21 [batch_generate] [success] [0326] 2_ 选择性 最便宜(不允许换乘) → 2_B20260917_172708_0326（尝试 1 次）
2026-09-17 17:28:21 [batch_generate] [success] [0327] 2_ 选择性 最便宜(不允许换乘) → 2_B20260917_172708_0327（尝试 1 次）
2026-09-17 17:28:22 [batch_generate] [success] [0328] 2_ 选择性 最便宜(不允许买短补长与额外购买) → 2_B20260917_172708_0328（尝试 1 次）
2026-09-17 17:28:22 [batch_generate] [success] [0329] 2_ 选择性 最便宜(不允许买短补长与额外购买) → 2_B20260917_172708_0329（尝试 1 次）
2026-09-17 17:28:22 [batch_generate] [success] [0331] 2_ 选择性 最便宜(不允许买短补长与额外购买) → 2_B20260917_172708_0331（尝试 2 次）
2026-09-17 17:28:23 [batch_generate] [success] [0332] 2_ 选择性 最便宜(不允许买短补长与额外购买) → 2_B20260917_172708_0332（尝试 1 次）
2026-09-17 17:28:23 [batch_generate] [success] [0333] 2_ 选择性 最便宜(不允许买短补长与额外购买) → 2_B20260917_172708_0333（尝试 1 次）
2026-09-17 17:28:23 [batch_generate] [success] [0334] 2_ 选择性 最便宜(不允许买短补长与额外购买) → 2_B20260917_172708_0334（尝试 1 次）
2026-09-17 17:28:23 [batch_generate] [success] [0335] 2_ 选择性 最便宜(不允许买短补长与额外购买) → 2_B20260917_172708_0335（尝试 1 次）
2026-09-17 17:28:24 [batch_generate] [success] [0336] 2_ 选择性 最便宜(不允许买短补长与额外购买) → 2_B20260917_172708_0336（尝试 1 次）
2026-09-17 17:28:24 [batch_generate] [success] [0337] 2_ 选择性 出发最晚(随意) → 2_B20260917_172708_0337（尝试 1 次）
2026-09-17 17:28:24 [batch_generate] [success] [0339] 2_ 选择性 出发最晚(随意) → 2_B20260917_172708_0339（尝试 2 次）
2026-09-17 17:28:25 [batch_generate] [success] [0340] 2_ 选择性 出发最晚(随意) → 2_B20260917_172708_0340（尝试 1 次）
2026-09-17 17:28:25 [batch_generate] [success] [0341] 2_ 选择性 出发最晚(随意) → 2_B20260917_172708_0341（尝试 1 次）
2026-09-17 17:28:25 [batch_generate] [success] [0342] 2_ 选择性 出发最晚(随意) → 2_B20260917_172708_0342（尝试 1 次）
2026-09-17 17:28:25 [batch_generate] [success] [0343] 2_ 选择性 出发最晚(随意) → 2_B20260917_172708_0343（尝试 1 次）
2026-09-17 17:28:26 [batch_generate] [success] [0344] 2_ 选择性 出发最晚(随意) → 2_B20260917_172708_0344（尝试 1 次）
2026-09-17 17:28:26 [batch_generate] [success] [0346] 2_ 选择性 出发最晚(随意) → 2_B20260917_172708_0346（尝试 2 次）
2026-09-17 17:28:26 [batch_generate] [success] [0347] 2_ 选择性 出发最晚(不允许换乘) → 2_B20260917_172708_0347（尝试 1 次）
2026-09-17 17:28:27 [batch_generate] [success] [0348] 2_ 选择性 出发最晚(不允许换乘) → 2_B20260917_172708_0348（尝试 1 次）
2026-09-17 17:28:27 [batch_generate] [success] [0349] 2_ 选择性 出发最晚(不允许换乘) → 2_B20260917_172708_0349（尝试 1 次）
2026-09-17 17:28:27 [batch_generate] [success] [0350] 2_ 选择性 出发最晚(不允许换乘) → 2_B20260917_172708_0350（尝试 1 次）
2026-09-17 17:28:27 [batch_generate] [success] [0351] 2_ 选择性 出发最晚(不允许换乘) → 2_B20260917_172708_0351（尝试 1 次）
2026-09-17 17:28:27 [batch_generate] [success] [0352] 2_ 选择性 出发最晚(不允许换乘) → 2_B20260917_172708_0352（尝试 1 次）
2026-09-17 17:28:28 [batch_generate] [success] [0353] 2_ 选择性 出发最晚(不允许换乘) → 2_B20260917_172708_0353（尝试 1 次）
2026-09-17 17:28:28 [batch_generate] [success] [0354] 2_ 选择性 出发最晚(不允许换乘) → 2_B20260917_172708_0354（尝试 1 次）
2026-09-17 17:28:28 [batch_generate] [success] [0355] 2_ 选择性 出发最晚(不允许买短补长与额外购买) → 2_B20260917_172708_0355（尝试 1 次）
2026-09-17 17:28:29 [batch_generate] [success] [0356] 2_ 选择性 出发最晚(不允许买短补长与额外购买) → 2_B20260917_172708_0356（尝试 1 次）
2026-09-17 17:28:29 [batch_generate] [success] [0357] 2_ 选择性 出发最晚(不允许买短补长与额外购买) → 2_B20260917_172708_0357（尝试 1 次）
2026-09-17 17:28:29 [batch_generate] [success] [0358] 2_ 选择性 出发最晚(不允许买短补长与额外购买) → 2_B20260917_172708_0358（尝试 1 次）
2026-09-17 17:28:29 [batch_generate] [success] [0359] 2_ 选择性 出发最晚(不允许买短补长与额外购买) → 2_B20260917_172708_0359（尝试 1 次）
2026-09-17 17:28:30 [batch_generate] [success] [0360] 2_ 选择性 出发最晚(不允许买短补长与额外购买) → 2_B20260917_172708_0360（尝试 1 次）
2026-09-17 17:28:30 [batch_generate] [success] [0361] 2_ 选择性 出发最晚(不允许买短补长与额外购买) → 2_B20260917_172708_0361（尝试 1 次）
2026-09-17 17:28:30 [batch_generate] [success] [0362] 2_ 选择性 出发最晚(不允许买短补长与额外购买) → 2_B20260917_172708_0362（尝试 1 次）
2026-09-17 17:28:31 [batch_generate] [success] [0363] 2_ 选择性 最早到达(随意) → 2_B20260917_172708_0363（尝试 1 次）
2026-09-17 17:28:31 [batch_generate] [success] [0364] 2_ 选择性 最早到达(随意) → 2_B20260917_172708_0364（尝试 1 次）
2026-09-17 17:28:31 [batch_generate] [success] [0365] 2_ 选择性 最早到达(随意) → 2_B20260917_172708_0365（尝试 1 次）
2026-09-17 17:28:31 [batch_generate] [success] [0366] 2_ 选择性 最早到达(随意) → 2_B20260917_172708_0366（尝试 1 次）
2026-09-17 17:28:32 [batch_generate] [success] [0367] 2_ 选择性 最早到达(随意) → 2_B20260917_172708_0367（尝试 1 次）
2026-09-17 17:28:32 [batch_generate] [success] [0368] 2_ 选择性 最早到达(随意) → 2_B20260917_172708_0368（尝试 1 次）
2026-09-17 17:28:32 [batch_generate] [success] [0369] 2_ 选择性 最早到达(随意) → 2_B20260917_172708_0369（尝试 1 次）
2026-09-17 17:28:32 [batch_generate] [success] [0370] 2_ 选择性 最早到达(随意) → 2_B20260917_172708_0370（尝试 1 次）
2026-09-17 17:28:33 [batch_generate] [success] [0371] 2_ 选择性 最早到达(不允许换乘) → 2_B20260917_172708_0371（尝试 1 次）
2026-09-17 17:28:33 [batch_generate] [success] [0372] 2_ 选择性 最早到达(不允许换乘) → 2_B20260917_172708_0372（尝试 1 次）
2026-09-17 17:28:33 [batch_generate] [success] [0373] 2_ 选择性 最早到达(不允许换乘) → 2_B20260917_172708_0373（尝试 1 次）
2026-09-17 17:28:33 [batch_generate] [success] [0374] 2_ 选择性 最早到达(不允许换乘) → 2_B20260917_172708_0374（尝试 1 次）
2026-09-17 17:28:33 [batch_generate] [success] [0375] 2_ 选择性 最早到达(不允许换乘) → 2_B20260917_172708_0375（尝试 1 次）
2026-09-17 17:28:34 [batch_generate] [success] [0376] 2_ 选择性 最早到达(不允许换乘) → 2_B20260917_172708_0376（尝试 1 次）
2026-09-17 17:28:34 [batch_generate] [success] [0377] 2_ 选择性 最早到达(不允许换乘) → 2_B20260917_172708_0377（尝试 1 次）
2026-09-17 17:28:34 [batch_generate] [success] [0378] 2_ 选择性 最早到达(不允许换乘) → 2_B20260917_172708_0378（尝试 1 次）
2026-09-17 17:28:34 [batch_generate] [success] [0379] 2_ 选择性 最早到达(不允许买短补长与额外购买) → 2_B20260917_172708_0379（尝试 1 次）
2026-09-17 17:28:35 [batch_generate] [success] [0380] 2_ 选择性 最早到达(不允许买短补长与额外购买) → 2_B20260917_172708_0380（尝试 1 次）
2026-09-17 17:28:35 [batch_generate] [success] [0382] 2_ 选择性 最早到达(不允许买短补长与额外购买) → 2_B20260917_172708_0382（尝试 2 次）
2026-09-17 17:28:35 [batch_generate] [success] [0383] 2_ 选择性 最早到达(不允许买短补长与额外购买) → 2_B20260917_172708_0383（尝试 1 次）
2026-09-17 17:28:36 [batch_generate] [success] [0385] 2_ 选择性 最早到达(不允许买短补长与额外购买) → 2_B20260917_172708_0385（尝试 2 次）
2026-09-17 17:28:36 [batch_generate] [success] [0386] 2_ 选择性 最早到达(不允许买短补长与额外购买) → 2_B20260917_172708_0386（尝试 1 次）
2026-09-17 17:28:36 [batch_generate] [success] [0387] 2_ 选择性 最早到达(不允许买短补长与额外购买) → 2_B20260917_172708_0387（尝试 1 次）
2026-09-17 17:28:36 [batch_generate] [success] [0388] 2_ 选择性 最早到达(不允许买短补长与额外购买) → 2_B20260917_172708_0388（尝试 1 次）
2026-09-17 17:28:36 [batch_generate] [success] 出题完成：成功 328 / 失败 0（共 328 题）
2026-09-17 17:28:51 [batch_generate] [info] 收到批量出题请求，任务已启动
2026-09-17 17:28:51 [batch_generate] [info] 批量出题开始：共 328 题（存在性 208 + 选择性 120），每题重试上限 40，干扰密度 2.0%，随机票密度 2.0%
2026-09-17 17:28:52 [batch_generate] [success] [0001] 1_ 存在性（干扰）单策略/换乘 → 1_B20260917_172851_0001（尝试 1 次）
2026-09-17 17:28:52 [batch_generate] [success] [0002] 1_ 存在性（干扰）单策略/换乘 → 1_B20260917_172851_0002（尝试 1 次）
2026-09-17 17:28:52 [batch_generate] [success] [0003] 1_ 存在性（干扰）单策略/换乘 → 1_B20260917_172851_0003（尝试 1 次）
2026-09-17 17:28:53 [batch_generate] [success] [0004] 1_ 存在性（干扰）单策略/换乘 → 1_B20260917_172851_0004（尝试 1 次）
2026-09-17 17:28:53 [batch_generate] [success] [0005] 1_ 存在性（干扰）单策略/换乘 → 1_B20260917_172851_0005（尝试 1 次）
2026-09-17 17:28:53 [batch_generate] [success] [0006] 1_ 存在性（干扰）单策略/换乘 → 1_B20260917_172851_0006（尝试 1 次）
2026-09-17 17:28:54 [batch_generate] [success] [0007] 1_ 存在性（干扰）单策略/换乘 → 1_B20260917_172851_0007（尝试 1 次）
2026-09-17 17:28:54 [batch_generate] [success] [0008] 1_ 存在性（干扰）单策略/换乘 → 1_B20260917_172851_0008（尝试 1 次）
2026-09-17 17:28:54 [batch_generate] [success] [0009] 0_ 存在性（无干扰）单策略/换乘 → 0_B20260917_172851_0009（尝试 1 次）
2026-09-17 17:28:54 [batch_generate] [success] [0010] 0_ 存在性（无干扰）单策略/换乘 → 0_B20260917_172851_0010（尝试 1 次）
2026-09-17 17:28:54 [batch_generate] [success] [0011] 0_ 存在性（无干扰）单策略/换乘 → 0_B20260917_172851_0011（尝试 1 次）
2026-09-17 17:28:54 [batch_generate] [success] [0012] 0_ 存在性（无干扰）单策略/换乘 → 0_B20260917_172851_0012（尝试 1 次）
2026-09-17 17:28:54 [batch_generate] [success] [0013] 0_ 存在性（无干扰）单策略/换乘 → 0_B20260917_172851_0013（尝试 1 次）
2026-09-17 17:28:54 [batch_generate] [success] [0014] 0_ 存在性（无干扰）单策略/换乘 → 0_B20260917_172851_0014（尝试 1 次）
2026-09-17 17:28:55 [batch_generate] [success] [0015] 0_ 存在性（无干扰）单策略/换乘 → 0_B20260917_172851_0015（尝试 1 次）
2026-09-17 17:28:55 [batch_generate] [success] [0016] 0_ 存在性（无干扰）单策略/换乘 → 0_B20260917_172851_0016（尝试 1 次）
2026-09-17 17:28:55 [batch_generate] [success] [0017] 1_ 存在性（干扰）单策略/买短补长 → 1_B20260917_172851_0017（尝试 1 次）
2026-09-17 17:28:55 [batch_generate] [success] [0019] 1_ 存在性（干扰）单策略/买短补长 → 1_B20260917_172851_0019（尝试 2 次）
2026-09-17 17:28:55 [batch_generate] [success] [0020] 1_ 存在性（干扰）单策略/买短补长 → 1_B20260917_172851_0020（尝试 1 次）
2026-09-17 17:28:56 [batch_generate] [success] [0021] 1_ 存在性（干扰）单策略/买短补长 → 1_B20260917_172851_0021（尝试 1 次）
2026-09-17 17:28:56 [batch_generate] [success] [0022] 1_ 存在性（干扰）单策略/买短补长 → 1_B20260917_172851_0022（尝试 1 次）
2026-09-17 17:28:56 [batch_generate] [success] [0023] 1_ 存在性（干扰）单策略/买短补长 → 1_B20260917_172851_0023（尝试 1 次）
2026-09-17 17:28:56 [batch_generate] [success] [0024] 1_ 存在性（干扰）单策略/买短补长 → 1_B20260917_172851_0024（尝试 1 次）
2026-09-17 17:28:57 [batch_generate] [success] [0025] 1_ 存在性（干扰）单策略/买短补长 → 1_B20260917_172851_0025（尝试 1 次）
2026-09-17 17:28:57 [batch_generate] [success] [0026] 0_ 存在性（无干扰）单策略/买短补长 → 0_B20260917_172851_0026（尝试 1 次）
2026-09-17 17:28:57 [batch_generate] [success] [0028] 0_ 存在性（无干扰）单策略/买短补长 → 0_B20260917_172851_0028（尝试 2 次）
2026-09-17 17:28:57 [batch_generate] [success] [0030] 0_ 存在性（无干扰）单策略/买短补长 → 0_B20260917_172851_0030（尝试 2 次）
2026-09-17 17:28:57 [batch_generate] [success] [0031] 0_ 存在性（无干扰）单策略/买短补长 → 0_B20260917_172851_0031（尝试 1 次）
2026-09-17 17:28:57 [batch_generate] [success] [0032] 0_ 存在性（无干扰）单策略/买短补长 → 0_B20260917_172851_0032（尝试 1 次）
2026-09-17 17:28:57 [batch_generate] [success] [0033] 0_ 存在性（无干扰）单策略/买短补长 → 0_B20260917_172851_0033（尝试 1 次）
2026-09-17 17:28:57 [batch_generate] [success] [0034] 0_ 存在性（无干扰）单策略/买短补长 → 0_B20260917_172851_0034（尝试 1 次）
2026-09-17 17:28:57 [batch_generate] [success] [0035] 0_ 存在性（无干扰）单策略/买短补长 → 0_B20260917_172851_0035（尝试 1 次）
2026-09-17 17:28:57 [batch_generate] [success] [0036] 1_ 存在性（干扰）单策略/额外购买（前） → 1_B20260917_172851_0036（尝试 1 次）
2026-09-17 17:28:58 [batch_generate] [success] [0037] 1_ 存在性（干扰）单策略/额外购买（前） → 1_B20260917_172851_0037（尝试 1 次）
2026-09-17 17:28:58 [batch_generate] [success] [0038] 1_ 存在性（干扰）单策略/额外购买（前） → 1_B20260917_172851_0038（尝试 1 次）
2026-09-17 17:28:58 [batch_generate] [success] [0039] 1_ 存在性（干扰）单策略/额外购买（前） → 1_B20260917_172851_0039（尝试 1 次）
2026-09-17 17:28:59 [batch_generate] [success] [0040] 1_ 存在性（干扰）单策略/额外购买（前） → 1_B20260917_172851_0040（尝试 1 次）
2026-09-17 17:28:59 [batch_generate] [success] [0041] 1_ 存在性（干扰）单策略/额外购买（前） → 1_B20260917_172851_0041（尝试 1 次）
2026-09-17 17:28:59 [batch_generate] [success] [0042] 1_ 存在性（干扰）单策略/额外购买（前） → 1_B20260917_172851_0042（尝试 1 次）
2026-09-17 17:28:59 [batch_generate] [success] [0043] 1_ 存在性（干扰）单策略/额外购买（前） → 1_B20260917_172851_0043（尝试 1 次）
2026-09-17 17:28:59 [batch_generate] [success] [0044] 0_ 存在性（无干扰）单策略/额外购买（前） → 0_B20260917_172851_0044（尝试 1 次）
2026-09-17 17:28:59 [batch_generate] [success] [0045] 0_ 存在性（无干扰）单策略/额外购买（前） → 0_B20260917_172851_0045（尝试 1 次）
2026-09-17 17:28:59 [batch_generate] [success] [0046] 0_ 存在性（无干扰）单策略/额外购买（前） → 0_B20260917_172851_0046（尝试 1 次）
2026-09-17 17:28:59 [batch_generate] [success] [0047] 0_ 存在性（无干扰）单策略/额外购买（前） → 0_B20260917_172851_0047（尝试 1 次）
2026-09-17 17:29:00 [batch_generate] [success] [0048] 0_ 存在性（无干扰）单策略/额外购买（前） → 0_B20260917_172851_0048（尝试 1 次）
2026-09-17 17:29:00 [batch_generate] [success] [0050] 0_ 存在性（无干扰）单策略/额外购买（前） → 0_B20260917_172851_0050（尝试 2 次）
2026-09-17 17:29:00 [batch_generate] [success] [0051] 0_ 存在性（无干扰）单策略/额外购买（前） → 0_B20260917_172851_0051（尝试 1 次）
2026-09-17 17:29:00 [batch_generate] [success] [0052] 0_ 存在性（无干扰）单策略/额外购买（前） → 0_B20260917_172851_0052（尝试 1 次）
2026-09-17 17:29:00 [batch_generate] [success] [0053] 1_ 存在性（干扰）单策略/额外购买（后） → 1_B20260917_172851_0053（尝试 1 次）
2026-09-17 17:29:00 [batch_generate] [success] [0054] 1_ 存在性（干扰）单策略/额外购买（后） → 1_B20260917_172851_0054（尝试 1 次）
2026-09-17 17:29:00 [batch_generate] [success] [0055] 1_ 存在性（干扰）单策略/额外购买（后） → 1_B20260917_172851_0055（尝试 1 次）
2026-09-17 17:29:01 [batch_generate] [success] [0056] 1_ 存在性（干扰）单策略/额外购买（后） → 1_B20260917_172851_0056（尝试 1 次）
2026-09-17 17:29:01 [batch_generate] [success] [0057] 1_ 存在性（干扰）单策略/额外购买（后） → 1_B20260917_172851_0057（尝试 1 次）
2026-09-17 17:29:01 [batch_generate] [success] [0058] 1_ 存在性（干扰）单策略/额外购买（后） → 1_B20260917_172851_0058（尝试 1 次）
2026-09-17 17:29:01 [batch_generate] [success] [0059] 1_ 存在性（干扰）单策略/额外购买（后） → 1_B20260917_172851_0059（尝试 1 次）
2026-09-17 17:29:02 [batch_generate] [success] [0060] 1_ 存在性（干扰）单策略/额外购买（后） → 1_B20260917_172851_0060（尝试 1 次）
2026-09-17 17:29:02 [batch_generate] [success] [0061] 0_ 存在性（无干扰）单策略/额外购买（后） → 0_B20260917_172851_0061（尝试 1 次）
2026-09-17 17:29:02 [batch_generate] [success] [0062] 0_ 存在性（无干扰）单策略/额外购买（后） → 0_B20260917_172851_0062（尝试 1 次）
2026-09-17 17:29:02 [batch_generate] [success] [0064] 0_ 存在性（无干扰）单策略/额外购买（后） → 0_B20260917_172851_0064（尝试 2 次）
2026-09-17 17:29:02 [batch_generate] [success] [0065] 0_ 存在性（无干扰）单策略/额外购买（后） → 0_B20260917_172851_0065（尝试 1 次）
2026-09-17 17:29:02 [batch_generate] [success] [0066] 0_ 存在性（无干扰）单策略/额外购买（后） → 0_B20260917_172851_0066（尝试 1 次）
2026-09-17 17:29:02 [batch_generate] [success] [0067] 0_ 存在性（无干扰）单策略/额外购买（后） → 0_B20260917_172851_0067（尝试 1 次）
2026-09-17 17:29:02 [batch_generate] [success] [0068] 0_ 存在性（无干扰）单策略/额外购买（后） → 0_B20260917_172851_0068（尝试 1 次）
2026-09-17 17:29:02 [batch_generate] [success] [0069] 0_ 存在性（无干扰）单策略/额外购买（后） → 0_B20260917_172851_0069（尝试 1 次）
2026-09-17 17:29:02 [batch_generate] [success] [0070] 1_ 存在性（干扰）双策略/买短补长+换乘 → 1_B20260917_172851_0070（尝试 1 次）
2026-09-17 17:29:03 [batch_generate] [success] [0071] 1_ 存在性（干扰）双策略/买短补长+换乘 → 1_B20260917_172851_0071（尝试 1 次）
2026-09-17 17:29:03 [batch_generate] [success] [0072] 1_ 存在性（干扰）双策略/买短补长+换乘 → 1_B20260917_172851_0072（尝试 1 次）
2026-09-17 17:29:03 [batch_generate] [success] [0073] 1_ 存在性（干扰）双策略/买短补长+换乘 → 1_B20260917_172851_0073（尝试 1 次）
2026-09-17 17:29:04 [batch_generate] [success] [0074] 1_ 存在性（干扰）双策略/买短补长+换乘 → 1_B20260917_172851_0074（尝试 1 次）
2026-09-17 17:29:04 [batch_generate] [success] [0075] 1_ 存在性（干扰）双策略/买短补长+换乘 → 1_B20260917_172851_0075（尝试 1 次）
2026-09-17 17:29:04 [batch_generate] [success] [0076] 1_ 存在性（干扰）双策略/买短补长+换乘 → 1_B20260917_172851_0076（尝试 1 次）
2026-09-17 17:29:05 [batch_generate] [success] [0077] 1_ 存在性（干扰）双策略/买短补长+换乘 → 1_B20260917_172851_0077（尝试 1 次）
2026-09-17 17:29:05 [batch_generate] [success] [0078] 0_ 存在性（无干扰）双策略/买短补长+换乘 → 0_B20260917_172851_0078（尝试 1 次）
2026-09-17 17:29:05 [batch_generate] [success] [0079] 0_ 存在性（无干扰）双策略/买短补长+换乘 → 0_B20260917_172851_0079（尝试 1 次）
2026-09-17 17:29:05 [batch_generate] [success] [0080] 0_ 存在性（无干扰）双策略/买短补长+换乘 → 0_B20260917_172851_0080（尝试 1 次）
2026-09-17 17:29:06 [batch_generate] [success] [0081] 0_ 存在性（无干扰）双策略/买短补长+换乘 → 0_B20260917_172851_0081（尝试 1 次）
2026-09-17 17:29:06 [batch_generate] [success] [0082] 0_ 存在性（无干扰）双策略/买短补长+换乘 → 0_B20260917_172851_0082（尝试 1 次）
2026-09-17 17:29:06 [batch_generate] [success] [0083] 0_ 存在性（无干扰）双策略/买短补长+换乘 → 0_B20260917_172851_0083（尝试 1 次）
2026-09-17 17:29:06 [batch_generate] [success] [0084] 0_ 存在性（无干扰）双策略/买短补长+换乘 → 0_B20260917_172851_0084（尝试 1 次）
2026-09-17 17:29:06 [batch_generate] [success] [0085] 0_ 存在性（无干扰）双策略/买短补长+换乘 → 0_B20260917_172851_0085（尝试 1 次）
2026-09-17 17:29:07 [batch_generate] [success] [0086] 1_ 存在性（干扰）双策略/额外购买（前）+换乘 → 1_B20260917_172851_0086（尝试 1 次）
2026-09-17 17:29:07 [batch_generate] [success] [0087] 1_ 存在性（干扰）双策略/额外购买（前）+换乘 → 1_B20260917_172851_0087（尝试 1 次）
2026-09-17 17:29:08 [batch_generate] [success] [0089] 1_ 存在性（干扰）双策略/额外购买（前）+换乘 → 1_B20260917_172851_0089（尝试 2 次）
2026-09-17 17:29:08 [batch_generate] [success] [0090] 1_ 存在性（干扰）双策略/额外购买（前）+换乘 → 1_B20260917_172851_0090（尝试 1 次）
2026-09-17 17:29:08 [batch_generate] [success] [0091] 1_ 存在性（干扰）双策略/额外购买（前）+换乘 → 1_B20260917_172851_0091（尝试 1 次）
2026-09-17 17:29:09 [batch_generate] [success] [0092] 1_ 存在性（干扰）双策略/额外购买（前）+换乘 → 1_B20260917_172851_0092（尝试 1 次）
2026-09-17 17:29:09 [batch_generate] [success] [0093] 1_ 存在性（干扰）双策略/额外购买（前）+换乘 → 1_B20260917_172851_0093（尝试 1 次）
2026-09-17 17:29:09 [batch_generate] [success] [0094] 1_ 存在性（干扰）双策略/额外购买（前）+换乘 → 1_B20260917_172851_0094（尝试 1 次）
2026-09-17 17:29:10 [batch_generate] [success] [0095] 0_ 存在性（无干扰）双策略/额外购买（前）+换乘 → 0_B20260917_172851_0095（尝试 1 次）
2026-09-17 17:29:10 [batch_generate] [success] [0096] 0_ 存在性（无干扰）双策略/额外购买（前）+换乘 → 0_B20260917_172851_0096（尝试 1 次）
2026-09-17 17:29:10 [batch_generate] [success] [0098] 0_ 存在性（无干扰）双策略/额外购买（前）+换乘 → 0_B20260917_172851_0098（尝试 2 次）
2026-09-17 17:29:10 [batch_generate] [success] [0099] 0_ 存在性（无干扰）双策略/额外购买（前）+换乘 → 0_B20260917_172851_0099（尝试 1 次）
2026-09-17 17:29:10 [batch_generate] [success] [0100] 0_ 存在性（无干扰）双策略/额外购买（前）+换乘 → 0_B20260917_172851_0100（尝试 1 次）
2026-09-17 17:29:11 [batch_generate] [success] [0101] 0_ 存在性（无干扰）双策略/额外购买（前）+换乘 → 0_B20260917_172851_0101（尝试 1 次）
2026-09-17 17:29:11 [batch_generate] [success] [0102] 0_ 存在性（无干扰）双策略/额外购买（前）+换乘 → 0_B20260917_172851_0102（尝试 1 次）
2026-09-17 17:29:11 [batch_generate] [success] [0103] 0_ 存在性（无干扰）双策略/额外购买（前）+换乘 → 0_B20260917_172851_0103（尝试 1 次）
2026-09-17 17:29:12 [batch_generate] [success] [0104] 1_ 存在性（干扰）双策略/额外购买（后）+换乘 → 1_B20260917_172851_0104（尝试 1 次）
2026-09-17 17:29:12 [batch_generate] [success] [0105] 1_ 存在性（干扰）双策略/额外购买（后）+换乘 → 1_B20260917_172851_0105（尝试 1 次）
2026-09-17 17:29:12 [batch_generate] [success] [0107] 1_ 存在性（干扰）双策略/额外购买（后）+换乘 → 1_B20260917_172851_0107（尝试 2 次）
2026-09-17 17:29:13 [batch_generate] [success] [0108] 1_ 存在性（干扰）双策略/额外购买（后）+换乘 → 1_B20260917_172851_0108（尝试 1 次）
2026-09-17 17:29:13 [batch_generate] [success] [0110] 1_ 存在性（干扰）双策略/额外购买（后）+换乘 → 1_B20260917_172851_0110（尝试 2 次）
2026-09-17 17:29:13 [batch_generate] [success] [0111] 1_ 存在性（干扰）双策略/额外购买（后）+换乘 → 1_B20260917_172851_0111（尝试 1 次）
2026-09-17 17:29:14 [batch_generate] [success] [0112] 1_ 存在性（干扰）双策略/额外购买（后）+换乘 → 1_B20260917_172851_0112（尝试 1 次）
2026-09-17 17:29:14 [batch_generate] [success] [0113] 1_ 存在性（干扰）双策略/额外购买（后）+换乘 → 1_B20260917_172851_0113（尝试 1 次）
2026-09-17 17:29:14 [batch_generate] [success] [0114] 0_ 存在性（无干扰）双策略/额外购买（后）+换乘 → 0_B20260917_172851_0114（尝试 1 次）
2026-09-17 17:29:15 [batch_generate] [success] [0115] 0_ 存在性（无干扰）双策略/额外购买（后）+换乘 → 0_B20260917_172851_0115（尝试 1 次）
2026-09-17 17:29:15 [batch_generate] [success] [0116] 0_ 存在性（无干扰）双策略/额外购买（后）+换乘 → 0_B20260917_172851_0116（尝试 1 次）
2026-09-17 17:29:15 [batch_generate] [success] [0117] 0_ 存在性（无干扰）双策略/额外购买（后）+换乘 → 0_B20260917_172851_0117（尝试 1 次）
2026-09-17 17:29:15 [batch_generate] [success] [0118] 0_ 存在性（无干扰）双策略/额外购买（后）+换乘 → 0_B20260917_172851_0118（尝试 1 次）
2026-09-17 17:29:15 [batch_generate] [success] [0119] 0_ 存在性（无干扰）双策略/额外购买（后）+换乘 → 0_B20260917_172851_0119（尝试 1 次）
2026-09-17 17:29:15 [batch_generate] [success] [0120] 0_ 存在性（无干扰）双策略/额外购买（后）+换乘 → 0_B20260917_172851_0120（尝试 1 次）
2026-09-17 17:29:16 [batch_generate] [success] [0121] 0_ 存在性（无干扰）双策略/额外购买（后）+换乘 → 0_B20260917_172851_0121（尝试 1 次）
2026-09-17 17:29:16 [batch_generate] [success] [0122] 1_ 存在性（干扰）三策略/买短补长+买短补长 → 1_B20260917_172851_0122（尝试 1 次）
2026-09-17 17:29:16 [batch_generate] [success] [0123] 1_ 存在性（干扰）三策略/买短补长+买短补长 → 1_B20260917_172851_0123（尝试 1 次）
2026-09-17 17:29:17 [batch_generate] [success] [0125] 1_ 存在性（干扰）三策略/买短补长+买短补长 → 1_B20260917_172851_0125（尝试 2 次）
2026-09-17 17:29:17 [batch_generate] [success] [0126] 1_ 存在性（干扰）三策略/买短补长+买短补长 → 1_B20260917_172851_0126（尝试 1 次）
2026-09-17 17:29:18 [batch_generate] [success] [0128] 1_ 存在性（干扰）三策略/买短补长+买短补长 → 1_B20260917_172851_0128（尝试 2 次）
2026-09-17 17:29:18 [batch_generate] [success] [0129] 1_ 存在性（干扰）三策略/买短补长+买短补长 → 1_B20260917_172851_0129（尝试 1 次）
2026-09-17 17:29:19 [batch_generate] [success] [0130] 1_ 存在性（干扰）三策略/买短补长+买短补长 → 1_B20260917_172851_0130（尝试 1 次）
2026-09-17 17:29:19 [batch_generate] [success] [0131] 1_ 存在性（干扰）三策略/买短补长+买短补长 → 1_B20260917_172851_0131（尝试 1 次）
2026-09-17 17:29:19 [batch_generate] [success] [0133] 0_ 存在性（无干扰）三策略/买短补长+买短补长 → 0_B20260917_172851_0133（尝试 2 次）
2026-09-17 17:29:19 [batch_generate] [success] [0134] 0_ 存在性（无干扰）三策略/买短补长+买短补长 → 0_B20260917_172851_0134（尝试 1 次）
2026-09-17 17:29:20 [batch_generate] [success] [0135] 0_ 存在性（无干扰）三策略/买短补长+买短补长 → 0_B20260917_172851_0135（尝试 1 次）
2026-09-17 17:29:20 [batch_generate] [success] [0136] 0_ 存在性（无干扰）三策略/买短补长+买短补长 → 0_B20260917_172851_0136（尝试 1 次）
2026-09-17 17:29:20 [batch_generate] [success] [0137] 0_ 存在性（无干扰）三策略/买短补长+买短补长 → 0_B20260917_172851_0137（尝试 1 次）
2026-09-17 17:29:20 [batch_generate] [success] [0138] 0_ 存在性（无干扰）三策略/买短补长+买短补长 → 0_B20260917_172851_0138（尝试 1 次）
2026-09-17 17:29:20 [batch_generate] [success] [0140] 0_ 存在性（无干扰）三策略/买短补长+买短补长 → 0_B20260917_172851_0140（尝试 2 次）
2026-09-17 17:29:20 [batch_generate] [success] [0142] 0_ 存在性（无干扰）三策略/买短补长+买短补长 → 0_B20260917_172851_0142（尝试 2 次）
2026-09-17 17:29:21 [batch_generate] [success] [0143] 1_ 存在性（干扰）三策略/买短补长+额外购买（前） → 1_B20260917_172851_0143（尝试 1 次）
2026-09-17 17:29:21 [batch_generate] [success] [0144] 1_ 存在性（干扰）三策略/买短补长+额外购买（前） → 1_B20260917_172851_0144（尝试 1 次）
2026-09-17 17:29:21 [batch_generate] [success] [0145] 1_ 存在性（干扰）三策略/买短补长+额外购买（前） → 1_B20260917_172851_0145（尝试 1 次）
2026-09-17 17:29:22 [batch_generate] [success] [0146] 1_ 存在性（干扰）三策略/买短补长+额外购买（前） → 1_B20260917_172851_0146（尝试 1 次）
2026-09-17 17:29:22 [batch_generate] [success] [0147] 1_ 存在性（干扰）三策略/买短补长+额外购买（前） → 1_B20260917_172851_0147（尝试 1 次）
2026-09-17 17:29:22 [batch_generate] [success] [0148] 1_ 存在性（干扰）三策略/买短补长+额外购买（前） → 1_B20260917_172851_0148（尝试 1 次）
2026-09-17 17:29:23 [batch_generate] [success] [0149] 1_ 存在性（干扰）三策略/买短补长+额外购买（前） → 1_B20260917_172851_0149（尝试 1 次）
2026-09-17 17:29:23 [batch_generate] [success] [0150] 1_ 存在性（干扰）三策略/买短补长+额外购买（前） → 1_B20260917_172851_0150（尝试 1 次）
2026-09-17 17:29:23 [batch_generate] [success] [0151] 0_ 存在性（无干扰）三策略/买短补长+额外购买（前） → 0_B20260917_172851_0151（尝试 1 次）
2026-09-17 17:29:23 [batch_generate] [success] [0152] 0_ 存在性（无干扰）三策略/买短补长+额外购买（前） → 0_B20260917_172851_0152（尝试 1 次）
2026-09-17 17:29:23 [batch_generate] [success] [0153] 0_ 存在性（无干扰）三策略/买短补长+额外购买（前） → 0_B20260917_172851_0153（尝试 1 次）
2026-09-17 17:29:23 [batch_generate] [success] [0154] 0_ 存在性（无干扰）三策略/买短补长+额外购买（前） → 0_B20260917_172851_0154（尝试 1 次）
2026-09-17 17:29:23 [batch_generate] [success] [0155] 0_ 存在性（无干扰）三策略/买短补长+额外购买（前） → 0_B20260917_172851_0155（尝试 1 次）
2026-09-17 17:29:23 [batch_generate] [success] [0156] 0_ 存在性（无干扰）三策略/买短补长+额外购买（前） → 0_B20260917_172851_0156（尝试 1 次）
2026-09-17 17:29:24 [batch_generate] [success] [0157] 0_ 存在性（无干扰）三策略/买短补长+额外购买（前） → 0_B20260917_172851_0157（尝试 1 次）
2026-09-17 17:29:24 [batch_generate] [success] [0158] 0_ 存在性（无干扰）三策略/买短补长+额外购买（前） → 0_B20260917_172851_0158（尝试 1 次）
2026-09-17 17:29:24 [batch_generate] [success] [0159] 1_ 存在性（干扰）三策略/买短补长+额外购买（后） → 1_B20260917_172851_0159（尝试 1 次）
2026-09-17 17:29:24 [batch_generate] [success] [0160] 1_ 存在性（干扰）三策略/买短补长+额外购买（后） → 1_B20260917_172851_0160（尝试 1 次）
2026-09-17 17:29:24 [batch_generate] [success] [0161] 1_ 存在性（干扰）三策略/买短补长+额外购买（后） → 1_B20260917_172851_0161（尝试 1 次）
2026-09-17 17:29:25 [batch_generate] [success] [0163] 1_ 存在性（干扰）三策略/买短补长+额外购买（后） → 1_B20260917_172851_0163（尝试 2 次）
2026-09-17 17:29:25 [batch_generate] [success] [0164] 1_ 存在性（干扰）三策略/买短补长+额外购买（后） → 1_B20260917_172851_0164（尝试 1 次）
2026-09-17 17:29:26 [batch_generate] [success] [0165] 1_ 存在性（干扰）三策略/买短补长+额外购买（后） → 1_B20260917_172851_0165（尝试 1 次）
2026-09-17 17:29:26 [batch_generate] [success] [0166] 1_ 存在性（干扰）三策略/买短补长+额外购买（后） → 1_B20260917_172851_0166（尝试 1 次）
2026-09-17 17:29:26 [batch_generate] [success] [0167] 1_ 存在性（干扰）三策略/买短补长+额外购买（后） → 1_B20260917_172851_0167（尝试 1 次）
2026-09-17 17:29:27 [batch_generate] [success] [0169] 0_ 存在性（无干扰）三策略/买短补长+额外购买（后） → 0_B20260917_172851_0169（尝试 2 次）
2026-09-17 17:29:27 [batch_generate] [success] [0170] 0_ 存在性（无干扰）三策略/买短补长+额外购买（后） → 0_B20260917_172851_0170（尝试 1 次）
2026-09-17 17:29:27 [batch_generate] [success] [0171] 0_ 存在性（无干扰）三策略/买短补长+额外购买（后） → 0_B20260917_172851_0171（尝试 1 次）
2026-09-17 17:29:27 [batch_generate] [success] [0172] 0_ 存在性（无干扰）三策略/买短补长+额外购买（后） → 0_B20260917_172851_0172（尝试 1 次）
2026-09-17 17:29:27 [batch_generate] [success] [0174] 0_ 存在性（无干扰）三策略/买短补长+额外购买（后） → 0_B20260917_172851_0174（尝试 2 次）
2026-09-17 17:29:27 [batch_generate] [success] [0176] 0_ 存在性（无干扰）三策略/买短补长+额外购买（后） → 0_B20260917_172851_0176（尝试 2 次）
2026-09-17 17:29:27 [batch_generate] [success] [0177] 0_ 存在性（无干扰）三策略/买短补长+额外购买（后） → 0_B20260917_172851_0177（尝试 1 次）
2026-09-17 17:29:27 [batch_generate] [success] [0178] 0_ 存在性（无干扰）三策略/买短补长+额外购买（后） → 0_B20260917_172851_0178（尝试 1 次）
2026-09-17 17:29:28 [batch_generate] [success] [0179] 1_ 存在性（干扰）三策略/额外购买（前）+额外购买（前） → 1_B20260917_172851_0179（尝试 1 次）
2026-09-17 17:29:28 [batch_generate] [success] [0181] 1_ 存在性（干扰）三策略/额外购买（前）+额外购买（前） → 1_B20260917_172851_0181（尝试 2 次）
2026-09-17 17:29:28 [batch_generate] [success] [0182] 1_ 存在性（干扰）三策略/额外购买（前）+额外购买（前） → 1_B20260917_172851_0182（尝试 1 次）
2026-09-17 17:29:29 [batch_generate] [success] [0183] 1_ 存在性（干扰）三策略/额外购买（前）+额外购买（前） → 1_B20260917_172851_0183（尝试 1 次）
2026-09-17 17:29:29 [batch_generate] [success] [0184] 1_ 存在性（干扰）三策略/额外购买（前）+额外购买（前） → 1_B20260917_172851_0184（尝试 1 次）
2026-09-17 17:29:29 [batch_generate] [success] [0185] 1_ 存在性（干扰）三策略/额外购买（前）+额外购买（前） → 1_B20260917_172851_0185（尝试 1 次）
2026-09-17 17:29:30 [batch_generate] [success] [0187] 1_ 存在性（干扰）三策略/额外购买（前）+额外购买（前） → 1_B20260917_172851_0187（尝试 2 次）
2026-09-17 17:29:30 [batch_generate] [success] [0188] 1_ 存在性（干扰）三策略/额外购买（前）+额外购买（前） → 1_B20260917_172851_0188（尝试 1 次）
2026-09-17 17:29:30 [batch_generate] [success] [0189] 0_ 存在性（无干扰）三策略/额外购买（前）+额外购买（前） → 0_B20260917_172851_0189（尝试 1 次）
2026-09-17 17:29:30 [batch_generate] [success] [0190] 0_ 存在性（无干扰）三策略/额外购买（前）+额外购买（前） → 0_B20260917_172851_0190（尝试 1 次）
2026-09-17 17:29:30 [batch_generate] [success] [0191] 0_ 存在性（无干扰）三策略/额外购买（前）+额外购买（前） → 0_B20260917_172851_0191（尝试 1 次）
2026-09-17 17:29:30 [batch_generate] [success] [0192] 0_ 存在性（无干扰）三策略/额外购买（前）+额外购买（前） → 0_B20260917_172851_0192（尝试 1 次）
2026-09-17 17:29:30 [batch_generate] [success] [0193] 0_ 存在性（无干扰）三策略/额外购买（前）+额外购买（前） → 0_B20260917_172851_0193（尝试 1 次）
2026-09-17 17:29:30 [batch_generate] [success] [0194] 0_ 存在性（无干扰）三策略/额外购买（前）+额外购买（前） → 0_B20260917_172851_0194（尝试 1 次）
2026-09-17 17:29:31 [batch_generate] [success] [0195] 0_ 存在性（无干扰）三策略/额外购买（前）+额外购买（前） → 0_B20260917_172851_0195（尝试 1 次）
2026-09-17 17:29:31 [batch_generate] [success] [0196] 0_ 存在性（无干扰）三策略/额外购买（前）+额外购买（前） → 0_B20260917_172851_0196（尝试 1 次）
2026-09-17 17:29:31 [batch_generate] [success] [0197] 1_ 存在性（干扰）三策略/额外购买（前）+额外购买（后） → 1_B20260917_172851_0197（尝试 1 次）
2026-09-17 17:29:31 [batch_generate] [success] [0198] 1_ 存在性（干扰）三策略/额外购买（前）+额外购买（后） → 1_B20260917_172851_0198（尝试 1 次）
2026-09-17 17:29:32 [batch_generate] [success] [0200] 1_ 存在性（干扰）三策略/额外购买（前）+额外购买（后） → 1_B20260917_172851_0200（尝试 2 次）
2026-09-17 17:29:32 [batch_generate] [success] [0201] 1_ 存在性（干扰）三策略/额外购买（前）+额外购买（后） → 1_B20260917_172851_0201（尝试 1 次）
2026-09-17 17:29:32 [batch_generate] [success] [0203] 1_ 存在性（干扰）三策略/额外购买（前）+额外购买（后） → 1_B20260917_172851_0203（尝试 2 次）
2026-09-17 17:29:33 [batch_generate] [success] [0204] 1_ 存在性（干扰）三策略/额外购买（前）+额外购买（后） → 1_B20260917_172851_0204（尝试 1 次）
2026-09-17 17:29:33 [batch_generate] [success] [0205] 1_ 存在性（干扰）三策略/额外购买（前）+额外购买（后） → 1_B20260917_172851_0205（尝试 1 次）
2026-09-17 17:29:33 [batch_generate] [success] [0206] 1_ 存在性（干扰）三策略/额外购买（前）+额外购买（后） → 1_B20260917_172851_0206（尝试 1 次）
2026-09-17 17:29:33 [batch_generate] [success] [0207] 0_ 存在性（无干扰）三策略/额外购买（前）+额外购买（后） → 0_B20260917_172851_0207（尝试 1 次）
2026-09-17 17:29:33 [batch_generate] [success] [0208] 0_ 存在性（无干扰）三策略/额外购买（前）+额外购买（后） → 0_B20260917_172851_0208（尝试 1 次）
2026-09-17 17:29:33 [batch_generate] [success] [0209] 0_ 存在性（无干扰）三策略/额外购买（前）+额外购买（后） → 0_B20260917_172851_0209（尝试 1 次）
2026-09-17 17:29:34 [batch_generate] [success] [0210] 0_ 存在性（无干扰）三策略/额外购买（前）+额外购买（后） → 0_B20260917_172851_0210（尝试 1 次）
2026-09-17 17:29:34 [batch_generate] [success] [0212] 0_ 存在性（无干扰）三策略/额外购买（前）+额外购买（后） → 0_B20260917_172851_0212（尝试 2 次）
2026-09-17 17:29:34 [batch_generate] [success] [0213] 0_ 存在性（无干扰）三策略/额外购买（前）+额外购买（后） → 0_B20260917_172851_0213（尝试 1 次）
2026-09-17 17:29:34 [batch_generate] [success] [0214] 0_ 存在性（无干扰）三策略/额外购买（前）+额外购买（后） → 0_B20260917_172851_0214（尝试 1 次）
2026-09-17 17:29:34 [batch_generate] [success] [0215] 0_ 存在性（无干扰）三策略/额外购买（前）+额外购买（后） → 0_B20260917_172851_0215（尝试 1 次）
2026-09-17 17:29:34 [batch_generate] [success] [0216] 1_ 存在性（干扰）三策略/额外购买（后）+额外购买（后） → 1_B20260917_172851_0216（尝试 1 次）
2026-09-17 17:29:34 [batch_generate] [success] [0217] 1_ 存在性（干扰）三策略/额外购买（后）+额外购买（后） → 1_B20260917_172851_0217（尝试 1 次）
2026-09-17 17:29:35 [batch_generate] [success] [0218] 1_ 存在性（干扰）三策略/额外购买（后）+额外购买（后） → 1_B20260917_172851_0218（尝试 1 次）
2026-09-17 17:29:35 [batch_generate] [success] [0219] 1_ 存在性（干扰）三策略/额外购买（后）+额外购买（后） → 1_B20260917_172851_0219（尝试 1 次）
2026-09-17 17:29:36 [batch_generate] [success] [0220] 1_ 存在性（干扰）三策略/额外购买（后）+额外购买（后） → 1_B20260917_172851_0220（尝试 1 次）
2026-09-17 17:29:36 [batch_generate] [success] [0222] 1_ 存在性（干扰）三策略/额外购买（后）+额外购买（后） → 1_B20260917_172851_0222（尝试 2 次）
2026-09-17 17:29:36 [batch_generate] [success] [0223] 1_ 存在性（干扰）三策略/额外购买（后）+额外购买（后） → 1_B20260917_172851_0223（尝试 1 次）
2026-09-17 17:29:37 [batch_generate] [success] [0224] 1_ 存在性（干扰）三策略/额外购买（后）+额外购买（后） → 1_B20260917_172851_0224（尝试 1 次）
2026-09-17 17:29:37 [batch_generate] [success] [0225] 0_ 存在性（无干扰）三策略/额外购买（后）+额外购买（后） → 0_B20260917_172851_0225（尝试 1 次）
2026-09-17 17:29:38 [batch_generate] [success] [0226] 0_ 存在性（无干扰）三策略/额外购买（后）+额外购买（后） → 0_B20260917_172851_0226（尝试 1 次）
2026-09-17 17:29:38 [batch_generate] [success] [0227] 0_ 存在性（无干扰）三策略/额外购买（后）+额外购买（后） → 0_B20260917_172851_0227（尝试 1 次）
2026-09-17 17:29:38 [batch_generate] [success] [0228] 0_ 存在性（无干扰）三策略/额外购买（后）+额外购买（后） → 0_B20260917_172851_0228（尝试 1 次）
2026-09-17 17:29:38 [batch_generate] [success] [0229] 0_ 存在性（无干扰）三策略/额外购买（后）+额外购买（后） → 0_B20260917_172851_0229（尝试 1 次）
2026-09-17 17:29:38 [batch_generate] [success] [0230] 0_ 存在性（无干扰）三策略/额外购买（后）+额外购买（后） → 0_B20260917_172851_0230（尝试 1 次）
2026-09-17 17:29:39 [batch_generate] [success] [0231] 0_ 存在性（无干扰）三策略/额外购买（后）+额外购买（后） → 0_B20260917_172851_0231（尝试 1 次）
2026-09-17 17:29:39 [batch_generate] [success] [0232] 0_ 存在性（无干扰）三策略/额外购买（后）+额外购买（后） → 0_B20260917_172851_0232（尝试 1 次）
2026-09-17 17:29:39 [batch_generate] [success] [0233] 2_ 选择性 综合考虑(随意) → 2_B20260917_172851_0233（尝试 1 次）
2026-09-17 17:29:39 [batch_generate] [success] [0234] 2_ 选择性 综合考虑(随意) → 2_B20260917_172851_0234（尝试 1 次）
2026-09-17 17:29:40 [batch_generate] [success] [0235] 2_ 选择性 综合考虑(随意) → 2_B20260917_172851_0235（尝试 1 次）
2026-09-17 17:29:40 [batch_generate] [success] [0236] 2_ 选择性 综合考虑(随意) → 2_B20260917_172851_0236（尝试 1 次）
2026-09-17 17:29:40 [batch_generate] [success] [0237] 2_ 选择性 综合考虑(随意) → 2_B20260917_172851_0237（尝试 1 次）
2026-09-17 17:29:41 [batch_generate] [success] [0238] 2_ 选择性 综合考虑(随意) → 2_B20260917_172851_0238（尝试 1 次）
2026-09-17 17:29:41 [batch_generate] [success] [0239] 2_ 选择性 综合考虑(随意) → 2_B20260917_172851_0239（尝试 1 次）
2026-09-17 17:29:41 [batch_generate] [success] [0240] 2_ 选择性 综合考虑(随意) → 2_B20260917_172851_0240（尝试 1 次）
2026-09-17 17:29:42 [batch_generate] [success] [0241] 2_ 选择性 综合考虑(不允许换乘) → 2_B20260917_172851_0241（尝试 1 次）
2026-09-17 17:29:42 [batch_generate] [success] [0242] 2_ 选择性 综合考虑(不允许换乘) → 2_B20260917_172851_0242（尝试 1 次）
2026-09-17 17:29:42 [batch_generate] [success] [0243] 2_ 选择性 综合考虑(不允许换乘) → 2_B20260917_172851_0243（尝试 1 次）
2026-09-17 17:29:42 [batch_generate] [success] [0244] 2_ 选择性 综合考虑(不允许换乘) → 2_B20260917_172851_0244（尝试 1 次）
2026-09-17 17:29:43 [batch_generate] [success] [0245] 2_ 选择性 综合考虑(不允许换乘) → 2_B20260917_172851_0245（尝试 1 次）
2026-09-17 17:29:43 [batch_generate] [success] [0246] 2_ 选择性 综合考虑(不允许换乘) → 2_B20260917_172851_0246（尝试 1 次）
2026-09-17 17:29:43 [batch_generate] [success] [0247] 2_ 选择性 综合考虑(不允许换乘) → 2_B20260917_172851_0247（尝试 1 次）
2026-09-17 17:29:43 [batch_generate] [success] [0248] 2_ 选择性 综合考虑(不允许换乘) → 2_B20260917_172851_0248（尝试 1 次）
2026-09-17 17:29:44 [batch_generate] [success] [0249] 2_ 选择性 综合考虑(不允许买短补长与额外购买) → 2_B20260917_172851_0249（尝试 1 次）
2026-09-17 17:29:44 [batch_generate] [success] [0250] 2_ 选择性 综合考虑(不允许买短补长与额外购买) → 2_B20260917_172851_0250（尝试 1 次）
2026-09-17 17:29:44 [batch_generate] [success] [0251] 2_ 选择性 综合考虑(不允许买短补长与额外购买) → 2_B20260917_172851_0251（尝试 1 次）
2026-09-17 17:29:44 [batch_generate] [success] [0252] 2_ 选择性 综合考虑(不允许买短补长与额外购买) → 2_B20260917_172851_0252（尝试 1 次）
2026-09-17 17:29:45 [batch_generate] [success] [0253] 2_ 选择性 综合考虑(不允许买短补长与额外购买) → 2_B20260917_172851_0253（尝试 1 次）
2026-09-17 17:29:45 [batch_generate] [success] [0254] 2_ 选择性 综合考虑(不允许买短补长与额外购买) → 2_B20260917_172851_0254（尝试 1 次）
2026-09-17 17:29:45 [batch_generate] [success] [0255] 2_ 选择性 综合考虑(不允许买短补长与额外购买) → 2_B20260917_172851_0255（尝试 1 次）
2026-09-17 17:29:46 [batch_generate] [success] [0256] 2_ 选择性 综合考虑(不允许买短补长与额外购买) → 2_B20260917_172851_0256（尝试 1 次）
2026-09-17 17:29:46 [batch_generate] [success] [0257] 2_ 选择性 最快(随意) → 2_B20260917_172851_0257（尝试 1 次）
2026-09-17 17:29:46 [batch_generate] [success] [0258] 2_ 选择性 最快(随意) → 2_B20260917_172851_0258（尝试 1 次）
2026-09-17 17:29:47 [batch_generate] [success] [0259] 2_ 选择性 最快(随意) → 2_B20260917_172851_0259（尝试 1 次）
2026-09-17 17:29:47 [batch_generate] [success] [0260] 2_ 选择性 最快(随意) → 2_B20260917_172851_0260（尝试 1 次）
2026-09-17 17:29:47 [batch_generate] [success] [0261] 2_ 选择性 最快(随意) → 2_B20260917_172851_0261（尝试 1 次）
2026-09-17 17:29:48 [batch_generate] [success] [0262] 2_ 选择性 最快(随意) → 2_B20260917_172851_0262（尝试 1 次）
2026-09-17 17:29:48 [batch_generate] [success] [0263] 2_ 选择性 最快(随意) → 2_B20260917_172851_0263（尝试 1 次）
2026-09-17 17:29:48 [batch_generate] [success] [0264] 2_ 选择性 最快(随意) → 2_B20260917_172851_0264（尝试 1 次）
2026-09-17 17:29:49 [batch_generate] [success] [0266] 2_ 选择性 最快(不允许换乘) → 2_B20260917_172851_0266（尝试 2 次）
2026-09-17 17:29:49 [batch_generate] [success] [0267] 2_ 选择性 最快(不允许换乘) → 2_B20260917_172851_0267（尝试 1 次）
2026-09-17 17:29:49 [batch_generate] [success] [0268] 2_ 选择性 最快(不允许换乘) → 2_B20260917_172851_0268（尝试 1 次）
2026-09-17 17:29:49 [batch_generate] [success] [0269] 2_ 选择性 最快(不允许换乘) → 2_B20260917_172851_0269（尝试 1 次）
2026-09-17 17:29:50 [batch_generate] [success] [0270] 2_ 选择性 最快(不允许换乘) → 2_B20260917_172851_0270（尝试 1 次）
2026-09-17 17:29:50 [batch_generate] [success] [0271] 2_ 选择性 最快(不允许换乘) → 2_B20260917_172851_0271（尝试 1 次）
2026-09-17 17:29:50 [batch_generate] [success] [0272] 2_ 选择性 最快(不允许换乘) → 2_B20260917_172851_0272（尝试 1 次）
2026-09-17 17:29:50 [batch_generate] [success] [0273] 2_ 选择性 最快(不允许换乘) → 2_B20260917_172851_0273（尝试 1 次）
2026-09-17 17:29:51 [batch_generate] [success] [0274] 2_ 选择性 最快(不允许买短补长与额外购买) → 2_B20260917_172851_0274（尝试 1 次）
2026-09-17 17:29:51 [batch_generate] [success] [0275] 2_ 选择性 最快(不允许买短补长与额外购买) → 2_B20260917_172851_0275（尝试 1 次）
2026-09-17 17:29:51 [batch_generate] [success] [0276] 2_ 选择性 最快(不允许买短补长与额外购买) → 2_B20260917_172851_0276（尝试 1 次）
2026-09-17 17:29:52 [batch_generate] [success] [0277] 2_ 选择性 最快(不允许买短补长与额外购买) → 2_B20260917_172851_0277（尝试 1 次）
2026-09-17 17:29:52 [batch_generate] [success] [0278] 2_ 选择性 最快(不允许买短补长与额外购买) → 2_B20260917_172851_0278（尝试 1 次）
2026-09-17 17:29:52 [batch_generate] [success] [0279] 2_ 选择性 最快(不允许买短补长与额外购买) → 2_B20260917_172851_0279（尝试 1 次）
2026-09-17 17:29:53 [batch_generate] [success] [0280] 2_ 选择性 最快(不允许买短补长与额外购买) → 2_B20260917_172851_0280（尝试 1 次）
2026-09-17 17:29:53 [batch_generate] [success] [0281] 2_ 选择性 最快(不允许买短补长与额外购买) → 2_B20260917_172851_0281（尝试 1 次）
2026-09-17 17:29:53 [batch_generate] [success] [0282] 2_ 选择性 最便宜(随意) → 2_B20260917_172851_0282（尝试 1 次）
2026-09-17 17:29:54 [batch_generate] [success] [0283] 2_ 选择性 最便宜(随意) → 2_B20260917_172851_0283（尝试 1 次）
2026-09-17 17:29:54 [batch_generate] [success] [0284] 2_ 选择性 最便宜(随意) → 2_B20260917_172851_0284（尝试 1 次）
2026-09-17 17:29:54 [batch_generate] [success] [0285] 2_ 选择性 最便宜(随意) → 2_B20260917_172851_0285（尝试 1 次）
2026-09-17 17:29:55 [batch_generate] [success] [0286] 2_ 选择性 最便宜(随意) → 2_B20260917_172851_0286（尝试 1 次）
2026-09-17 17:29:55 [batch_generate] [success] [0287] 2_ 选择性 最便宜(随意) → 2_B20260917_172851_0287（尝试 1 次）
2026-09-17 17:29:55 [batch_generate] [success] [0288] 2_ 选择性 最便宜(随意) → 2_B20260917_172851_0288（尝试 1 次）
2026-09-17 17:29:56 [batch_generate] [success] [0289] 2_ 选择性 最便宜(随意) → 2_B20260917_172851_0289（尝试 1 次）
2026-09-17 17:29:56 [batch_generate] [success] [0290] 2_ 选择性 最便宜(不允许换乘) → 2_B20260917_172851_0290（尝试 1 次）
2026-09-17 17:29:56 [batch_generate] [success] [0291] 2_ 选择性 最便宜(不允许换乘) → 2_B20260917_172851_0291（尝试 1 次）
2026-09-17 17:29:56 [batch_generate] [success] [0292] 2_ 选择性 最便宜(不允许换乘) → 2_B20260917_172851_0292（尝试 1 次）
2026-09-17 17:29:57 [batch_generate] [success] [0293] 2_ 选择性 最便宜(不允许换乘) → 2_B20260917_172851_0293（尝试 1 次）
2026-09-17 17:29:57 [batch_generate] [success] [0295] 2_ 选择性 最便宜(不允许换乘) → 2_B20260917_172851_0295（尝试 2 次）
2026-09-17 17:29:57 [batch_generate] [success] [0296] 2_ 选择性 最便宜(不允许换乘) → 2_B20260917_172851_0296（尝试 1 次）
2026-09-17 17:29:57 [batch_generate] [success] [0297] 2_ 选择性 最便宜(不允许换乘) → 2_B20260917_172851_0297（尝试 1 次）
2026-09-17 17:29:58 [batch_generate] [success] [0300] 2_ 选择性 最便宜(不允许换乘) → 2_B20260917_172851_0300（尝试 3 次）
2026-09-17 17:29:58 [batch_generate] [success] [0301] 2_ 选择性 最便宜(不允许买短补长与额外购买) → 2_B20260917_172851_0301（尝试 1 次）
2026-09-17 17:29:58 [batch_generate] [success] [0302] 2_ 选择性 最便宜(不允许买短补长与额外购买) → 2_B20260917_172851_0302（尝试 1 次）
2026-09-17 17:29:59 [batch_generate] [success] [0303] 2_ 选择性 最便宜(不允许买短补长与额外购买) → 2_B20260917_172851_0303（尝试 1 次）
2026-09-17 17:29:59 [batch_generate] [success] [0304] 2_ 选择性 最便宜(不允许买短补长与额外购买) → 2_B20260917_172851_0304（尝试 1 次）
2026-09-17 17:29:59 [batch_generate] [success] [0305] 2_ 选择性 最便宜(不允许买短补长与额外购买) → 2_B20260917_172851_0305（尝试 1 次）
2026-09-17 17:30:00 [batch_generate] [success] [0306] 2_ 选择性 最便宜(不允许买短补长与额外购买) → 2_B20260917_172851_0306（尝试 1 次）
2026-09-17 17:30:00 [batch_generate] [success] [0307] 2_ 选择性 最便宜(不允许买短补长与额外购买) → 2_B20260917_172851_0307（尝试 1 次）
2026-09-17 17:30:00 [batch_generate] [success] [0308] 2_ 选择性 最便宜(不允许买短补长与额外购买) → 2_B20260917_172851_0308（尝试 1 次）
2026-09-17 17:30:00 [batch_generate] [success] [0309] 2_ 选择性 出发最晚(随意) → 2_B20260917_172851_0309（尝试 1 次）
2026-09-17 17:30:01 [batch_generate] [success] [0310] 2_ 选择性 出发最晚(随意) → 2_B20260917_172851_0310（尝试 1 次）
2026-09-17 17:30:01 [batch_generate] [success] [0311] 2_ 选择性 出发最晚(随意) → 2_B20260917_172851_0311（尝试 1 次）
2026-09-17 17:30:01 [batch_generate] [success] [0312] 2_ 选择性 出发最晚(随意) → 2_B20260917_172851_0312（尝试 1 次）
2026-09-17 17:30:02 [batch_generate] [success] [0313] 2_ 选择性 出发最晚(随意) → 2_B20260917_172851_0313（尝试 1 次）
2026-09-17 17:30:02 [batch_generate] [success] [0314] 2_ 选择性 出发最晚(随意) → 2_B20260917_172851_0314（尝试 1 次）
2026-09-17 17:30:02 [batch_generate] [success] [0315] 2_ 选择性 出发最晚(随意) → 2_B20260917_172851_0315（尝试 1 次）
2026-09-17 17:30:03 [batch_generate] [success] [0316] 2_ 选择性 出发最晚(随意) → 2_B20260917_172851_0316（尝试 1 次）
2026-09-17 17:30:03 [batch_generate] [success] [0318] 2_ 选择性 出发最晚(不允许换乘) → 2_B20260917_172851_0318（尝试 2 次）
2026-09-17 17:30:03 [batch_generate] [success] [0320] 2_ 选择性 出发最晚(不允许换乘) → 2_B20260917_172851_0320（尝试 2 次）
2026-09-17 17:30:04 [batch_generate] [success] [0321] 2_ 选择性 出发最晚(不允许换乘) → 2_B20260917_172851_0321（尝试 1 次）
2026-09-17 17:30:04 [batch_generate] [success] [0322] 2_ 选择性 出发最晚(不允许换乘) → 2_B20260917_172851_0322（尝试 1 次）
2026-09-17 17:30:04 [batch_generate] [success] [0323] 2_ 选择性 出发最晚(不允许换乘) → 2_B20260917_172851_0323（尝试 1 次）
2026-09-17 17:30:04 [batch_generate] [success] [0324] 2_ 选择性 出发最晚(不允许换乘) → 2_B20260917_172851_0324（尝试 1 次）
2026-09-17 17:30:05 [batch_generate] [success] [0325] 2_ 选择性 出发最晚(不允许换乘) → 2_B20260917_172851_0325（尝试 1 次）
2026-09-17 17:30:05 [batch_generate] [success] [0327] 2_ 选择性 出发最晚(不允许换乘) → 2_B20260917_172851_0327（尝试 2 次）
2026-09-17 17:30:05 [batch_generate] [success] [0328] 2_ 选择性 出发最晚(不允许买短补长与额外购买) → 2_B20260917_172851_0328（尝试 1 次）
2026-09-17 17:30:05 [batch_generate] [success] [0329] 2_ 选择性 出发最晚(不允许买短补长与额外购买) → 2_B20260917_172851_0329（尝试 1 次）
2026-09-17 17:30:05 [batch_generate] [success] [0330] 2_ 选择性 出发最晚(不允许买短补长与额外购买) → 2_B20260917_172851_0330（尝试 1 次）
2026-09-17 17:30:06 [batch_generate] [success] [0331] 2_ 选择性 出发最晚(不允许买短补长与额外购买) → 2_B20260917_172851_0331（尝试 1 次）
2026-09-17 17:30:06 [batch_generate] [success] [0332] 2_ 选择性 出发最晚(不允许买短补长与额外购买) → 2_B20260917_172851_0332（尝试 1 次）
2026-09-17 17:30:06 [batch_generate] [success] [0333] 2_ 选择性 出发最晚(不允许买短补长与额外购买) → 2_B20260917_172851_0333（尝试 1 次）
2026-09-17 17:30:07 [batch_generate] [success] [0334] 2_ 选择性 出发最晚(不允许买短补长与额外购买) → 2_B20260917_172851_0334（尝试 1 次）
2026-09-17 17:30:07 [batch_generate] [success] [0335] 2_ 选择性 出发最晚(不允许买短补长与额外购买) → 2_B20260917_172851_0335（尝试 1 次）
2026-09-17 17:30:07 [batch_generate] [success] [0336] 2_ 选择性 最早到达(随意) → 2_B20260917_172851_0336（尝试 1 次）
2026-09-17 17:30:07 [batch_generate] [success] [0337] 2_ 选择性 最早到达(随意) → 2_B20260917_172851_0337（尝试 1 次）
2026-09-17 17:30:08 [batch_generate] [success] [0338] 2_ 选择性 最早到达(随意) → 2_B20260917_172851_0338（尝试 1 次）
2026-09-17 17:30:08 [batch_generate] [success] [0339] 2_ 选择性 最早到达(随意) → 2_B20260917_172851_0339（尝试 1 次）
2026-09-17 17:30:08 [batch_generate] [success] [0340] 2_ 选择性 最早到达(随意) → 2_B20260917_172851_0340（尝试 1 次）
2026-09-17 17:30:09 [batch_generate] [success] [0341] 2_ 选择性 最早到达(随意) → 2_B20260917_172851_0341（尝试 1 次）
2026-09-17 17:30:09 [batch_generate] [success] [0342] 2_ 选择性 最早到达(随意) → 2_B20260917_172851_0342（尝试 1 次）
2026-09-17 17:30:09 [batch_generate] [success] [0343] 2_ 选择性 最早到达(随意) → 2_B20260917_172851_0343（尝试 1 次）
2026-09-17 17:30:10 [batch_generate] [success] [0344] 2_ 选择性 最早到达(不允许换乘) → 2_B20260917_172851_0344（尝试 1 次）
2026-09-17 17:30:10 [batch_generate] [success] [0345] 2_ 选择性 最早到达(不允许换乘) → 2_B20260917_172851_0345（尝试 1 次）
2026-09-17 17:30:10 [batch_generate] [success] [0346] 2_ 选择性 最早到达(不允许换乘) → 2_B20260917_172851_0346（尝试 1 次）
2026-09-17 17:30:10 [batch_generate] [success] [0347] 2_ 选择性 最早到达(不允许换乘) → 2_B20260917_172851_0347（尝试 1 次）
2026-09-17 17:30:11 [batch_generate] [success] [0350] 2_ 选择性 最早到达(不允许换乘) → 2_B20260917_172851_0350（尝试 3 次）
2026-09-17 17:30:11 [batch_generate] [success] [0351] 2_ 选择性 最早到达(不允许换乘) → 2_B20260917_172851_0351（尝试 1 次）
2026-09-17 17:30:11 [batch_generate] [success] [0352] 2_ 选择性 最早到达(不允许换乘) → 2_B20260917_172851_0352（尝试 1 次）
2026-09-17 17:30:12 [batch_generate] [success] [0353] 2_ 选择性 最早到达(不允许换乘) → 2_B20260917_172851_0353（尝试 1 次）
2026-09-17 17:30:12 [batch_generate] [success] [0354] 2_ 选择性 最早到达(不允许买短补长与额外购买) → 2_B20260917_172851_0354（尝试 1 次）
2026-09-17 17:30:12 [batch_generate] [success] [0355] 2_ 选择性 最早到达(不允许买短补长与额外购买) → 2_B20260917_172851_0355（尝试 1 次）
2026-09-17 17:30:12 [batch_generate] [success] [0356] 2_ 选择性 最早到达(不允许买短补长与额外购买) → 2_B20260917_172851_0356（尝试 1 次）
2026-09-17 17:30:13 [batch_generate] [success] [0357] 2_ 选择性 最早到达(不允许买短补长与额外购买) → 2_B20260917_172851_0357（尝试 1 次）
2026-09-17 17:30:13 [batch_generate] [success] [0358] 2_ 选择性 最早到达(不允许买短补长与额外购买) → 2_B20260917_172851_0358（尝试 1 次）
2026-09-17 17:30:13 [batch_generate] [success] [0359] 2_ 选择性 最早到达(不允许买短补长与额外购买) → 2_B20260917_172851_0359（尝试 1 次）
2026-09-17 17:30:14 [batch_generate] [success] [0360] 2_ 选择性 最早到达(不允许买短补长与额外购买) → 2_B20260917_172851_0360（尝试 1 次）
2026-09-17 17:30:14 [batch_generate] [success] [0361] 2_ 选择性 最早到达(不允许买短补长与额外购买) → 2_B20260917_172851_0361（尝试 1 次）
2026-09-17 17:30:14 [batch_generate] [success] 出题完成：成功 328 / 失败 0（共 328 题）
2026-09-17 17:31:28 [batch_generate] [info] 收到批量出题请求，任务已启动
2026-09-17 17:31:28 [batch_generate] [info] 批量出题开始：共 328 题（存在性 208 + 选择性 120），每题重试上限 40，干扰密度 2.0%，随机票密度 2.0%
2026-09-17 17:31:28 [batch_generate] [success] [0001] 1_ 存在性（干扰）单策略/换乘 → 1_B20260917_173128_0001（尝试 1 次）
2026-09-17 17:31:29 [batch_generate] [success] [0002] 1_ 存在性（干扰）单策略/换乘 → 1_B20260917_173128_0002（尝试 1 次）
2026-09-17 17:31:30 [batch_generate] [success] [0004] 1_ 存在性（干扰）单策略/换乘 → 1_B20260917_173128_0004（尝试 2 次）
2026-09-17 17:31:30 [batch_generate] [success] [0005] 1_ 存在性（干扰）单策略/换乘 → 1_B20260917_173128_0005（尝试 1 次）
2026-09-17 17:31:31 [batch_generate] [success] [0006] 1_ 存在性（干扰）单策略/换乘 → 1_B20260917_173128_0006（尝试 1 次）
2026-09-17 17:31:31 [batch_generate] [success] [0007] 1_ 存在性（干扰）单策略/换乘 → 1_B20260917_173128_0007（尝试 1 次）
2026-09-17 17:31:32 [batch_generate] [success] [0008] 1_ 存在性（干扰）单策略/换乘 → 1_B20260917_173128_0008（尝试 1 次）
2026-09-17 17:31:32 [batch_generate] [success] [0009] 1_ 存在性（干扰）单策略/换乘 → 1_B20260917_173128_0009（尝试 1 次）
2026-09-17 17:31:32 [batch_generate] [success] [0010] 0_ 存在性（无干扰）单策略/换乘 → 0_B20260917_173128_0010（尝试 1 次）
2026-09-17 17:31:32 [batch_generate] [success] [0011] 0_ 存在性（无干扰）单策略/换乘 → 0_B20260917_173128_0011（尝试 1 次）
2026-09-17 17:31:32 [batch_generate] [success] [0012] 0_ 存在性（无干扰）单策略/换乘 → 0_B20260917_173128_0012（尝试 1 次）
2026-09-17 17:31:32 [batch_generate] [success] [0013] 0_ 存在性（无干扰）单策略/换乘 → 0_B20260917_173128_0013（尝试 1 次）
2026-09-17 17:31:33 [batch_generate] [success] [0014] 0_ 存在性（无干扰）单策略/换乘 → 0_B20260917_173128_0014（尝试 1 次）
2026-09-17 17:31:33 [batch_generate] [success] [0015] 0_ 存在性（无干扰）单策略/换乘 → 0_B20260917_173128_0015（尝试 1 次）
2026-09-17 17:31:33 [batch_generate] [success] [0016] 0_ 存在性（无干扰）单策略/换乘 → 0_B20260917_173128_0016（尝试 1 次）
2026-09-17 17:31:33 [batch_generate] [success] [0017] 0_ 存在性（无干扰）单策略/换乘 → 0_B20260917_173128_0017（尝试 1 次）
2026-09-17 17:31:33 [batch_generate] [success] [0018] 1_ 存在性（干扰）单策略/买短补长 → 1_B20260917_173128_0018（尝试 1 次）
2026-09-17 17:31:33 [batch_generate] [success] [0019] 1_ 存在性（干扰）单策略/买短补长 → 1_B20260917_173128_0019（尝试 1 次）
2026-09-17 17:31:34 [batch_generate] [success] [0022] 1_ 存在性（干扰）单策略/买短补长 → 1_B20260917_173128_0022（尝试 3 次）
2026-09-17 17:31:34 [batch_generate] [success] [0031] 1_ 存在性（干扰）单策略/买短补长 → 1_B20260917_173128_0031（尝试 9 次）
2026-09-17 17:31:34 [batch_generate] [success] [0033] 1_ 存在性（干扰）单策略/买短补长 → 1_B20260917_173128_0033（尝试 2 次）
2026-09-17 17:31:34 [batch_generate] [success] [0035] 1_ 存在性（干扰）单策略/买短补长 → 1_B20260917_173128_0035（尝试 2 次）
2026-09-17 17:31:35 [batch_generate] [success] [0036] 1_ 存在性（干扰）单策略/买短补长 → 1_B20260917_173128_0036（尝试 1 次）
2026-09-17 17:31:35 [batch_generate] [success] [0040] 1_ 存在性（干扰）单策略/买短补长 → 1_B20260917_173128_0040（尝试 4 次）
2026-09-17 17:31:35 [batch_generate] [success] [0041] 0_ 存在性（无干扰）单策略/买短补长 → 0_B20260917_173128_0041（尝试 1 次）
2026-09-17 17:31:35 [batch_generate] [success] [0043] 0_ 存在性（无干扰）单策略/买短补长 → 0_B20260917_173128_0043（尝试 2 次）
2026-09-17 17:31:35 [batch_generate] [success] [0048] 0_ 存在性（无干扰）单策略/买短补长 → 0_B20260917_173128_0048（尝试 5 次）
2026-09-17 17:31:35 [batch_generate] [success] [0057] 0_ 存在性（无干扰）单策略/买短补长 → 0_B20260917_173128_0057（尝试 9 次）
2026-09-17 17:31:35 [batch_generate] [success] [0059] 0_ 存在性（无干扰）单策略/买短补长 → 0_B20260917_173128_0059（尝试 2 次）
2026-09-17 17:31:35 [batch_generate] [success] [0076] 0_ 存在性（无干扰）单策略/买短补长 → 0_B20260917_173128_0076（尝试 17 次）
2026-09-17 17:31:35 [batch_generate] [success] [0077] 0_ 存在性（无干扰）单策略/买短补长 → 0_B20260917_173128_0077（尝试 1 次）
2026-09-17 17:31:35 [batch_generate] [success] [0083] 0_ 存在性（无干扰）单策略/买短补长 → 0_B20260917_173128_0083（尝试 6 次）
2026-09-17 17:31:36 [batch_generate] [success] [0085] 1_ 存在性（干扰）单策略/额外购买（前） → 1_B20260917_173128_0085（尝试 2 次）
2026-09-17 17:31:36 [batch_generate] [success] [0094] 1_ 存在性（干扰）单策略/额外购买（前） → 1_B20260917_173128_0094（尝试 9 次）
2026-09-17 17:31:36 [batch_generate] [success] [0096] 1_ 存在性（干扰）单策略/额外购买（前） → 1_B20260917_173128_0096（尝试 2 次）
2026-09-17 17:31:36 [batch_generate] [success] [0098] 1_ 存在性（干扰）单策略/额外购买（前） → 1_B20260917_173128_0098（尝试 2 次）
2026-09-17 17:31:36 [batch_generate] [success] [0099] 1_ 存在性（干扰）单策略/额外购买（前） → 1_B20260917_173128_0099（尝试 1 次）
2026-09-17 17:31:37 [batch_generate] [success] [0106] 1_ 存在性（干扰）单策略/额外购买（前） → 1_B20260917_173128_0106（尝试 7 次）
2026-09-17 17:31:37 [batch_generate] [success] [0114] 1_ 存在性（干扰）单策略/额外购买（前） → 1_B20260917_173128_0114（尝试 8 次）
2026-09-17 17:31:37 [batch_generate] [success] [0123] 1_ 存在性（干扰）单策略/额外购买（前） → 1_B20260917_173128_0123（尝试 9 次）
2026-09-17 17:31:37 [batch_generate] [success] [0129] 0_ 存在性（无干扰）单策略/额外购买（前） → 0_B20260917_173128_0129（尝试 6 次）
2026-09-17 17:31:37 [batch_generate] [success] [0134] 0_ 存在性（无干扰）单策略/额外购买（前） → 0_B20260917_173128_0134（尝试 5 次）
2026-09-17 17:31:37 [batch_generate] [success] [0156] 0_ 存在性（无干扰）单策略/额外购买（前） → 0_B20260917_173128_0156（尝试 22 次）
2026-09-17 17:31:37 [batch_generate] [success] [0157] 0_ 存在性（无干扰）单策略/额外购买（前） → 0_B20260917_173128_0157（尝试 1 次）
2026-09-17 17:31:38 [batch_generate] [success] [0159] 0_ 存在性（无干扰）单策略/额外购买（前） → 0_B20260917_173128_0159（尝试 2 次）
2026-09-17 17:31:38 [batch_generate] [success] [0162] 0_ 存在性（无干扰）单策略/额外购买（前） → 0_B20260917_173128_0162（尝试 3 次）
2026-09-17 17:31:38 [batch_generate] [success] [0164] 0_ 存在性（无干扰）单策略/额外购买（前） → 0_B20260917_173128_0164（尝试 2 次）
2026-09-17 17:31:38 [batch_generate] [success] [0167] 0_ 存在性（无干扰）单策略/额外购买（前） → 0_B20260917_173128_0167（尝试 3 次）
2026-09-17 17:31:38 [batch_generate] [success] [0169] 1_ 存在性（干扰）单策略/额外购买（后） → 1_B20260917_173128_0169（尝试 2 次）
2026-09-17 17:31:38 [batch_generate] [success] [0171] 1_ 存在性（干扰）单策略/额外购买（后） → 1_B20260917_173128_0171（尝试 2 次）
2026-09-17 17:31:38 [batch_generate] [success] [0175] 1_ 存在性（干扰）单策略/额外购买（后） → 1_B20260917_173128_0175（尝试 4 次）
2026-09-17 17:31:39 [batch_generate] [success] [0177] 1_ 存在性（干扰）单策略/额外购买（后） → 1_B20260917_173128_0177（尝试 2 次）
2026-09-17 17:31:39 [batch_generate] [success] [0179] 1_ 存在性（干扰）单策略/额外购买（后） → 1_B20260917_173128_0179（尝试 2 次）
2026-09-17 17:31:39 [batch_generate] [success] [0182] 1_ 存在性（干扰）单策略/额外购买（后） → 1_B20260917_173128_0182（尝试 3 次）
2026-09-17 17:31:39 [batch_generate] [success] [0186] 1_ 存在性（干扰）单策略/额外购买（后） → 1_B20260917_173128_0186（尝试 4 次）
2026-09-17 17:31:40 [batch_generate] [success] [0192] 1_ 存在性（干扰）单策略/额外购买（后） → 1_B20260917_173128_0192（尝试 6 次）
2026-09-17 17:31:40 [batch_generate] [success] [0195] 0_ 存在性（无干扰）单策略/额外购买（后） → 0_B20260917_173128_0195（尝试 3 次）
2026-09-17 17:31:40 [batch_generate] [success] [0197] 0_ 存在性（无干扰）单策略/额外购买（后） → 0_B20260917_173128_0197（尝试 2 次）
2026-09-17 17:31:40 [batch_generate] [success] [0200] 0_ 存在性（无干扰）单策略/额外购买（后） → 0_B20260917_173128_0200（尝试 3 次）
2026-09-17 17:31:40 [batch_generate] [success] [0201] 0_ 存在性（无干扰）单策略/额外购买（后） → 0_B20260917_173128_0201（尝试 1 次）
2026-09-17 17:31:40 [batch_generate] [success] [0208] 0_ 存在性（无干扰）单策略/额外购买（后） → 0_B20260917_173128_0208（尝试 7 次）
2026-09-17 17:31:40 [batch_generate] [success] [0211] 0_ 存在性（无干扰）单策略/额外购买（后） → 0_B20260917_173128_0211（尝试 3 次）
2026-09-17 17:31:40 [batch_generate] [success] [0216] 0_ 存在性（无干扰）单策略/额外购买（后） → 0_B20260917_173128_0216（尝试 5 次）
2026-09-17 17:31:40 [batch_generate] [success] [0217] 0_ 存在性（无干扰）单策略/额外购买（后） → 0_B20260917_173128_0217（尝试 1 次）
2026-09-17 17:31:41 [batch_generate] [success] [0219] 1_ 存在性（干扰）双策略/买短补长+换乘 → 1_B20260917_173128_0219（尝试 2 次）
2026-09-17 17:31:41 [batch_generate] [success] [0221] 1_ 存在性（干扰）双策略/买短补长+换乘 → 1_B20260917_173128_0221（尝试 2 次）
2026-09-17 17:31:42 [batch_generate] [success] [0222] 1_ 存在性（干扰）双策略/买短补长+换乘 → 1_B20260917_173128_0222（尝试 1 次）
2026-09-17 17:31:43 [batch_generate] [success] [0228] 1_ 存在性（干扰）双策略/买短补长+换乘 → 1_B20260917_173128_0228（尝试 6 次）
2026-09-17 17:31:44 [batch_generate] [success] [0230] 1_ 存在性（干扰）双策略/买短补长+换乘 → 1_B20260917_173128_0230（尝试 2 次）
2026-09-17 17:31:44 [batch_generate] [success] [0231] 1_ 存在性（干扰）双策略/买短补长+换乘 → 1_B20260917_173128_0231（尝试 1 次）
2026-09-17 17:31:45 [batch_generate] [success] [0233] 1_ 存在性（干扰）双策略/买短补长+换乘 → 1_B20260917_173128_0233（尝试 2 次）
2026-09-17 17:31:46 [batch_generate] [success] [0237] 1_ 存在性（干扰）双策略/买短补长+换乘 → 1_B20260917_173128_0237（尝试 4 次）
2026-09-17 17:31:47 [batch_generate] [success] [0239] 0_ 存在性（无干扰）双策略/买短补长+换乘 → 0_B20260917_173128_0239（尝试 2 次）
2026-09-17 17:31:47 [batch_generate] [success] [0241] 0_ 存在性（无干扰）双策略/买短补长+换乘 → 0_B20260917_173128_0241（尝试 2 次）
2026-09-17 17:31:47 [batch_generate] [success] [0242] 0_ 存在性（无干扰）双策略/买短补长+换乘 → 0_B20260917_173128_0242（尝试 1 次）
2026-09-17 17:31:48 [batch_generate] [success] [0244] 0_ 存在性（无干扰）双策略/买短补长+换乘 → 0_B20260917_173128_0244（尝试 2 次）
2026-09-17 17:31:48 [batch_generate] [success] [0245] 0_ 存在性（无干扰）双策略/买短补长+换乘 → 0_B20260917_173128_0245（尝试 1 次）
2026-09-17 17:31:49 [batch_generate] [success] [0250] 0_ 存在性（无干扰）双策略/买短补长+换乘 → 0_B20260917_173128_0250（尝试 5 次）
2026-09-17 17:31:49 [batch_generate] [success] [0253] 0_ 存在性（无干扰）双策略/买短补长+换乘 → 0_B20260917_173128_0253（尝试 3 次）
2026-09-17 17:31:49 [batch_generate] [success] [0254] 0_ 存在性（无干扰）双策略/买短补长+换乘 → 0_B20260917_173128_0254（尝试 1 次）
2026-09-17 17:31:50 [batch_generate] [success] [0255] 1_ 存在性（干扰）双策略/额外购买（前）+换乘 → 1_B20260917_173128_0255（尝试 1 次）
2026-09-17 17:31:50 [batch_generate] [success] [0256] 1_ 存在性（干扰）双策略/额外购买（前）+换乘 → 1_B20260917_173128_0256（尝试 1 次）
2026-09-17 17:31:51 [batch_generate] [success] [0259] 1_ 存在性（干扰）双策略/额外购买（前）+换乘 → 1_B20260917_173128_0259（尝试 3 次）
2026-09-17 17:31:52 [batch_generate] [success] [0263] 1_ 存在性（干扰）双策略/额外购买（前）+换乘 → 1_B20260917_173128_0263（尝试 4 次）
2026-09-17 17:31:53 [batch_generate] [success] [0265] 1_ 存在性（干扰）双策略/额外购买（前）+换乘 → 1_B20260917_173128_0265（尝试 2 次）
2026-09-17 17:31:54 [batch_generate] [success] [0269] 1_ 存在性（干扰）双策略/额外购买（前）+换乘 → 1_B20260917_173128_0269（尝试 4 次）
2026-09-17 17:31:54 [batch_generate] [success] [0270] 1_ 存在性（干扰）双策略/额外购买（前）+换乘 → 1_B20260917_173128_0270（尝试 1 次）
2026-09-17 17:31:55 [batch_generate] [success] [0272] 1_ 存在性（干扰）双策略/额外购买（前）+换乘 → 1_B20260917_173128_0272（尝试 2 次）
2026-09-17 17:31:55 [batch_generate] [success] [0274] 0_ 存在性（无干扰）双策略/额外购买（前）+换乘 → 0_B20260917_173128_0274（尝试 2 次）
2026-09-17 17:31:56 [batch_generate] [success] [0277] 0_ 存在性（无干扰）双策略/额外购买（前）+换乘 → 0_B20260917_173128_0277（尝试 3 次）
2026-09-17 17:31:56 [batch_generate] [success] [0279] 0_ 存在性（无干扰）双策略/额外购买（前）+换乘 → 0_B20260917_173128_0279（尝试 2 次）
2026-09-17 17:31:56 [batch_generate] [success] [0280] 0_ 存在性（无干扰）双策略/额外购买（前）+换乘 → 0_B20260917_173128_0280（尝试 1 次）
2026-09-17 17:31:57 [batch_generate] [success] [0282] 0_ 存在性（无干扰）双策略/额外购买（前）+换乘 → 0_B20260917_173128_0282（尝试 2 次）
2026-09-17 17:31:58 [batch_generate] [success] [0287] 0_ 存在性（无干扰）双策略/额外购买（前）+换乘 → 0_B20260917_173128_0287（尝试 5 次）
2026-09-17 17:31:58 [batch_generate] [success] [0289] 0_ 存在性（无干扰）双策略/额外购买（前）+换乘 → 0_B20260917_173128_0289（尝试 2 次）
2026-09-17 17:31:59 [batch_generate] [success] [0290] 0_ 存在性（无干扰）双策略/额外购买（前）+换乘 → 0_B20260917_173128_0290（尝试 1 次）
2026-09-17 17:31:59 [batch_generate] [success] [0291] 1_ 存在性（干扰）双策略/额外购买（后）+换乘 → 1_B20260917_173128_0291（尝试 1 次）
2026-09-17 17:32:00 [batch_generate] [success] [0294] 1_ 存在性（干扰）双策略/额外购买（后）+换乘 → 1_B20260917_173128_0294（尝试 3 次）
2026-09-17 17:32:00 [batch_generate] [success] [0295] 1_ 存在性（干扰）双策略/额外购买（后）+换乘 → 1_B20260917_173128_0295（尝试 1 次）
2026-09-17 17:32:01 [batch_generate] [success] [0296] 1_ 存在性（干扰）双策略/额外购买（后）+换乘 → 1_B20260917_173128_0296（尝试 1 次）
2026-09-17 17:32:01 [batch_generate] [success] [0297] 1_ 存在性（干扰）双策略/额外购买（后）+换乘 → 1_B20260917_173128_0297（尝试 1 次）
2026-09-17 17:32:01 [batch_generate] [success] [0298] 1_ 存在性（干扰）双策略/额外购买（后）+换乘 → 1_B20260917_173128_0298（尝试 1 次）
2026-09-17 17:32:02 [batch_generate] [success] [0300] 1_ 存在性（干扰）双策略/额外购买（后）+换乘 → 1_B20260917_173128_0300（尝试 2 次）
2026-09-17 17:32:02 [batch_generate] [success] [0301] 1_ 存在性（干扰）双策略/额外购买（后）+换乘 → 1_B20260917_173128_0301（尝试 1 次）
2026-09-17 17:32:02 [batch_generate] [success] [0303] 0_ 存在性（无干扰）双策略/额外购买（后）+换乘 → 0_B20260917_173128_0303（尝试 2 次）
2026-09-17 17:32:03 [batch_generate] [success] [0304] 0_ 存在性（无干扰）双策略/额外购买（后）+换乘 → 0_B20260917_173128_0304（尝试 1 次）
2026-09-17 17:32:03 [batch_generate] [success] [0305] 0_ 存在性（无干扰）双策略/额外购买（后）+换乘 → 0_B20260917_173128_0305（尝试 1 次）
2026-09-17 17:32:03 [batch_generate] [success] [0308] 0_ 存在性（无干扰）双策略/额外购买（后）+换乘 → 0_B20260917_173128_0308（尝试 3 次）
2026-09-17 17:32:03 [batch_generate] [success] [0310] 0_ 存在性（无干扰）双策略/额外购买（后）+换乘 → 0_B20260917_173128_0310（尝试 2 次）
2026-09-17 17:32:04 [batch_generate] [success] [0311] 0_ 存在性（无干扰）双策略/额外购买（后）+换乘 → 0_B20260917_173128_0311（尝试 1 次）
2026-09-17 17:32:04 [batch_generate] [success] [0312] 0_ 存在性（无干扰）双策略/额外购买（后）+换乘 → 0_B20260917_173128_0312（尝试 1 次）
2026-09-17 17:32:04 [batch_generate] [success] [0313] 0_ 存在性（无干扰）双策略/额外购买（后）+换乘 → 0_B20260917_173128_0313（尝试 1 次）
2026-09-17 17:32:04 [batch_generate] [success] [0315] 1_ 存在性（干扰）三策略/买短补长+买短补长 → 1_B20260917_173128_0315（尝试 2 次）
2026-09-17 17:32:05 [batch_generate] [success] [0316] 1_ 存在性（干扰）三策略/买短补长+买短补长 → 1_B20260917_173128_0316（尝试 1 次）
2026-09-17 17:32:05 [batch_generate] [success] [0318] 1_ 存在性（干扰）三策略/买短补长+买短补长 → 1_B20260917_173128_0318（尝试 2 次）
2026-09-17 17:32:06 [batch_generate] [success] [0320] 1_ 存在性（干扰）三策略/买短补长+买短补长 → 1_B20260917_173128_0320（尝试 2 次）
2026-09-17 17:32:06 [batch_generate] [success] [0321] 1_ 存在性（干扰）三策略/买短补长+买短补长 → 1_B20260917_173128_0321（尝试 1 次）
2026-09-17 17:32:09 [batch_generate] [success] [0330] 1_ 存在性（干扰）三策略/买短补长+买短补长 → 1_B20260917_173128_0330（尝试 9 次）
2026-09-17 17:32:10 [batch_generate] [success] [0332] 1_ 存在性（干扰）三策略/买短补长+买短补长 → 1_B20260917_173128_0332（尝试 2 次）
2026-09-17 17:32:10 [batch_generate] [success] [0333] 1_ 存在性（干扰）三策略/买短补长+买短补长 → 1_B20260917_173128_0333（尝试 1 次）
2026-09-17 17:32:11 [batch_generate] [success] [0335] 0_ 存在性（无干扰）三策略/买短补长+买短补长 → 0_B20260917_173128_0335（尝试 2 次）
2026-09-17 17:32:12 [batch_generate] [success] [0337] 0_ 存在性（无干扰）三策略/买短补长+买短补长 → 0_B20260917_173128_0337（尝试 2 次）
2026-09-17 17:32:12 [batch_generate] [success] [0339] 0_ 存在性（无干扰）三策略/买短补长+买短补长 → 0_B20260917_173128_0339（尝试 2 次）
2026-09-17 17:32:13 [batch_generate] [success] [0340] 0_ 存在性（无干扰）三策略/买短补长+买短补长 → 0_B20260917_173128_0340（尝试 1 次）
2026-09-17 17:32:13 [batch_generate] [success] [0341] 0_ 存在性（无干扰）三策略/买短补长+买短补长 → 0_B20260917_173128_0341（尝试 1 次）
2026-09-17 17:32:13 [batch_generate] [success] [0342] 0_ 存在性（无干扰）三策略/买短补长+买短补长 → 0_B20260917_173128_0342（尝试 1 次）
2026-09-17 17:32:13 [batch_generate] [success] [0343] 0_ 存在性（无干扰）三策略/买短补长+买短补长 → 0_B20260917_173128_0343（尝试 1 次）
2026-09-17 17:32:14 [batch_generate] [success] [0346] 0_ 存在性（无干扰）三策略/买短补长+买短补长 → 0_B20260917_173128_0346（尝试 3 次）
2026-09-17 17:32:14 [batch_generate] [success] [0347] 1_ 存在性（干扰）三策略/买短补长+额外购买（前） → 1_B20260917_173128_0347（尝试 1 次）
2026-09-17 17:32:15 [batch_generate] [success] [0348] 1_ 存在性（干扰）三策略/买短补长+额外购买（前） → 1_B20260917_173128_0348（尝试 1 次）
2026-09-17 17:32:15 [batch_generate] [success] [0349] 1_ 存在性（干扰）三策略/买短补长+额外购买（前） → 1_B20260917_173128_0349（尝试 1 次）
2026-09-17 17:32:16 [batch_generate] [success] [0351] 1_ 存在性（干扰）三策略/买短补长+额外购买（前） → 1_B20260917_173128_0351（尝试 2 次）
2026-09-17 17:32:16 [batch_generate] [success] [0353] 1_ 存在性（干扰）三策略/买短补长+额外购买（前） → 1_B20260917_173128_0353（尝试 2 次）
2026-09-17 17:32:17 [batch_generate] [success] [0354] 1_ 存在性（干扰）三策略/买短补长+额外购买（前） → 1_B20260917_173128_0354（尝试 1 次）
2026-09-17 17:32:19 [batch_generate] [success] [0359] 1_ 存在性（干扰）三策略/买短补长+额外购买（前） → 1_B20260917_173128_0359（尝试 5 次）
2026-09-17 17:32:20 [batch_generate] [success] [0362] 1_ 存在性（干扰）三策略/买短补长+额外购买（前） → 1_B20260917_173128_0362（尝试 3 次）
2026-09-17 17:32:21 [batch_generate] [success] [0368] 0_ 存在性（无干扰）三策略/买短补长+额外购买（前） → 0_B20260917_173128_0368（尝试 6 次）
2026-09-17 17:32:21 [batch_generate] [success] [0369] 0_ 存在性（无干扰）三策略/买短补长+额外购买（前） → 0_B20260917_173128_0369（尝试 1 次）
2026-09-17 17:32:22 [batch_generate] [success] [0371] 0_ 存在性（无干扰）三策略/买短补长+额外购买（前） → 0_B20260917_173128_0371（尝试 2 次）
2026-09-17 17:32:22 [batch_generate] [success] [0372] 0_ 存在性（无干扰）三策略/买短补长+额外购买（前） → 0_B20260917_173128_0372（尝试 1 次）
2026-09-17 17:32:23 [batch_generate] [success] [0376] 0_ 存在性（无干扰）三策略/买短补长+额外购买（前） → 0_B20260917_173128_0376（尝试 4 次）
2026-09-17 17:32:24 [batch_generate] [success] [0377] 0_ 存在性（无干扰）三策略/买短补长+额外购买（前） → 0_B20260917_173128_0377（尝试 1 次）
2026-09-17 17:32:25 [batch_generate] [success] [0380] 0_ 存在性（无干扰）三策略/买短补长+额外购买（前） → 0_B20260917_173128_0380（尝试 3 次）
2026-09-17 17:32:25 [batch_generate] [success] [0382] 0_ 存在性（无干扰）三策略/买短补长+额外购买（前） → 0_B20260917_173128_0382（尝试 2 次）
2026-09-17 17:32:26 [batch_generate] [success] [0386] 1_ 存在性（干扰）三策略/买短补长+额外购买（后） → 1_B20260917_173128_0386（尝试 4 次）
2026-09-17 17:32:27 [batch_generate] [success] [0387] 1_ 存在性（干扰）三策略/买短补长+额外购买（后） → 1_B20260917_173128_0387（尝试 1 次）
2026-09-17 17:32:28 [batch_generate] [success] [0390] 1_ 存在性（干扰）三策略/买短补长+额外购买（后） → 1_B20260917_173128_0390（尝试 3 次）
2026-09-17 17:32:28 [batch_generate] [success] [0393] 1_ 存在性（干扰）三策略/买短补长+额外购买（后） → 1_B20260917_173128_0393（尝试 3 次）
2026-09-17 17:32:28 [batch_generate] [success] [0394] 1_ 存在性（干扰）三策略/买短补长+额外购买（后） → 1_B20260917_173128_0394（尝试 1 次）
2026-09-17 17:32:30 [batch_generate] [success] [0398] 1_ 存在性（干扰）三策略/买短补长+额外购买（后） → 1_B20260917_173128_0398（尝试 4 次）
2026-09-17 17:32:30 [batch_generate] [success] [0399] 1_ 存在性（干扰）三策略/买短补长+额外购买（后） → 1_B20260917_173128_0399（尝试 1 次）
2026-09-17 17:32:31 [batch_generate] [success] [0401] 1_ 存在性（干扰）三策略/买短补长+额外购买（后） → 1_B20260917_173128_0401（尝试 2 次）
2026-09-17 17:32:31 [batch_generate] [success] [0403] 0_ 存在性（无干扰）三策略/买短补长+额外购买（后） → 0_B20260917_173128_0403（尝试 2 次）
2026-09-17 17:32:31 [batch_generate] [success] [0404] 0_ 存在性（无干扰）三策略/买短补长+额外购买（后） → 0_B20260917_173128_0404（尝试 1 次）
2026-09-17 17:32:32 [batch_generate] [success] [0408] 0_ 存在性（无干扰）三策略/买短补长+额外购买（后） → 0_B20260917_173128_0408（尝试 4 次）
2026-09-17 17:32:32 [batch_generate] [success] [0411] 0_ 存在性（无干扰）三策略/买短补长+额外购买（后） → 0_B20260917_173128_0411（尝试 3 次）
2026-09-17 17:32:33 [batch_generate] [success] [0416] 0_ 存在性（无干扰）三策略/买短补长+额外购买（后） → 0_B20260917_173128_0416（尝试 5 次）
2026-09-17 17:32:33 [batch_generate] [success] [0417] 0_ 存在性（无干扰）三策略/买短补长+额外购买（后） → 0_B20260917_173128_0417（尝试 1 次）
2026-09-17 17:32:34 [batch_generate] [success] [0418] 0_ 存在性（无干扰）三策略/买短补长+额外购买（后） → 0_B20260917_173128_0418（尝试 1 次）
2026-09-17 17:32:34 [batch_generate] [success] [0421] 0_ 存在性（无干扰）三策略/买短补长+额外购买（后） → 0_B20260917_173128_0421（尝试 3 次）
2026-09-17 17:32:35 [batch_generate] [success] [0424] 1_ 存在性（干扰）三策略/额外购买（前）+额外购买（前） → 1_B20260917_173128_0424（尝试 3 次）
2026-09-17 17:32:37 [batch_generate] [success] [0430] 1_ 存在性（干扰）三策略/额外购买（前）+额外购买（前） → 1_B20260917_173128_0430（尝试 6 次）
2026-09-17 17:32:38 [batch_generate] [success] [0434] 1_ 存在性（干扰）三策略/额外购买（前）+额外购买（前） → 1_B20260917_173128_0434（尝试 4 次）
2026-09-17 17:32:38 [batch_generate] [success] [0436] 1_ 存在性（干扰）三策略/额外购买（前）+额外购买（前） → 1_B20260917_173128_0436（尝试 2 次）
2026-09-17 17:32:39 [batch_generate] [success] [0437] 1_ 存在性（干扰）三策略/额外购买（前）+额外购买（前） → 1_B20260917_173128_0437（尝试 1 次）
2026-09-17 17:32:39 [batch_generate] [success] [0440] 1_ 存在性（干扰）三策略/额外购买（前）+额外购买（前） → 1_B20260917_173128_0440（尝试 3 次）
2026-09-17 17:32:40 [batch_generate] [success] [0443] 1_ 存在性（干扰）三策略/额外购买（前）+额外购买（前） → 1_B20260917_173128_0443（尝试 3 次）
2026-09-17 17:32:41 [batch_generate] [success] [0445] 1_ 存在性（干扰）三策略/额外购买（前）+额外购买（前） → 1_B20260917_173128_0445（尝试 2 次）
2026-09-17 17:32:41 [batch_generate] [success] [0447] 0_ 存在性（无干扰）三策略/额外购买（前）+额外购买（前） → 0_B20260917_173128_0447（尝试 2 次）
2026-09-17 17:32:41 [batch_generate] [success] [0448] 0_ 存在性（无干扰）三策略/额外购买（前）+额外购买（前） → 0_B20260917_173128_0448（尝试 1 次）
2026-09-17 17:32:42 [batch_generate] [success] [0450] 0_ 存在性（无干扰）三策略/额外购买（前）+额外购买（前） → 0_B20260917_173128_0450（尝试 2 次）
2026-09-17 17:32:42 [batch_generate] [success] [0451] 0_ 存在性（无干扰）三策略/额外购买（前）+额外购买（前） → 0_B20260917_173128_0451（尝试 1 次）
2026-09-17 17:32:43 [batch_generate] [success] [0454] 0_ 存在性（无干扰）三策略/额外购买（前）+额外购买（前） → 0_B20260917_173128_0454（尝试 3 次）
2026-09-17 17:32:43 [batch_generate] [success] [0455] 0_ 存在性（无干扰）三策略/额外购买（前）+额外购买（前） → 0_B20260917_173128_0455（尝试 1 次）
2026-09-17 17:32:43 [batch_generate] [success] [0456] 0_ 存在性（无干扰）三策略/额外购买（前）+额外购买（前） → 0_B20260917_173128_0456（尝试 1 次）
2026-09-17 17:32:43 [batch_generate] [success] [0458] 0_ 存在性（无干扰）三策略/额外购买（前）+额外购买（前） → 0_B20260917_173128_0458（尝试 2 次）
2026-09-17 17:32:44 [batch_generate] [success] [0460] 1_ 存在性（干扰）三策略/额外购买（前）+额外购买（后） → 1_B20260917_173128_0460（尝试 2 次）
2026-09-17 17:32:45 [batch_generate] [success] [0462] 1_ 存在性（干扰）三策略/额外购买（前）+额外购买（后） → 1_B20260917_173128_0462（尝试 2 次）
2026-09-17 17:32:45 [batch_generate] [success] [0464] 1_ 存在性（干扰）三策略/额外购买（前）+额外购买（后） → 1_B20260917_173128_0464（尝试 2 次）
2026-09-17 17:32:46 [batch_generate] [success] [0466] 1_ 存在性（干扰）三策略/额外购买（前）+额外购买（后） → 1_B20260917_173128_0466（尝试 2 次）
2026-09-17 17:32:46 [batch_generate] [success] [0467] 1_ 存在性（干扰）三策略/额外购买（前）+额外购买（后） → 1_B20260917_173128_0467（尝试 1 次）
2026-09-17 17:32:47 [batch_generate] [success] [0470] 1_ 存在性（干扰）三策略/额外购买（前）+额外购买（后） → 1_B20260917_173128_0470（尝试 3 次）
2026-09-17 17:32:47 [batch_generate] [success] [0472] 1_ 存在性（干扰）三策略/额外购买（前）+额外购买（后） → 1_B20260917_173128_0472（尝试 2 次）
2026-09-17 17:32:48 [batch_generate] [success] [0473] 1_ 存在性（干扰）三策略/额外购买（前）+额外购买（后） → 1_B20260917_173128_0473（尝试 1 次）
2026-09-17 17:32:48 [batch_generate] [success] [0474] 0_ 存在性（无干扰）三策略/额外购买（前）+额外购买（后） → 0_B20260917_173128_0474（尝试 1 次）
2026-09-17 17:32:48 [batch_generate] [success] [0475] 0_ 存在性（无干扰）三策略/额外购买（前）+额外购买（后） → 0_B20260917_173128_0475（尝试 1 次）
2026-09-17 17:32:48 [batch_generate] [success] [0476] 0_ 存在性（无干扰）三策略/额外购买（前）+额外购买（后） → 0_B20260917_173128_0476（尝试 1 次）
2026-09-17 17:32:49 [batch_generate] [success] [0478] 0_ 存在性（无干扰）三策略/额外购买（前）+额外购买（后） → 0_B20260917_173128_0478（尝试 2 次）
2026-09-17 17:32:49 [batch_generate] [success] [0479] 0_ 存在性（无干扰）三策略/额外购买（前）+额外购买（后） → 0_B20260917_173128_0479（尝试 1 次）
2026-09-17 17:32:49 [batch_generate] [success] [0480] 0_ 存在性（无干扰）三策略/额外购买（前）+额外购买（后） → 0_B20260917_173128_0480（尝试 1 次）
2026-09-17 17:32:50 [batch_generate] [success] [0483] 0_ 存在性（无干扰）三策略/额外购买（前）+额外购买（后） → 0_B20260917_173128_0483（尝试 3 次）
2026-09-17 17:32:51 [batch_generate] [success] [0487] 0_ 存在性（无干扰）三策略/额外购买（前）+额外购买（后） → 0_B20260917_173128_0487（尝试 4 次）
2026-09-17 17:32:51 [batch_generate] [success] [0488] 1_ 存在性（干扰）三策略/额外购买（后）+额外购买（后） → 1_B20260917_173128_0488（尝试 1 次）
2026-09-17 17:32:52 [batch_generate] [success] [0490] 1_ 存在性（干扰）三策略/额外购买（后）+额外购买（后） → 1_B20260917_173128_0490（尝试 2 次）
2026-09-17 17:32:53 [batch_generate] [success] [0495] 1_ 存在性（干扰）三策略/额外购买（后）+额外购买（后） → 1_B20260917_173128_0495（尝试 5 次）
2026-09-17 17:32:55 [batch_generate] [success] [0500] 1_ 存在性（干扰）三策略/额外购买（后）+额外购买（后） → 1_B20260917_173128_0500（尝试 5 次）
2026-09-17 17:32:55 [batch_generate] [success] [0501] 1_ 存在性（干扰）三策略/额外购买（后）+额外购买（后） → 1_B20260917_173128_0501（尝试 1 次）
2026-09-17 17:32:55 [batch_generate] [success] [0502] 1_ 存在性（干扰）三策略/额外购买（后）+额外购买（后） → 1_B20260917_173128_0502（尝试 1 次）
2026-09-17 17:32:56 [batch_generate] [success] [0504] 1_ 存在性（干扰）三策略/额外购买（后）+额外购买（后） → 1_B20260917_173128_0504（尝试 2 次）
2026-09-17 17:32:57 [batch_generate] [success] [0506] 1_ 存在性（干扰）三策略/额外购买（后）+额外购买（后） → 1_B20260917_173128_0506（尝试 2 次）
2026-09-17 17:32:57 [batch_generate] [success] [0507] 0_ 存在性（无干扰）三策略/额外购买（后）+额外购买（后） → 0_B20260917_173128_0507（尝试 1 次）
2026-09-17 17:32:57 [batch_generate] [success] [0508] 0_ 存在性（无干扰）三策略/额外购买（后）+额外购买（后） → 0_B20260917_173128_0508（尝试 1 次）
2026-09-17 17:32:57 [batch_generate] [success] [0509] 0_ 存在性（无干扰）三策略/额外购买（后）+额外购买（后） → 0_B20260917_173128_0509（尝试 1 次）
2026-09-17 17:32:58 [batch_generate] [success] [0511] 0_ 存在性（无干扰）三策略/额外购买（后）+额外购买（后） → 0_B20260917_173128_0511（尝试 2 次）
2026-09-17 17:32:58 [batch_generate] [success] [0512] 0_ 存在性（无干扰）三策略/额外购买（后）+额外购买（后） → 0_B20260917_173128_0512（尝试 1 次）
2026-09-17 17:32:58 [batch_generate] [success] [0513] 0_ 存在性（无干扰）三策略/额外购买（后）+额外购买（后） → 0_B20260917_173128_0513（尝试 1 次）
2026-09-17 17:32:59 [batch_generate] [success] [0514] 0_ 存在性（无干扰）三策略/额外购买（后）+额外购买（后） → 0_B20260917_173128_0514（尝试 1 次）
2026-09-17 17:32:59 [batch_generate] [success] [0516] 0_ 存在性（无干扰）三策略/额外购买（后）+额外购买（后） → 0_B20260917_173128_0516（尝试 2 次）
2026-09-17 17:32:59 [batch_generate] [success] [0517] 2_ 选择性 综合考虑(随意) → 2_B20260917_173128_0517（尝试 1 次）
2026-09-17 17:33:00 [batch_generate] [success] [0518] 2_ 选择性 综合考虑(随意) → 2_B20260917_173128_0518（尝试 1 次）
2026-09-17 17:33:00 [batch_generate] [success] [0520] 2_ 选择性 综合考虑(随意) → 2_B20260917_173128_0520（尝试 2 次）
2026-09-17 17:33:01 [batch_generate] [success] [0521] 2_ 选择性 综合考虑(随意) → 2_B20260917_173128_0521（尝试 1 次）
2026-09-17 17:33:01 [batch_generate] [success] [0522] 2_ 选择性 综合考虑(随意) → 2_B20260917_173128_0522（尝试 1 次）
2026-09-17 17:33:01 [batch_generate] [success] [0523] 2_ 选择性 综合考虑(随意) → 2_B20260917_173128_0523（尝试 1 次）
2026-09-17 17:33:02 [batch_generate] [success] [0525] 2_ 选择性 综合考虑(随意) → 2_B20260917_173128_0525（尝试 2 次）
2026-09-17 17:33:02 [batch_generate] [success] [0526] 2_ 选择性 综合考虑(随意) → 2_B20260917_173128_0526（尝试 1 次）
2026-09-17 17:33:03 [batch_generate] [success] [0528] 2_ 选择性 综合考虑(不允许换乘) → 2_B20260917_173128_0528（尝试 2 次）
2026-09-17 17:33:03 [batch_generate] [success] [0530] 2_ 选择性 综合考虑(不允许换乘) → 2_B20260917_173128_0530（尝试 2 次）
2026-09-17 17:33:03 [batch_generate] [success] [0534] 2_ 选择性 综合考虑(不允许换乘) → 2_B20260917_173128_0534（尝试 4 次）
2026-09-17 17:33:03 [batch_generate] [success] [0538] 2_ 选择性 综合考虑(不允许换乘) → 2_B20260917_173128_0538（尝试 4 次）
2026-09-17 17:33:04 [batch_generate] [success] [0543] 2_ 选择性 综合考虑(不允许换乘) → 2_B20260917_173128_0543（尝试 5 次）
2026-09-17 17:33:04 [batch_generate] [success] [0546] 2_ 选择性 综合考虑(不允许换乘) → 2_B20260917_173128_0546（尝试 3 次）
2026-09-17 17:33:04 [batch_generate] [success] [0547] 2_ 选择性 综合考虑(不允许换乘) → 2_B20260917_173128_0547（尝试 1 次）
2026-09-17 17:33:04 [batch_generate] [success] [0548] 2_ 选择性 综合考虑(不允许换乘) → 2_B20260917_173128_0548（尝试 1 次）
2026-09-17 17:33:05 [batch_generate] [success] [0549] 2_ 选择性 综合考虑(不允许买短补长与额外购买) → 2_B20260917_173128_0549（尝试 1 次）
2026-09-17 17:33:05 [batch_generate] [success] [0550] 2_ 选择性 综合考虑(不允许买短补长与额外购买) → 2_B20260917_173128_0550（尝试 1 次）
2026-09-17 17:33:05 [batch_generate] [success] [0551] 2_ 选择性 综合考虑(不允许买短补长与额外购买) → 2_B20260917_173128_0551（尝试 1 次）
2026-09-17 17:33:06 [batch_generate] [success] [0552] 2_ 选择性 综合考虑(不允许买短补长与额外购买) → 2_B20260917_173128_0552（尝试 1 次）
2026-09-17 17:33:06 [batch_generate] [success] [0553] 2_ 选择性 综合考虑(不允许买短补长与额外购买) → 2_B20260917_173128_0553（尝试 1 次）
2026-09-17 17:33:06 [batch_generate] [success] [0554] 2_ 选择性 综合考虑(不允许买短补长与额外购买) → 2_B20260917_173128_0554（尝试 1 次）
2026-09-17 17:33:07 [batch_generate] [success] [0555] 2_ 选择性 综合考虑(不允许买短补长与额外购买) → 2_B20260917_173128_0555（尝试 1 次）
2026-09-17 17:33:07 [batch_generate] [success] [0556] 2_ 选择性 综合考虑(不允许买短补长与额外购买) → 2_B20260917_173128_0556（尝试 1 次）
2026-09-17 17:33:07 [batch_generate] [success] [0557] 2_ 选择性 最快(随意) → 2_B20260917_173128_0557（尝试 1 次）
2026-09-17 17:33:08 [batch_generate] [success] [0558] 2_ 选择性 最快(随意) → 2_B20260917_173128_0558（尝试 1 次）
2026-09-17 17:33:08 [batch_generate] [success] [0559] 2_ 选择性 最快(随意) → 2_B20260917_173128_0559（尝试 1 次）
2026-09-17 17:33:08 [batch_generate] [success] [0560] 2_ 选择性 最快(随意) → 2_B20260917_173128_0560（尝试 1 次）
2026-09-17 17:33:09 [batch_generate] [success] [0561] 2_ 选择性 最快(随意) → 2_B20260917_173128_0561（尝试 1 次）
2026-09-17 17:33:09 [batch_generate] [success] [0562] 2_ 选择性 最快(随意) → 2_B20260917_173128_0562（尝试 1 次）
2026-09-17 17:33:09 [batch_generate] [success] [0563] 2_ 选择性 最快(随意) → 2_B20260917_173128_0563（尝试 1 次）
2026-09-17 17:33:10 [batch_generate] [success] [0564] 2_ 选择性 最快(随意) → 2_B20260917_173128_0564（尝试 1 次）
2026-09-17 17:33:10 [batch_generate] [success] [0570] 2_ 选择性 最快(不允许换乘) → 2_B20260917_173128_0570（尝试 6 次）
2026-09-17 17:33:10 [batch_generate] [success] [0576] 2_ 选择性 最快(不允许换乘) → 2_B20260917_173128_0576（尝试 6 次）
2026-09-17 17:33:10 [batch_generate] [success] [0582] 2_ 选择性 最快(不允许换乘) → 2_B20260917_173128_0582（尝试 6 次）
2026-09-17 17:33:11 [batch_generate] [success] [0584] 2_ 选择性 最快(不允许换乘) → 2_B20260917_173128_0584（尝试 2 次）
2026-09-17 17:33:11 [batch_generate] [success] [0586] 2_ 选择性 最快(不允许换乘) → 2_B20260917_173128_0586（尝试 2 次）
2026-09-17 17:33:11 [batch_generate] [success] [0587] 2_ 选择性 最快(不允许换乘) → 2_B20260917_173128_0587（尝试 1 次）
2026-09-17 17:33:12 [batch_generate] [success] [0593] 2_ 选择性 最快(不允许换乘) → 2_B20260917_173128_0593（尝试 6 次）
2026-09-17 17:33:12 [batch_generate] [success] [0594] 2_ 选择性 最快(不允许换乘) → 2_B20260917_173128_0594（尝试 1 次）
2026-09-17 17:33:12 [batch_generate] [success] [0595] 2_ 选择性 最快(不允许买短补长与额外购买) → 2_B20260917_173128_0595（尝试 1 次）
2026-09-17 17:33:12 [batch_generate] [success] [0596] 2_ 选择性 最快(不允许买短补长与额外购买) → 2_B20260917_173128_0596（尝试 1 次）
2026-09-17 17:33:13 [batch_generate] [success] [0597] 2_ 选择性 最快(不允许买短补长与额外购买) → 2_B20260917_173128_0597（尝试 1 次）
2026-09-17 17:33:13 [batch_generate] [success] [0598] 2_ 选择性 最快(不允许买短补长与额外购买) → 2_B20260917_173128_0598（尝试 1 次）
2026-09-17 17:33:13 [batch_generate] [success] [0599] 2_ 选择性 最快(不允许买短补长与额外购买) → 2_B20260917_173128_0599（尝试 1 次）
2026-09-17 17:33:14 [batch_generate] [success] [0600] 2_ 选择性 最快(不允许买短补长与额外购买) → 2_B20260917_173128_0600（尝试 1 次）
2026-09-17 17:33:14 [batch_generate] [success] [0601] 2_ 选择性 最快(不允许买短补长与额外购买) → 2_B20260917_173128_0601（尝试 1 次）
2026-09-17 17:33:14 [batch_generate] [success] [0602] 2_ 选择性 最快(不允许买短补长与额外购买) → 2_B20260917_173128_0602（尝试 1 次）
2026-09-17 17:33:15 [batch_generate] [success] [0603] 2_ 选择性 最便宜(随意) → 2_B20260917_173128_0603（尝试 1 次）
2026-09-17 17:33:15 [batch_generate] [success] [0604] 2_ 选择性 最便宜(随意) → 2_B20260917_173128_0604（尝试 1 次）
2026-09-17 17:33:15 [batch_generate] [success] [0605] 2_ 选择性 最便宜(随意) → 2_B20260917_173128_0605（尝试 1 次）
2026-09-17 17:33:16 [batch_generate] [success] [0606] 2_ 选择性 最便宜(随意) → 2_B20260917_173128_0606（尝试 1 次）
2026-09-17 17:33:16 [batch_generate] [success] [0607] 2_ 选择性 最便宜(随意) → 2_B20260917_173128_0607（尝试 1 次）
2026-09-17 17:33:16 [batch_generate] [success] [0608] 2_ 选择性 最便宜(随意) → 2_B20260917_173128_0608（尝试 1 次）
2026-09-17 17:33:16 [batch_generate] [success] [0609] 2_ 选择性 最便宜(随意) → 2_B20260917_173128_0609（尝试 1 次）
2026-09-17 17:33:17 [batch_generate] [success] [0610] 2_ 选择性 最便宜(随意) → 2_B20260917_173128_0610（尝试 1 次）
2026-09-17 17:33:17 [batch_generate] [success] [0613] 2_ 选择性 最便宜(不允许换乘) → 2_B20260917_173128_0613（尝试 3 次）
2026-09-17 17:33:17 [batch_generate] [success] [0615] 2_ 选择性 最便宜(不允许换乘) → 2_B20260917_173128_0615（尝试 2 次）
2026-09-17 17:33:18 [batch_generate] [success] [0616] 2_ 选择性 最便宜(不允许换乘) → 2_B20260917_173128_0616（尝试 1 次）
2026-09-17 17:33:18 [batch_generate] [success] [0617] 2_ 选择性 最便宜(不允许换乘) → 2_B20260917_173128_0617（尝试 1 次）
2026-09-17 17:33:18 [batch_generate] [success] [0627] 2_ 选择性 最便宜(不允许换乘) → 2_B20260917_173128_0627（尝试 10 次）
2026-09-17 17:33:18 [batch_generate] [success] [0633] 2_ 选择性 最便宜(不允许换乘) → 2_B20260917_173128_0633（尝试 6 次）
2026-09-17 17:33:19 [batch_generate] [success] [0639] 2_ 选择性 最便宜(不允许换乘) → 2_B20260917_173128_0639（尝试 6 次）
2026-09-17 17:33:19 [batch_generate] [success] [0641] 2_ 选择性 最便宜(不允许换乘) → 2_B20260917_173128_0641（尝试 2 次）
2026-09-17 17:33:19 [batch_generate] [success] [0642] 2_ 选择性 最便宜(不允许买短补长与额外购买) → 2_B20260917_173128_0642（尝试 1 次）
2026-09-17 17:33:20 [batch_generate] [success] [0643] 2_ 选择性 最便宜(不允许买短补长与额外购买) → 2_B20260917_173128_0643（尝试 1 次）
2026-09-17 17:33:20 [batch_generate] [success] [0644] 2_ 选择性 最便宜(不允许买短补长与额外购买) → 2_B20260917_173128_0644（尝试 1 次）
2026-09-17 17:33:20 [batch_generate] [success] [0645] 2_ 选择性 最便宜(不允许买短补长与额外购买) → 2_B20260917_173128_0645（尝试 1 次）
2026-09-17 17:33:21 [batch_generate] [success] [0646] 2_ 选择性 最便宜(不允许买短补长与额外购买) → 2_B20260917_173128_0646（尝试 1 次）
2026-09-17 17:33:21 [batch_generate] [success] [0647] 2_ 选择性 最便宜(不允许买短补长与额外购买) → 2_B20260917_173128_0647（尝试 1 次）
2026-09-17 17:33:22 [batch_generate] [success] [0650] 2_ 选择性 最便宜(不允许买短补长与额外购买) → 2_B20260917_173128_0650（尝试 3 次）
2026-09-17 17:33:22 [batch_generate] [success] [0651] 2_ 选择性 最便宜(不允许买短补长与额外购买) → 2_B20260917_173128_0651（尝试 1 次）
2026-09-17 17:33:22 [batch_generate] [success] [0652] 2_ 选择性 出发最晚(随意) → 2_B20260917_173128_0652（尝试 1 次）
2026-09-17 17:33:23 [batch_generate] [success] [0653] 2_ 选择性 出发最晚(随意) → 2_B20260917_173128_0653（尝试 1 次）
2026-09-17 17:33:23 [batch_generate] [success] [0654] 2_ 选择性 出发最晚(随意) → 2_B20260917_173128_0654（尝试 1 次）
2026-09-17 17:33:23 [batch_generate] [success] [0655] 2_ 选择性 出发最晚(随意) → 2_B20260917_173128_0655（尝试 1 次）
2026-09-17 17:33:24 [batch_generate] [success] [0657] 2_ 选择性 出发最晚(随意) → 2_B20260917_173128_0657（尝试 2 次）
2026-09-17 17:33:24 [batch_generate] [success] [0658] 2_ 选择性 出发最晚(随意) → 2_B20260917_173128_0658（尝试 1 次）
2026-09-17 17:33:25 [batch_generate] [success] [0659] 2_ 选择性 出发最晚(随意) → 2_B20260917_173128_0659（尝试 1 次）
2026-09-17 17:33:25 [batch_generate] [success] [0660] 2_ 选择性 出发最晚(随意) → 2_B20260917_173128_0660（尝试 1 次）
2026-09-17 17:33:25 [batch_generate] [success] [0661] 2_ 选择性 出发最晚(不允许换乘) → 2_B20260917_173128_0661（尝试 1 次）
2026-09-17 17:33:26 [batch_generate] [success] [0663] 2_ 选择性 出发最晚(不允许换乘) → 2_B20260917_173128_0663（尝试 2 次）
2026-09-17 17:33:26 [batch_generate] [success] [0665] 2_ 选择性 出发最晚(不允许换乘) → 2_B20260917_173128_0665（尝试 2 次）
2026-09-17 17:33:26 [batch_generate] [success] [0668] 2_ 选择性 出发最晚(不允许换乘) → 2_B20260917_173128_0668（尝试 3 次）
2026-09-17 17:33:27 [batch_generate] [success] [0670] 2_ 选择性 出发最晚(不允许换乘) → 2_B20260917_173128_0670（尝试 2 次）
2026-09-17 17:33:27 [batch_generate] [success] [0675] 2_ 选择性 出发最晚(不允许换乘) → 2_B20260917_173128_0675（尝试 5 次）
2026-09-17 17:33:27 [batch_generate] [success] [0676] 2_ 选择性 出发最晚(不允许换乘) → 2_B20260917_173128_0676（尝试 1 次）
2026-09-17 17:33:27 [batch_generate] [success] [0678] 2_ 选择性 出发最晚(不允许换乘) → 2_B20260917_173128_0678（尝试 2 次）
2026-09-17 17:33:28 [batch_generate] [success] [0679] 2_ 选择性 出发最晚(不允许买短补长与额外购买) → 2_B20260917_173128_0679（尝试 1 次）
2026-09-17 17:33:28 [batch_generate] [success] [0680] 2_ 选择性 出发最晚(不允许买短补长与额外购买) → 2_B20260917_173128_0680（尝试 1 次）
2026-09-17 17:33:29 [batch_generate] [success] [0682] 2_ 选择性 出发最晚(不允许买短补长与额外购买) → 2_B20260917_173128_0682（尝试 2 次）
2026-09-17 17:33:29 [batch_generate] [success] [0683] 2_ 选择性 出发最晚(不允许买短补长与额外购买) → 2_B20260917_173128_0683（尝试 1 次）
2026-09-17 17:33:30 [batch_generate] [success] [0684] 2_ 选择性 出发最晚(不允许买短补长与额外购买) → 2_B20260917_173128_0684（尝试 1 次）
2026-09-17 17:33:30 [batch_generate] [success] [0685] 2_ 选择性 出发最晚(不允许买短补长与额外购买) → 2_B20260917_173128_0685（尝试 1 次）
2026-09-17 17:33:30 [batch_generate] [success] [0686] 2_ 选择性 出发最晚(不允许买短补长与额外购买) → 2_B20260917_173128_0686（尝试 1 次）
2026-09-17 17:33:31 [batch_generate] [success] [0687] 2_ 选择性 出发最晚(不允许买短补长与额外购买) → 2_B20260917_173128_0687（尝试 1 次）
2026-09-17 17:33:31 [batch_generate] [success] [0688] 2_ 选择性 最早到达(随意) → 2_B20260917_173128_0688（尝试 1 次）
2026-09-17 17:33:32 [batch_generate] [success] [0689] 2_ 选择性 最早到达(随意) → 2_B20260917_173128_0689（尝试 1 次）
2026-09-17 17:33:32 [batch_generate] [success] [0691] 2_ 选择性 最早到达(随意) → 2_B20260917_173128_0691（尝试 2 次）
2026-09-17 17:33:33 [batch_generate] [success] [0692] 2_ 选择性 最早到达(随意) → 2_B20260917_173128_0692（尝试 1 次）
2026-09-17 17:33:33 [batch_generate] [success] [0694] 2_ 选择性 最早到达(随意) → 2_B20260917_173128_0694（尝试 2 次）
2026-09-17 17:33:34 [batch_generate] [success] [0695] 2_ 选择性 最早到达(随意) → 2_B20260917_173128_0695（尝试 1 次）
2026-09-17 17:33:34 [batch_generate] [success] [0696] 2_ 选择性 最早到达(随意) → 2_B20260917_173128_0696（尝试 1 次）
2026-09-17 17:33:35 [batch_generate] [success] [0698] 2_ 选择性 最早到达(随意) → 2_B20260917_173128_0698（尝试 2 次）
2026-09-17 17:33:35 [batch_generate] [success] [0699] 2_ 选择性 最早到达(不允许换乘) → 2_B20260917_173128_0699（尝试 1 次）
2026-09-17 17:33:35 [batch_generate] [success] [0700] 2_ 选择性 最早到达(不允许换乘) → 2_B20260917_173128_0700（尝试 1 次）
2026-09-17 17:33:35 [batch_generate] [success] [0706] 2_ 选择性 最早到达(不允许换乘) → 2_B20260917_173128_0706（尝试 6 次）
2026-09-17 17:33:36 [batch_generate] [success] [0707] 2_ 选择性 最早到达(不允许换乘) → 2_B20260917_173128_0707（尝试 1 次）
2026-09-17 17:33:36 [batch_generate] [success] [0708] 2_ 选择性 最早到达(不允许换乘) → 2_B20260917_173128_0708（尝试 1 次）
2026-09-17 17:33:36 [batch_generate] [success] [0709] 2_ 选择性 最早到达(不允许换乘) → 2_B20260917_173128_0709（尝试 1 次）
2026-09-17 17:33:37 [batch_generate] [success] [0711] 2_ 选择性 最早到达(不允许换乘) → 2_B20260917_173128_0711（尝试 2 次）
2026-09-17 17:33:37 [batch_generate] [success] [0712] 2_ 选择性 最早到达(不允许换乘) → 2_B20260917_173128_0712（尝试 1 次）
2026-09-17 17:33:37 [batch_generate] [success] [0713] 2_ 选择性 最早到达(不允许买短补长与额外购买) → 2_B20260917_173128_0713（尝试 1 次）
2026-09-17 17:33:38 [batch_generate] [success] [0715] 2_ 选择性 最早到达(不允许买短补长与额外购买) → 2_B20260917_173128_0715（尝试 2 次）
2026-09-17 17:33:39 [batch_generate] [success] [0717] 2_ 选择性 最早到达(不允许买短补长与额外购买) → 2_B20260917_173128_0717（尝试 2 次）
2026-09-17 17:33:39 [batch_generate] [success] [0718] 2_ 选择性 最早到达(不允许买短补长与额外购买) → 2_B20260917_173128_0718（尝试 1 次）
2026-09-17 17:33:39 [batch_generate] [success] [0719] 2_ 选择性 最早到达(不允许买短补长与额外购买) → 2_B20260917_173128_0719（尝试 1 次）
2026-09-17 17:33:40 [batch_generate] [success] [0721] 2_ 选择性 最早到达(不允许买短补长与额外购买) → 2_B20260917_173128_0721（尝试 2 次）
2026-09-17 17:33:40 [batch_generate] [success] [0722] 2_ 选择性 最早到达(不允许买短补长与额外购买) → 2_B20260917_173128_0722（尝试 1 次）
2026-09-17 17:33:41 [batch_generate] [success] [0724] 2_ 选择性 最早到达(不允许买短补长与额外购买) → 2_B20260917_173128_0724（尝试 2 次）
2026-09-17 17:33:41 [batch_generate] [success] 出题完成：成功 328 / 失败 0（共 328 题）
