
--- 2026-07-28 17:39:05 ---
G1401	石家庄(SJP)	邯郸东(HPP)	全车放弃
G1401	邯郸东(HPP)	鹤壁东(HFF)	未爬取
G1401	鹤壁东(HFF)	新乡东(EGF)	未爬取
G1401	新乡东(EGF)	郑州东(ZAF)	未爬取
G1401	郑州东(ZAF)	漯河西(LBN)	未爬取
G1401	漯河西(LBN)	驻马店西(ZLN)	未爬取
G1401	驻马店西(ZLN)	信阳东(OYN)	未爬取
G1401	信阳东(OYN)	武汉(WHN)	未爬取
G1401	武汉(WHN)	岳阳东(YIQ)	未爬取
G1401	岳阳东(YIQ)	长沙南(CWQ)	未爬取
G1401	长沙南(CWQ)	株洲西(ZAQ)	未爬取
G1401	株洲西(ZAQ)	衡阳东(HVQ)	未爬取
G1401	衡阳东(HVQ)	祁东(QMQ)	未爬取
G1401	祁东(QMQ)	祁阳(QWQ)	未爬取
G1401	祁阳(QWQ)	永州(AOQ)	未爬取
G1401	永州(AOQ)	东安东(DCZ)	未爬取
G1401	东安东(DCZ)	桂林北(GBZ)	未爬取
G1401	桂林北(GBZ)	柳州(LZZ)	未爬取
G1401	柳州(LZZ)	来宾北(UCZ)	未爬取
G1401	来宾北(UCZ)	南宁东(NFZ)	未爬取
G1402	南宁东(NFZ)	来宾北(UCZ)	全车放弃
G1402	来宾北(UCZ)	柳州(LZZ)	未爬取
G1402	柳州(LZZ)	永福南(YBZ)	未爬取
G1402	永福南(YBZ)	桂林北(GBZ)	未爬取
G1402	桂林北(GBZ)	全州南(QNZ)	未爬取
G1402	全州南(QNZ)	东安东(DCZ)	未爬取
G1402	东安东(DCZ)	永州(AOQ)	未爬取
G1402	永州(AOQ)	祁阳(QWQ)	未爬取
G1402	祁阳(QWQ)	祁东(QMQ)	未爬取
G1402	祁东(QMQ)	衡阳东(HVQ)	未爬取
G1402	衡阳东(HVQ)	株洲西(ZAQ)	未爬取
G1402	株洲西(ZAQ)	长沙南(CWQ)	未爬取
G1402	长沙南(CWQ)	岳阳东(YIQ)	未爬取
G1402	岳阳东(YIQ)	赤壁北(CIN)	未爬取
G1402	赤壁北(CIN)	武汉(WHN)	未爬取
G1402	武汉(WHN)	漯河西(LBN)	未爬取
G1402	漯河西(LBN)	许昌东(XVF)	未爬取
G1402	许昌东(XVF)	郑州东(ZAF)	未爬取
G1402	郑州东(ZAF)	新乡东(EGF)	未爬取
G1402	新乡东(EGF)	邯郸东(HPP)	未爬取
G1402	邯郸东(HPP)	石家庄(SJP)	未爬取
G1619	长沙南(CWQ)	韶山南(INQ)	全车放弃
G1619	韶山南(INQ)	怀化南(KAQ)	未爬取
G1619	怀化南(KAQ)	芷江(ZPQ)	未爬取
G1619	芷江(ZPQ)	凯里南(QKW)	未爬取
G1619	凯里南(QKW)	贵阳北(KQW)	未爬取
G1619	贵阳北(KQW)	河池西(HIZ)	未爬取
G1619	河池西(HIZ)	都安(RUZ)	未爬取
G1619	都安(RUZ)	南宁东(NFZ)	未爬取
G1620	南宁东(NFZ)	河池西(HIZ)	全车放弃
G1620	河池西(HIZ)	都匀东(KJW)	未爬取
G1620	都匀东(KJW)	贵阳北(KQW)	未爬取
G1620	贵阳北(KQW)	贵定北(FMW)	未爬取
G1620	贵定北(FMW)	铜仁南(TNW)	未爬取
G1620	铜仁南(TNW)	怀化南(KAQ)	未爬取
G1620	怀化南(KAQ)	新化南(EJQ)	未爬取
G1620	新化南(EJQ)	娄底南(UOQ)	未爬取
G1620	娄底南(UOQ)	韶山南(INQ)	未爬取
G1620	韶山南(INQ)	湘潭北(EDQ)	未爬取
G1620	湘潭北(EDQ)	长沙南(CWQ)	未爬取
G2122	昆明南(KOM)	曲靖北(QBM)	全车放弃
G2122	曲靖北(QBM)	盘州(PAE)	未爬取
G2122	盘州(PAE)	贵阳北(KQW)	未爬取
G2122	贵阳北(KQW)	贵定北(FMW)	未爬取
G2122	贵定北(FMW)	凯里南(QKW)	未爬取
G2122	凯里南(QKW)	铜仁南(TNW)	未爬取
G2122	铜仁南(TNW)	怀化南(KAQ)	未爬取
G2122	怀化南(KAQ)	娄底南(UOQ)	未爬取
G2122	娄底南(UOQ)	长沙南(CWQ)	未爬取
G2489	清河(QIP)	怀来(VQP)	全车放弃
G2489	怀来(VQP)	宣化北(VJP)	未爬取
G2489	宣化北(VJP)	张家口(ZMP)	未爬取
G2489	张家口(ZMP)	乌兰察布(WPC)	未爬取
G2489	乌兰察布(WPC)	卓资东(ZDC)	未爬取
G2489	卓资东(ZDC)	呼和浩特东(NDC)	未爬取
G2490	呼和浩特东(NDC)	卓资东(ZDC)	全车放弃
G2490	卓资东(ZDC)	乌兰察布(WPC)	未爬取
G2490	乌兰察布(WPC)	兴和北(EBC)	未爬取
G2490	兴和北(EBC)	张家口(ZMP)	未爬取
G2490	张家口(ZMP)	东花园北(QBP)	未爬取
G2490	东花园北(QBP)	清河(QIP)	未爬取
G2497	北京北(VAP)	东花园北(QBP)	全车放弃
G2497	东花园北(QBP)	张家口(ZMP)	未爬取
G2497	张家口(ZMP)	兴和北(EBC)	未爬取
G2497	兴和北(EBC)	乌兰察布(WPC)	未爬取
G2497	乌兰察布(WPC)	卓资东(ZDC)	未爬取
G2497	卓资东(ZDC)	呼和浩特东(NDC)	未爬取
G2498	呼和浩特东(NDC)	乌兰察布(WPC)	全车放弃
G2498	乌兰察布(WPC)	张家口(ZMP)	未爬取
G2498	张家口(ZMP)	北京北(VAP)	未爬取
G3194	天台山(TIU)	温岭(VHH)	全车放弃
G3197	杭州西(HVU)	广德南(GNU)	全车放弃
G3197	广德南(GNU)	宣城(ECH)	未爬取
G3197	宣城(ECH)	芜湖(WHH)	未爬取
G3197	芜湖(WHH)	巢湖东(GUH)	未爬取
G3197	巢湖东(GUH)	合肥南(ENH)	未爬取
G3197	合肥南(ENH)	淮南南(HNU)	未爬取
G3197	淮南南(HNU)	阜阳西(FXU)	未爬取
G3197	阜阳西(FXU)	亳州南(BNU)	未爬取
G3197	亳州南(BNU)	商丘(SQF)	未爬取
G3197	商丘(SQF)	郑州东(ZAF)	未爬取
G3197	郑州东(ZAF)	洛阳龙门(LLF)	未爬取
G3197	洛阳龙门(LLF)	三门峡南(SCF)	未爬取
G3197	三门峡南(SCF)	西安北(EAY)	未爬取
G3239	泗县东(ODU)	五河(WHU)	全车放弃
G3239	五河(WHU)	明光西(MXU)	未爬取
G3239	明光西(MXU)	定远东(DEU)	未爬取
G3239	定远东(DEU)	合肥西(HFU)	未爬取
G3239	合肥西(HFU)	六安(UAH)	未爬取
G3239	六安(UAH)	麻城北(MBN)	未爬取
G3239	麻城北(MBN)	红安西(VXN)	未爬取
G3239	红安西(VXN)	汉口(HKN)	未爬取
G3240	汉口(HKN)	红安西(VXN)	全车放弃
G3240	红安西(VXN)	麻城北(MBN)	未爬取
G3240	麻城北(MBN)	六安(UAH)	未爬取
G3240	六安(UAH)	合肥西(HFU)	未爬取
G3240	合肥西(HFU)	定远东(DEU)	未爬取
G3240	定远东(DEU)	明光西(MXU)	未爬取
G3240	明光西(MXU)	五河(WHU)	未爬取
G3240	五河(WHU)	泗县东(ODU)	未爬取
G3277	江阴(KYH)	金坛(JTU)	全车放弃
G3277	金坛(JTU)	南京南(NKH)	未爬取
G3277	南京南(NKH)	马鞍山东(OMH)	未爬取
G3277	马鞍山东(OMH)	芜湖(WHH)	未爬取
G3277	芜湖(WHH)	安庆(AQH)	未爬取
G3277	安庆(AQH)	合肥西(HFU)	未爬取
G3277	合肥西(HFU)	淮南南(HNU)	未爬取
G3277	淮南南(HNU)	阜阳西(FXU)	未爬取
G3277	阜阳西(FXU)	商丘(SQF)	未爬取
G3277	商丘(SQF)	郑州东(ZAF)	未爬取
G3277	郑州东(ZAF)	西安北(EAY)	未爬取
G3278	西安北(EAY)	渭南北(WBY)	全车放弃
G3278	渭南北(WBY)	洛阳龙门(LLF)	未爬取
G3278	洛阳龙门(LLF)	郑州东(ZAF)	未爬取
G3278	郑州东(ZAF)	商丘(SQF)	未爬取
G3278	商丘(SQF)	阜阳西(FXU)	未爬取
G3278	阜阳西(FXU)	合肥西(HFU)	未爬取
G3278	合肥西(HFU)	安庆(AQH)	未爬取
G3278	安庆(AQH)	芜湖(WHH)	未爬取
G3278	芜湖(WHH)	南京南(NKH)	未爬取
G3278	南京南(NKH)	金坛(JTU)	未爬取
G3278	金坛(JTU)	江阴(KYH)	未爬取
G3332	厦门北(XKS)	泉州南(QNS)	全车放弃
G3332	泉州南(QNS)	莆田(PTS)	未爬取
G3332	莆田(PTS)	福州南(FYS)	未爬取
G3332	福州南(FYS)	福州(FZS)	未爬取
G3332	福州(FZS)	延平(YPS)	未爬取
G3332	延平(YPS)	南平市(NOS)	未爬取
G3332	南平市(NOS)	武夷山北(WBS)	未爬取
G3332	武夷山北(WBS)	上饶(SRG)	未爬取
G3332	上饶(SRG)	婺源(WYG)	未爬取
G3332	婺源(WYG)	黄山北(NYH)	未爬取
G3332	黄山北(NYH)	绩溪北(NRH)	未爬取
G3332	绩溪北(NRH)	宁国南(NIU)	未爬取
G3332	宁国南(NIU)	宣城(ECH)	未爬取
G3332	宣城(ECH)	芜湖(WHH)	未爬取
G3332	芜湖(WHH)	南京南(NKH)	未爬取
G3332	南京南(NKH)	句容(JRU)	未爬取
G3332	句容(JRU)	金坛(JTU)	未爬取
G3332	金坛(JTU)	武进(WJU)	未爬取
G3332	武进(WJU)	江阴(KYH)	未爬取
G3771	福州南(FYS)	莆田(PTS)	全车放弃
G3771	莆田(PTS)	泉州东(QRS)	未爬取
G3771	泉州东(QRS)	厦门北(XKS)	未爬取
G3771	厦门北(XKS)	漳州(ZUS)	未爬取
G3771	漳州(ZUS)	云霄(YBS)	未爬取
G3771	云霄(YBS)	诏安(ZDS)	未爬取
G3771	诏安(ZDS)	潮安(CMQ)	未爬取
G3771	潮安(CMQ)	汕头(OTQ)	未爬取
G3771	汕头(OTQ)	潮南(CHA)	未爬取
G3771	潮南(CHA)	惠来(HGA)	未爬取
G3771	惠来(HGA)	陆丰东(LDA)	未爬取
G3771	陆丰东(LDA)	汕尾(OGQ)	未爬取
G3771	汕尾(OGQ)	惠州南(KNA)	未爬取
G3771	惠州南(KNA)	博罗(BOA)	未爬取
G3771	博罗(BOA)	罗浮山(LVA)	未爬取
G3771	罗浮山(LVA)	广州新塘(XWQ)	未爬取
G3772	广州新塘(XWQ)	惠州南(KNA)	全车放弃
G3772	惠州南(KNA)	惠东(KDA)	未爬取
G3772	惠东(KDA)	汕尾(OGQ)	未爬取
G3772	汕尾(OGQ)	陆丰东(LDA)	未爬取
G3772	陆丰东(LDA)	惠来(HGA)	未爬取
G3772	惠来(HGA)	潮南(CHA)	未爬取
G3772	潮南(CHA)	汕头(OTQ)	未爬取
G3772	汕头(OTQ)	诏安(ZDS)	未爬取
G3772	诏安(ZDS)	漳浦(ZCS)	未爬取
G3772	漳浦(ZCS)	漳州(ZUS)	未爬取
G3772	漳州(ZUS)	厦门北(XKS)	未爬取
G3772	厦门北(XKS)	泉州南(QNS)	未爬取
G3772	泉州南(QNS)	莆田(PTS)	未爬取
G3772	莆田(PTS)	福州南(FYS)	未爬取
G4917	上海虹桥(AOH)	杭州东(HGH)	全车放弃
G4917	杭州东(HGH)	义乌(YWH)	未爬取
G4917	义乌(YWH)	衢州(QEH)	未爬取
G4917	衢州(QEH)	上饶(SRG)	未爬取
G4917	上饶(SRG)	鹰潭北(YKG)	未爬取
G4917	鹰潭北(YKG)	南昌东(NUG)	未爬取
G4944	长沙(CSQ)	益阳南(YAA)	全车放弃
G4944	益阳南(YAA)	汉寿(HHA)	未爬取
G4944	汉寿(HHA)	常德(VGQ)	未爬取
G4944	常德(VGQ)	桃源(TYA)	未爬取
G4944	桃源(TYA)	牛车河(NHA)	未爬取
G4944	牛车河(NHA)	张家界西(JXA)	未爬取
G4944	张家界西(JXA)	桑植(SZA)	未爬取
G4944	桑植(SZA)	龙山北(LBA)	未爬取
G4944	龙山北(LBA)	来凤(LFA)	未爬取
G4944	来凤(LFA)	咸丰(XFA)	未爬取
G4944	咸丰(XFA)	黔江(QNW)	未爬取
G4944	黔江(QNW)	彭水西(PEE)	未爬取
G4944	彭水西(PEE)	武隆南(WLE)	未爬取
G4944	武隆南(WLE)	重庆东(COE)	未爬取
G4945	重庆东(COE)	武隆南(WLE)	全车放弃
G4945	武隆南(WLE)	彭水西(PEE)	未爬取
G4945	彭水西(PEE)	黔江(QNW)	未爬取
G4945	黔江(QNW)	张家界西(JXA)	未爬取
G4946	张家界西(JXA)	龙山北(LBA)	全车放弃
G4946	龙山北(LBA)	来凤(LFA)	未爬取
G4946	来凤(LFA)	咸丰(XFA)	未爬取
G4946	咸丰(XFA)	黔江(QNW)	未爬取
G4946	黔江(QNW)	彭水西(PEE)	未爬取
G4946	彭水西(PEE)	重庆东(COE)	未爬取
G4949	重庆东(COE)	武隆南(WLE)	全车放弃
G4949	武隆南(WLE)	黔江(QNW)	未爬取
G4949	黔江(QNW)	咸丰(XFA)	未爬取
G4949	咸丰(XFA)	龙山北(LBA)	未爬取
G4949	龙山北(LBA)	张家界西(JXA)	未爬取
G5037	鹰潭北(YKG)	南 昌(@南 昌)	全车放弃
G5038	永修(ACG)	南 昌(@南 昌)	全车放弃
G5133	汕头(OTQ)	汕头南(SNA)	全车放弃
G5133	汕头南(SNA)	惠来(HGA)	未爬取
G5133	惠来(HGA)	陆丰东(LDA)	未爬取
G5133	陆丰东(LDA)	陆丰南(LAA)	未爬取
G5133	陆丰南(LAA)	惠东(KDA)	未爬取
G5133	惠东(KDA)	惠州南(KNA)	未爬取
G5133	惠州南(KNA)	博罗(BOA)	未爬取
G5133	博罗(BOA)	广州新塘(XWQ)	未爬取
G5133	广州新塘(XWQ)	广州(GZQ)	未爬取
G5133	广州(GZQ)	佛山(FSQ)	未爬取
G5133	佛山(FSQ)	阳春东(YBQ)	未爬取
G5133	阳春东(YBQ)	马踏(PWQ)	未爬取
G5133	马踏(PWQ)	茂名南(MRQ)	未爬取
G5133	茂名南(MRQ)	吴川(WAQ)	未爬取
G5133	吴川(WAQ)	湛江北(ZMQ)	未爬取
G5137	惠州南(KNA)	广州新塘(XWQ)	全车放弃
G5137	广州新塘(XWQ)	广州(GZQ)	未爬取
G5137	广州(GZQ)	新兴南(XPQ)	未爬取
G5137	新兴南(XPQ)	阳春东(YBQ)	未爬取
G5137	阳春东(YBQ)	马踏(PWQ)	未爬取
G5137	马踏(PWQ)	茂名南(MRQ)	未爬取
G5137	茂名南(MRQ)	吴川(WAQ)	未爬取
G5137	吴川(WAQ)	湛江北(ZMQ)	未爬取
G5138	湛江北(ZMQ)	吴川(WAQ)	全车放弃
G5138	吴川(WAQ)	茂名南(MRQ)	未爬取
G5138	茂名南(MRQ)	阳江北(YLQ)	未爬取
G5138	阳江北(YLQ)	新兴南(XPQ)	未爬取
G5138	新兴南(XPQ)	佛山(FSQ)	未爬取
G5138	佛山(FSQ)	广州(GZQ)	未爬取
G5138	广州(GZQ)	广州新塘(XWQ)	未爬取
G5138	广州新塘(XWQ)	惠州南(KNA)	未爬取
G5138	惠州南(KNA)	汕尾(OGQ)	未爬取
G5138	汕尾(OGQ)	陆丰南(LAA)	未爬取
G5138	陆丰南(LAA)	陆丰东(LDA)	未爬取
G5138	陆丰东(LDA)	惠来(HGA)	未爬取
G5138	惠来(HGA)	汕头南(SNA)	未爬取
G5138	汕头南(SNA)	汕头(OTQ)	未爬取
G5139	汕头(OTQ)	潮南(CHA)	全车放弃
G5139	潮南(CHA)	惠来(HGA)	未爬取
G5139	惠来(HGA)	陆丰东(LDA)	未爬取
G5139	陆丰东(LDA)	汕尾(OGQ)	未爬取
G5139	汕尾(OGQ)	惠州南(KNA)	未爬取
G5139	惠州南(KNA)	增城(ZCA)	未爬取
G5139	增城(ZCA)	广州新塘(XWQ)	未爬取
G5139	广州新塘(XWQ)	广州东(GGQ)	未爬取
G5139	广州东(GGQ)	广州(GZQ)	未爬取
G5139	广州(GZQ)	佛山(FSQ)	未爬取
G5139	佛山(FSQ)	新兴南(XPQ)	未爬取
G5139	新兴南(XPQ)	阳春东(YBQ)	未爬取
G5139	阳春东(YBQ)	阳江北(YLQ)	未爬取
G5139	阳江北(YLQ)	湛江北(ZMQ)	未爬取
G5140	湛江北(ZMQ)	茂名南(MRQ)	全车放弃
G5140	茂名南(MRQ)	阳江北(YLQ)	未爬取
G5140	阳江北(YLQ)	阳春东(YBQ)	未爬取
G5140	阳春东(YBQ)	佛山(FSQ)	未爬取
G5140	佛山(FSQ)	广州(GZQ)	未爬取
G5140	广州(GZQ)	广州新塘(XWQ)	未爬取
G5140	广州新塘(XWQ)	增城(ZCA)	未爬取
G5140	增城(ZCA)	惠州南(KNA)	未爬取
G5140	惠州南(KNA)	汕尾(OGQ)	未爬取
G5140	汕尾(OGQ)	惠来(HGA)	未爬取
G5140	惠来(HGA)	汕头(OTQ)	未爬取
G5143	湛江北(ZMQ)	吴川(WAQ)	全车放弃
G5143	吴川(WAQ)	茂名南(MRQ)	未爬取
G5143	茂名南(MRQ)	阳江北(YLQ)	未爬取
G5143	阳江北(YLQ)	佛山(FSQ)	未爬取
G5143	佛山(FSQ)	广州(GZQ)	未爬取
G5143	广州(GZQ)	广州新塘(XWQ)	未爬取
G5143	广州新塘(XWQ)	东莞(RTQ)	未爬取
G5143	东莞(RTQ)	深圳(SZQ)	未爬取
G5144	深圳(SZQ)	东莞(RTQ)	全车放弃
G5144	东莞(RTQ)	广州新塘(XWQ)	未爬取
G5144	广州新塘(XWQ)	广州(GZQ)	未爬取
G5144	广州(GZQ)	佛山(FSQ)	未爬取
G5144	佛山(FSQ)	阳春东(YBQ)	未爬取
G5144	阳春东(YBQ)	马踏(PWQ)	未爬取
G5144	马踏(PWQ)	茂名南(MRQ)	未爬取
G5144	茂名南(MRQ)	湛江北(ZMQ)	未爬取
G5147	湛江北(ZMQ)	茂名南(MRQ)	全车放弃
G5147	茂名南(MRQ)	佛山(FSQ)	未爬取
G5147	佛山(FSQ)	广州(GZQ)	未爬取
G5147	广州(GZQ)	广州新塘(XWQ)	未爬取
G5147	广州新塘(XWQ)	深圳(SZQ)	未爬取
G5148	深圳(SZQ)	广州(GZQ)	全车放弃
G5148	广州(GZQ)	佛山(FSQ)	未爬取
G5148	佛山(FSQ)	阳江北(YLQ)	未爬取
G5148	阳江北(YLQ)	马踏(PWQ)	未爬取
G5148	马踏(PWQ)	茂名南(MRQ)	未爬取
G5148	茂名南(MRQ)	吴川(WAQ)	未爬取
G5148	吴川(WAQ)	湛江北(ZMQ)	未爬取
G515	呼和浩特东(NDC)	乌兰察布(WPC)	全车放弃
G515	乌兰察布(WPC)	大同南(DMV)	未爬取
G515	大同南(DMV)	怀仁东(HFV)	未爬取
G515	怀仁东(HFV)	山阴南(OYV)	未爬取
G515	山阴南(OYV)	雁门关(RDV)	未爬取
G515	雁门关(RDV)	太原南(TNV)	未爬取
G515	太原南(TNV)	太谷东(TEV)	未爬取
G515	太谷东(TEV)	榆社西(AXV)	未爬取
G515	榆社西(AXV)	武乡(WUV)	未爬取
G515	武乡(WUV)	襄垣东(EAF)	未爬取
G515	襄垣东(EAF)	长治东(CUF)	未爬取
G515	长治东(CUF)	长治南(CAF)	未爬取
G515	长治南(CAF)	高平东(GVF)	未爬取
G515	高平东(GVF)	晋城东(JGF)	未爬取
G515	晋城东(JGF)	焦作西(JIF)	未爬取
G515	焦作西(JIF)	焦作(JOF)	未爬取
G515	焦作(JOF)	郑州(ZZF)	未爬取
G515	郑州(ZZF)	许昌东(XVF)	未爬取
G515	许昌东(XVF)	驻马店西(ZLN)	未爬取
G515	驻马店西(ZLN)	信阳东(OYN)	未爬取
G515	信阳东(OYN)	汉口(HKN)	未爬取
G5151	湛江北(ZMQ)	阳江北(YLQ)	全车放弃
G5151	阳江北(YLQ)	阳春东(YBQ)	未爬取
G5151	阳春东(YBQ)	广州(GZQ)	未爬取
G5151	广州(GZQ)	广州新塘(XWQ)	未爬取
G5151	广州新塘(XWQ)	东莞(RTQ)	未爬取
G5151	东莞(RTQ)	深圳(SZQ)	未爬取
G5152	深圳(SZQ)	东莞(RTQ)	全车放弃
G5152	东莞(RTQ)	广州新塘(XWQ)	未爬取
G5152	广州新塘(XWQ)	广州(GZQ)	未爬取
G5152	广州(GZQ)	佛山(FSQ)	未爬取
G5152	佛山(FSQ)	新兴南(XPQ)	未爬取
G5152	新兴南(XPQ)	阳春东(YBQ)	未爬取
G5152	阳春东(YBQ)	阳江北(YLQ)	未爬取
G5152	阳江北(YLQ)	茂名南(MRQ)	未爬取
G5152	茂名南(MRQ)	吴川(WAQ)	未爬取
G5152	吴川(WAQ)	湛江北(ZMQ)	未爬取
G5155	湛江北(ZMQ)	茂名南(MRQ)	全车放弃
G5155	茂名南(MRQ)	马踏(PWQ)	未爬取
G5155	马踏(PWQ)	阳春东(YBQ)	未爬取
G5155	阳春东(YBQ)	佛山(FSQ)	未爬取
G5155	佛山(FSQ)	广州(GZQ)	未爬取
G5155	广州(GZQ)	广州东(GGQ)	未爬取
G5155	广州东(GGQ)	广州新塘(XWQ)	未爬取
G5155	广州新塘(XWQ)	东莞(RTQ)	未爬取
G5155	东莞(RTQ)	深圳(SZQ)	未爬取
G5156	深圳(SZQ)	东莞(RTQ)	全车放弃
G5156	东莞(RTQ)	广州新塘(XWQ)	未爬取
G5156	广州新塘(XWQ)	广州东(GGQ)	未爬取
G5156	广州东(GGQ)	广州(GZQ)	未爬取
G5156	广州(GZQ)	新兴南(XPQ)	未爬取
G5156	新兴南(XPQ)	阳江北(YLQ)	未爬取
G5156	阳江北(YLQ)	茂名南(MRQ)	未爬取
G5156	茂名南(MRQ)	湛江北(ZMQ)	未爬取
G5159	湛江北(ZMQ)	吴川(WAQ)	全车放弃
G5159	吴川(WAQ)	茂名南(MRQ)	未爬取
G5159	茂名南(MRQ)	阳春东(YBQ)	未爬取
G5159	阳春东(YBQ)	新兴南(XPQ)	未爬取
G5159	新兴南(XPQ)	广州(GZQ)	未爬取
G5159	广州(GZQ)	广州新塘(XWQ)	未爬取
G5159	广州新塘(XWQ)	东莞(RTQ)	未爬取
G5159	东莞(RTQ)	深圳(SZQ)	未爬取
G516	汉口(HKN)	信阳东(OYN)	全车放弃
G516	信阳东(OYN)	驻马店西(ZLN)	未爬取
G516	驻马店西(ZLN)	漯河西(LBN)	未爬取
G516	漯河西(LBN)	郑州(ZZF)	未爬取
G516	郑州(ZZF)	焦作(JOF)	未爬取
G516	焦作(JOF)	高平东(GVF)	未爬取
G516	高平东(GVF)	长治东(CUF)	未爬取
G516	长治东(CUF)	太谷东(TEV)	未爬取
G516	太谷东(TEV)	太原南(TNV)	未爬取
G516	太原南(TNV)	忻州西(IXV)	未爬取
G516	忻州西(IXV)	原平西(IPV)	未爬取
G516	原平西(IPV)	雁门关(RDV)	未爬取
G516	雁门关(RDV)	朔州东(OZV)	未爬取
G516	朔州东(OZV)	大同南(DMV)	未爬取
G516	大同南(DMV)	乌兰察布(WPC)	未爬取
G516	乌兰察布(WPC)	呼和浩特东(NDC)	未爬取
G5160	深圳(SZQ)	东莞(RTQ)	全车放弃
G5160	东莞(RTQ)	广州新塘(XWQ)	未爬取
G5160	广州新塘(XWQ)	广州东(GGQ)	未爬取
G5160	广州东(GGQ)	广州(GZQ)	未爬取
G5160	广州(GZQ)	佛山(FSQ)	未爬取
G5160	佛山(FSQ)	新兴南(XPQ)	未爬取
G5160	新兴南(XPQ)	阳春东(YBQ)	未爬取
G5160	阳春东(YBQ)	茂名南(MRQ)	未爬取
G5160	茂名南(MRQ)	湛江北(ZMQ)	未爬取
G5163	湛江北(ZMQ)	茂名南(MRQ)	全车放弃
G5163	茂名南(MRQ)	广州(GZQ)	未爬取
G5163	广州(GZQ)	深圳(SZQ)	未爬取
G5164	深圳(SZQ)	东莞(RTQ)	全车放弃
G5164	东莞(RTQ)	广州(GZQ)	未爬取
G5164	广州(GZQ)	佛山(FSQ)	未爬取
G5164	佛山(FSQ)	新兴南(XPQ)	未爬取
G5164	新兴南(XPQ)	阳江北(YLQ)	未爬取
G5164	阳江北(YLQ)	茂名南(MRQ)	未爬取
G5164	茂名南(MRQ)	吴川(WAQ)	未爬取
G5164	吴川(WAQ)	湛江北(ZMQ)	未爬取
G5167	湛江北(ZMQ)	茂名南(MRQ)	全车放弃
G5167	茂名南(MRQ)	阳江北(YLQ)	未爬取
G5167	阳江北(YLQ)	新兴南(XPQ)	未爬取
G5167	新兴南(XPQ)	佛山(FSQ)	未爬取
G5167	佛山(FSQ)	广州(GZQ)	未爬取
G5167	广州(GZQ)	东莞(RTQ)	未爬取
G5167	东莞(RTQ)	深圳(SZQ)	未爬取
G5168	深圳(SZQ)	东莞(RTQ)	全车放弃
G5168	东莞(RTQ)	广州(GZQ)	未爬取
G5168	广州(GZQ)	茂名南(MRQ)	未爬取
G5168	茂名南(MRQ)	湛江北(ZMQ)	未爬取
G517	大连北(DFT)	沈阳北(SBT)	全车放弃
G517	沈阳北(SBT)	长春西(CRT)	未爬取
G517	长春西(CRT)	哈尔滨西(VAB)	未爬取
G5170	湛江北(ZMQ)	茂名南(MRQ)	全车放弃
G5170	茂名南(MRQ)	佛山(FSQ)	未爬取
G5170	佛山(FSQ)	广州(GZQ)	未爬取
G5171	广州(GZQ)	佛山(FSQ)	全车放弃
G5171	佛山(FSQ)	阳春东(YBQ)	未爬取
G5171	阳春东(YBQ)	茂名南(MRQ)	未爬取
G5171	茂名南(MRQ)	湛江北(ZMQ)	未爬取
G5172	湛江北(ZMQ)	茂名南(MRQ)	全车放弃
G5172	茂名南(MRQ)	阳春东(YBQ)	未爬取
G5172	阳春东(YBQ)	佛山(FSQ)	未爬取
G5172	佛山(FSQ)	广州白云(GBA)	未爬取
G5173	广州白云(GBA)	佛山(FSQ)	全车放弃
G5173	佛山(FSQ)	新兴南(XPQ)	未爬取
G5173	新兴南(XPQ)	阳春东(YBQ)	未爬取
G5173	阳春东(YBQ)	阳江北(YLQ)	未爬取
G5173	阳江北(YLQ)	茂名南(MRQ)	未爬取
G5173	茂名南(MRQ)	湛江北(ZMQ)	未爬取
G5174	湛江北(ZMQ)	吴川(WAQ)	全车放弃
G5174	吴川(WAQ)	茂名南(MRQ)	未爬取
G5174	茂名南(MRQ)	新兴南(XPQ)	未爬取
G5174	新兴南(XPQ)	佛山(FSQ)	未爬取
G5174	佛山(FSQ)	广州白云(GBA)	未爬取
G5175	广州白云(GBA)	佛山(FSQ)	全车放弃
G5175	佛山(FSQ)	新兴南(XPQ)	未爬取
G5175	新兴南(XPQ)	阳江北(YLQ)	未爬取
G5175	阳江北(YLQ)	马踏(PWQ)	未爬取
G5175	马踏(PWQ)	茂名南(MRQ)	未爬取
G5175	茂名南(MRQ)	湛江北(ZMQ)	未爬取
G5176	湛江北(ZMQ)	吴川(WAQ)	全车放弃
G5176	吴川(WAQ)	茂名南(MRQ)	未爬取
G5176	茂名南(MRQ)	阳江北(YLQ)	未爬取
G5176	阳江北(YLQ)	佛山(FSQ)	未爬取
G5176	佛山(FSQ)	广州白云(GBA)	未爬取
G5177	广州白云(GBA)	佛山(FSQ)	全车放弃
G5177	佛山(FSQ)	新兴南(XPQ)	未爬取
G5177	新兴南(XPQ)	阳春东(YBQ)	未爬取
G5177	阳春东(YBQ)	茂名南(MRQ)	未爬取
G5177	茂名南(MRQ)	吴川(WAQ)	未爬取
G5177	吴川(WAQ)	湛江北(ZMQ)	未爬取
G5178	湛江北(ZMQ)	茂名南(MRQ)	全车放弃
G5178	茂名南(MRQ)	马踏(PWQ)	未爬取
G5178	马踏(PWQ)	阳春东(YBQ)	未爬取
G5178	阳春东(YBQ)	新兴南(XPQ)	未爬取
G5178	新兴南(XPQ)	佛山(FSQ)	未爬取
G5178	佛山(FSQ)	广州白云(GBA)	未爬取
G5179	广州白云(GBA)	佛山(FSQ)	全车放弃
G5179	佛山(FSQ)	阳江北(YLQ)	未爬取
G5179	阳江北(YLQ)	马踏(PWQ)	未爬取
G5179	马踏(PWQ)	茂名南(MRQ)	未爬取
G5179	茂名南(MRQ)	湛江北(ZMQ)	未爬取
G518	哈尔滨西(VAB)	长春西(CRT)	全车放弃
G518	长春西(CRT)	沈阳北(SBT)	未爬取
G518	沈阳北(SBT)	大连北(DFT)	未爬取
G5180	湛江北(ZMQ)	茂名南(MRQ)	全车放弃
G5180	茂名南(MRQ)	阳江北(YLQ)	未爬取
G5180	阳江北(YLQ)	阳春东(YBQ)	未爬取
G5180	阳春东(YBQ)	佛山(FSQ)	未爬取
G5180	佛山(FSQ)	广州(GZQ)	未爬取
G5181	广州新塘(XWQ)	广州(GZQ)	全车放弃
G5181	广州(GZQ)	佛山(FSQ)	未爬取
G5181	佛山(FSQ)	新兴南(XPQ)	未爬取
G5181	新兴南(XPQ)	阳江北(YLQ)	未爬取
G5181	阳江北(YLQ)	茂名南(MRQ)	未爬取
G5181	茂名南(MRQ)	吴川(WAQ)	未爬取
G5181	吴川(WAQ)	湛江北(ZMQ)	未爬取
G5183	广州(GZQ)	佛山(FSQ)	全车放弃
G5183	佛山(FSQ)	新兴南(XPQ)	未爬取
G5183	新兴南(XPQ)	阳江北(YLQ)	未爬取
G5183	阳江北(YLQ)	茂名南(MRQ)	未爬取
G5183	茂名南(MRQ)	湛江北(ZMQ)	未爬取
G5184	湛江北(ZMQ)	茂名南(MRQ)	全车放弃
G5184	茂名南(MRQ)	马踏(PWQ)	未爬取
G5184	马踏(PWQ)	阳江北(YLQ)	未爬取
G5184	阳江北(YLQ)	阳春东(YBQ)	未爬取
G5184	阳春东(YBQ)	佛山(FSQ)	未爬取
G5184	佛山(FSQ)	广州白云(GBA)	未爬取
G5185	广州白云(GBA)	新兴南(XPQ)	全车放弃
G5185	新兴南(XPQ)	阳春东(YBQ)	未爬取
G5185	阳春东(YBQ)	马踏(PWQ)	未爬取
G5185	马踏(PWQ)	茂名南(MRQ)	未爬取
G5185	茂名南(MRQ)	湛江北(ZMQ)	未爬取
G5186	湛江北(ZMQ)	茂名南(MRQ)	全车放弃
G5186	茂名南(MRQ)	马踏(PWQ)	未爬取
G5186	马踏(PWQ)	阳江北(YLQ)	未爬取
G5186	阳江北(YLQ)	阳春东(YBQ)	未爬取
G5186	阳春东(YBQ)	新兴南(XPQ)	未爬取
G5186	新兴南(XPQ)	佛山(FSQ)	未爬取
G5186	佛山(FSQ)	广州(GZQ)	未爬取
G5187	广州(GZQ)	佛山(FSQ)	全车放弃
G5187	佛山(FSQ)	阳春东(YBQ)	未爬取
G5187	阳春东(YBQ)	茂名南(MRQ)	未爬取
G5187	茂名南(MRQ)	湛江北(ZMQ)	未爬取
G5189	广州白云(GBA)	佛山(FSQ)	全车放弃
G5189	佛山(FSQ)	新兴南(XPQ)	未爬取
G5189	新兴南(XPQ)	阳春东(YBQ)	未爬取
G5189	阳春东(YBQ)	阳江北(YLQ)	未爬取
G5189	阳江北(YLQ)	马踏(PWQ)	未爬取
G5189	马踏(PWQ)	茂名南(MRQ)	未爬取
G5189	茂名南(MRQ)	吴川(WAQ)	未爬取
G5189	吴川(WAQ)	湛江北(ZMQ)	未爬取
G519	大连北(DFT)	沈阳北(SBT)	全车放弃
G519	沈阳北(SBT)	长春西(CRT)	未爬取
G519	长春西(CRT)	哈尔滨西(VAB)	未爬取
G5190	湛江北(ZMQ)	阳春东(YBQ)	全车放弃
G5190	阳春东(YBQ)	新兴南(XPQ)	未爬取
G5190	新兴南(XPQ)	佛山(FSQ)	未爬取
G5190	佛山(FSQ)	广州白云(GBA)	未爬取
G5191	广州(GZQ)	阳春东(YBQ)	全车放弃
G5191	阳春东(YBQ)	茂名南(MRQ)	未爬取
G5191	茂名南(MRQ)	吴川(WAQ)	未爬取
G5191	吴川(WAQ)	湛江北(ZMQ)	未爬取
G5192	湛江北(ZMQ)	茂名南(MRQ)	全车放弃
G5192	茂名南(MRQ)	阳江北(YLQ)	未爬取
G5192	阳江北(YLQ)	佛山(FSQ)	未爬取
G5192	佛山(FSQ)	广州白云(GBA)	未爬取
G5193	广州白云(GBA)	佛山(FSQ)	全车放弃
G5193	佛山(FSQ)	新兴南(XPQ)	未爬取
G5193	新兴南(XPQ)	阳江北(YLQ)	未爬取
G5193	阳江北(YLQ)	马踏(PWQ)	未爬取
G5193	马踏(PWQ)	茂名南(MRQ)	未爬取
G5193	茂名南(MRQ)	湛江北(ZMQ)	未爬取
G5196	湛江北(ZMQ)	茂名南(MRQ)	全车放弃
G5196	茂名南(MRQ)	马踏(PWQ)	未爬取
G5196	马踏(PWQ)	阳江北(YLQ)	未爬取
G5196	阳江北(YLQ)	新兴南(XPQ)	未爬取
G5196	新兴南(XPQ)	广州(GZQ)	未爬取
G5198	湛江北(ZMQ)	吴川(WAQ)	全车放弃
G5198	吴川(WAQ)	茂名南(MRQ)	未爬取
G5198	茂名南(MRQ)	阳春东(YBQ)	未爬取
G5198	阳春东(YBQ)	新兴南(XPQ)	未爬取
G5198	新兴南(XPQ)	广州(GZQ)	未爬取
G5199	广州(GZQ)	佛山(FSQ)	全车放弃
G5199	佛山(FSQ)	新兴南(XPQ)	未爬取
G5199	新兴南(XPQ)	阳春东(YBQ)	未爬取
G5199	阳春东(YBQ)	茂名南(MRQ)	未爬取
G5199	茂名南(MRQ)	吴川(WAQ)	未爬取
G5199	吴川(WAQ)	湛江北(ZMQ)	未爬取
G52	合肥南(ENH)	徐州东(UUH)	全车放弃
G52	徐州东(UUH)	北京南(VNP)	未爬取
G520	哈尔滨西(VAB)	长春西(CRT)	全车放弃
G520	长春西(CRT)	沈阳北(SBT)	未爬取
G520	沈阳北(SBT)	大连北(DFT)	未爬取
G5200	湛江北(ZMQ)	茂名南(MRQ)	全车放弃
G5200	茂名南(MRQ)	阳春东(YBQ)	未爬取
G5200	阳春东(YBQ)	广州(GZQ)	未爬取
G5203	广州白云(GBA)	新兴南(XPQ)	全车放弃
G5203	新兴南(XPQ)	茂名南(MRQ)	未爬取
G5203	茂名南(MRQ)	湛江北(ZMQ)	未爬取
G5204	湛江北(ZMQ)	茂名南(MRQ)	全车放弃
G5204	茂名南(MRQ)	阳春东(YBQ)	未爬取
G5204	阳春东(YBQ)	佛山(FSQ)	未爬取
G5204	佛山(FSQ)	广州(GZQ)	未爬取
G5207	广州(GZQ)	阳春东(YBQ)	全车放弃
G5207	阳春东(YBQ)	阳江北(YLQ)	未爬取
G5207	阳江北(YLQ)	茂名南(MRQ)	未爬取
G5207	茂名南(MRQ)	吴川(WAQ)	未爬取
G5207	吴川(WAQ)	湛江北(ZMQ)	未爬取
G521	北京西(BXP)	保定东(BMP)	全车放弃
G521	保定东(BMP)	石家庄(SJP)	未爬取
G521	石家庄(SJP)	邢台东(EDP)	未爬取
G521	邢台东(EDP)	鹤壁东(HFF)	未爬取
G521	鹤壁东(HFF)	新乡东(EGF)	未爬取
G521	新乡东(EGF)	郑州东(ZAF)	未爬取
G521	郑州东(ZAF)	许昌东(XVF)	未爬取
G521	许昌东(XVF)	驻马店西(ZLN)	未爬取
G521	驻马店西(ZLN)	信阳东(OYN)	未爬取
G521	信阳东(OYN)	武汉(WHN)	未爬取
G5215	广州(GZQ)	佛山(FSQ)	全车放弃
G5215	佛山(FSQ)	阳江北(YLQ)	未爬取
G5215	阳江北(YLQ)	茂名南(MRQ)	未爬取
G5215	茂名南(MRQ)	湛江北(ZMQ)	未爬取
G5216	湛江北(ZMQ)	茂名南(MRQ)	全车放弃
G5216	茂名南(MRQ)	马踏(PWQ)	未爬取
G5216	马踏(PWQ)	阳春东(YBQ)	未爬取
G5216	阳春东(YBQ)	广州白云(GBA)	未爬取
G522	武汉(WHN)	孝感北(XJN)	全车放弃
G522	孝感北(XJN)	信阳东(OYN)	未爬取
G522	信阳东(OYN)	驻马店西(ZLN)	未爬取
G522	驻马店西(ZLN)	漯河西(LBN)	未爬取
G522	漯河西(LBN)	郑州东(ZAF)	未爬取
G522	郑州东(ZAF)	新乡东(EGF)	未爬取
G522	新乡东(EGF)	安阳东(ADF)	未爬取
G522	安阳东(ADF)	石家庄(SJP)	未爬取
G522	石家庄(SJP)	定州东(DOP)	未爬取
G522	定州东(DOP)	保定东(BMP)	未爬取
G522	保定东(BMP)	北京西(BXP)	未爬取
G5220	湛江北(ZMQ)	吴川(WAQ)	全车放弃
G5220	吴川(WAQ)	茂名南(MRQ)	未爬取
G5220	茂名南(MRQ)	阳江北(YLQ)	未爬取
G5220	阳江北(YLQ)	新兴南(XPQ)	未爬取
G5220	新兴南(XPQ)	广州白云(GBA)	未爬取
G5227	广州白云(GBA)	佛山(FSQ)	全车放弃
G5227	佛山(FSQ)	阳春东(YBQ)	未爬取
G5227	阳春东(YBQ)	茂名南(MRQ)	未爬取
G5227	茂名南(MRQ)	吴川(WAQ)	未爬取
G5227	吴川(WAQ)	湛江北(ZMQ)	未爬取
G5228	湛江北(ZMQ)	茂名南(MRQ)	全车放弃
G5228	茂名南(MRQ)	阳春东(YBQ)	未爬取
G5228	阳春东(YBQ)	新兴南(XPQ)	未爬取
G5228	新兴南(XPQ)	广州(GZQ)	未爬取
G523	天津西(TXP)	沧州西(CBP)	全车放弃
G523	沧州西(CBP)	德州东(DIP)	未爬取
G523	德州东(DIP)	齐河(QIK)	未爬取
G523	齐河(QIK)	济南东(MDK)	未爬取
G523	济南东(MDK)	淄博北(ZRK)	未爬取
G523	淄博北(ZRK)	潍坊北(WJK)	未爬取
G523	潍坊北(WJK)	青岛(QDK)	未爬取
G5231	广州白云(GBA)	新兴南(XPQ)	全车放弃
G5231	新兴南(XPQ)	阳春东(YBQ)	未爬取
G5231	阳春东(YBQ)	茂名南(MRQ)	未爬取
G5231	茂名南(MRQ)	湛江北(ZMQ)	未爬取
G5239	广州(GZQ)	新兴南(XPQ)	全车放弃
G5239	新兴南(XPQ)	阳春东(YBQ)	未爬取
G5239	阳春东(YBQ)	阳江北(YLQ)	未爬取
G5239	阳江北(YLQ)	茂名南(MRQ)	未爬取
G5239	茂名南(MRQ)	湛江北(ZMQ)	未爬取
G524	青岛(QDK)	胶州北(JZK)	全车放弃
G524	胶州北(JZK)	潍坊北(WJK)	未爬取
G524	潍坊北(WJK)	济南东(MDK)	未爬取
G524	济南东(MDK)	德州东(DIP)	未爬取
G524	德州东(DIP)	沧州西(CBP)	未爬取
G524	沧州西(CBP)	天津南(TIP)	未爬取
G524	天津南(TIP)	天津西(TXP)	未爬取
G5240	湛江北(ZMQ)	吴川(WAQ)	全车放弃
G5240	吴川(WAQ)	茂名南(MRQ)	未爬取
G5240	茂名南(MRQ)	阳江北(YLQ)	未爬取
G5240	阳江北(YLQ)	新兴南(XPQ)	未爬取
G5240	新兴南(XPQ)	广州(GZQ)	未爬取
G5240	广州(GZQ)	广州新塘(XWQ)	未爬取
G5244	湛江北(ZMQ)	吴川(WAQ)	全车放弃
G5244	吴川(WAQ)	茂名南(MRQ)	未爬取
G5244	茂名南(MRQ)	阳春东(YBQ)	未爬取
G5244	阳春东(YBQ)	新兴南(XPQ)	未爬取
G5244	新兴南(XPQ)	广州白云(GBA)	未爬取
G525	北京西(BXP)	保定东(BMP)	全车放弃
G525	保定东(BMP)	石家庄(SJP)	未爬取
G525	石家庄(SJP)	邢台东(EDP)	未爬取
G525	邢台东(EDP)	安阳东(ADF)	未爬取
G525	安阳东(ADF)	新乡东(EGF)	未爬取
G525	新乡东(EGF)	郑州东(ZAF)	未爬取
G525	郑州东(ZAF)	许昌东(XVF)	未爬取
G525	许昌东(XVF)	漯河西(LBN)	未爬取
G525	漯河西(LBN)	信阳东(OYN)	未爬取
G525	信阳东(OYN)	武汉(WHN)	未爬取
G5252	广州(GZQ)	广州新塘(XWQ)	全车放弃
G5252	广州新塘(XWQ)	惠州北(HUA)	未爬取
G5252	惠州北(HUA)	五华(WHA)	未爬取
G5252	五华(WHA)	梅州西(MXA)	未爬取
G5252	梅州西(MXA)	丰顺东(FDA)	未爬取
G5252	丰顺东(FDA)	揭阳(JYA)	未爬取
G5252	揭阳(JYA)	揭阳机场(JUA)	未爬取
G5252	揭阳机场(JUA)	潮汕(CBQ)	未爬取
G5252	潮汕(CBQ)	潮安(CMQ)	未爬取
G5252	潮安(CMQ)	汕头(OTQ)	未爬取
G5252	汕头(OTQ)	潮南(CHA)	未爬取
G5252	潮南(CHA)	惠来(HGA)	未爬取
G5252	惠来(HGA)	陆丰东(LDA)	未爬取
G5252	陆丰东(LDA)	陆丰南(LAA)	未爬取
G5252	陆丰南(LAA)	汕尾(OGQ)	未爬取
G5252	汕尾(OGQ)	惠东(KDA)	未爬取
G5252	惠东(KDA)	惠州南(KNA)	未爬取
G5252	惠州南(KNA)	仲恺(ZKA)	未爬取
G5252	仲恺(ZKA)	深圳(SZQ)	未爬取
G5255	深圳(SZQ)	汕尾(OGQ)	全车放弃
G5255	汕尾(OGQ)	惠来(HGA)	未爬取
G5255	惠来(HGA)	汕头(OTQ)	未爬取
G5255	汕头(OTQ)	潮汕(CBQ)	未爬取
G5255	潮汕(CBQ)	揭阳机场(JUA)	未爬取
G5255	揭阳机场(JUA)	揭阳(JYA)	未爬取
G5255	揭阳(JYA)	丰顺东(FDA)	未爬取
G5255	丰顺东(FDA)	梅州西(MXA)	未爬取
G5255	梅州西(MXA)	兴宁南(XNA)	未爬取
G5255	兴宁南(XNA)	五华(WHA)	未爬取
G5255	五华(WHA)	龙川西(LCA)	未爬取
G5255	龙川西(LCA)	惠州北(HUA)	未爬取
G5255	惠州北(HUA)	深  圳(@深  圳)	未爬取
G5256	深圳(SZQ)	仲恺(ZKA)	全车放弃
G5256	仲恺(ZKA)	惠州北(HUA)	未爬取
G5256	惠州北(HUA)	河源东(HEA)	未爬取
G5256	河源东(HEA)	龙川西(LCA)	未爬取
G5256	龙川西(LCA)	五华(WHA)	未爬取
G5256	五华(WHA)	兴宁南(XNA)	未爬取
G5256	兴宁南(XNA)	梅州西(MXA)	未爬取
G5256	梅州西(MXA)	丰顺东(FDA)	未爬取
G5256	丰顺东(FDA)	揭阳(JYA)	未爬取
G5256	揭阳(JYA)	揭阳机场(JUA)	未爬取
G5256	揭阳机场(JUA)	潮汕(CBQ)	未爬取
G5256	潮汕(CBQ)	汕头(OTQ)	未爬取
G5256	汕头(OTQ)	汕头南(SNA)	未爬取
G5256	汕头南(SNA)	潮南(CHA)	未爬取
G5256	潮南(CHA)	惠来(HGA)	未爬取
G5256	惠来(HGA)	汕尾(OGQ)	未爬取
G5256	汕尾(OGQ)	惠东(KDA)	未爬取
G5256	惠东(KDA)	惠州南(KNA)	未爬取
G5256	惠州南(KNA)	深  圳(@深  圳)	未爬取
G526	武汉(WHN)	郑州东(ZAF)	全车放弃
G526	郑州东(ZAF)	新乡东(EGF)	未爬取
G526	新乡东(EGF)	石家庄(SJP)	未爬取
G526	石家庄(SJP)	保定东(BMP)	未爬取
G526	保定东(BMP)	北京西(BXP)	未爬取
G526	北京西(BXP)	北京(BJP)	未爬取
G5260	深圳(SZQ)	惠州南(KNA)	全车放弃
G5260	惠州南(KNA)	惠东(KDA)	未爬取
G5260	惠东(KDA)	汕尾(OGQ)	未爬取
G5260	汕尾(OGQ)	惠来(HGA)	未爬取
G5260	惠来(HGA)	汕头(OTQ)	未爬取
G5260	汕头(OTQ)	潮汕(CBQ)	未爬取
G5260	潮汕(CBQ)	揭阳机场(JUA)	未爬取
G5260	揭阳机场(JUA)	揭阳(JYA)	未爬取
G5260	揭阳(JYA)	梅州西(MXA)	未爬取
G5260	梅州西(MXA)	兴宁南(XNA)	未爬取
G5260	兴宁南(XNA)	五华(WHA)	未爬取
G5260	五华(WHA)	河源东(HEA)	未爬取
G5260	河源东(HEA)	惠州北(HUA)	未爬取
G5260	惠州北(HUA)	增城(ZCA)	未爬取
G5260	增城(ZCA)	广州新塘(XWQ)	未爬取
G5260	广州新塘(XWQ)	广州东(GGQ)	未爬取
G5266	深圳(SZQ)	惠州北(HUA)	全车放弃
G5266	惠州北(HUA)	河源东(HEA)	未爬取
G5266	河源东(HEA)	龙川西(LCA)	未爬取
G5266	龙川西(LCA)	五华(WHA)	未爬取
G5266	五华(WHA)	兴宁南(XNA)	未爬取
G5266	兴宁南(XNA)	梅州西(MXA)	未爬取
G5266	梅州西(MXA)	丰顺东(FDA)	未爬取
G5266	丰顺东(FDA)	揭阳(JYA)	未爬取
G5266	揭阳(JYA)	揭阳机场(JUA)	未爬取
G5266	揭阳机场(JUA)	潮汕(CBQ)	未爬取
G5266	潮汕(CBQ)	汕头(OTQ)	未爬取
G5266	汕头(OTQ)	汕头南(SNA)	未爬取
G5266	汕头南(SNA)	潮南(CHA)	未爬取
G5266	潮南(CHA)	惠来(HGA)	未爬取
G5266	惠来(HGA)	汕尾(OGQ)	未爬取
G5266	汕尾(OGQ)	惠东(KDA)	未爬取
G5266	惠东(KDA)	惠州南(KNA)	未爬取
G5266	惠州南(KNA)	深  圳(@深  圳)	未爬取
G527	北京西(BXP)	保定东(BMP)	全车放弃
G527	保定东(BMP)	石家庄(SJP)	未爬取
G527	石家庄(SJP)	邯郸东(HPP)	未爬取
G527	邯郸东(HPP)	安阳东(ADF)	未爬取
G527	安阳东(ADF)	郑州东(ZAF)	未爬取
G527	郑州东(ZAF)	漯河西(LBN)	未爬取
G527	漯河西(LBN)	驻马店西(ZLN)	未爬取
G527	驻马店西(ZLN)	信阳东(OYN)	未爬取
G527	信阳东(OYN)	武汉(WHN)	未爬取
G5281	临沂北(UMK)	费县北(FBK)	全车放弃
G5281	费县北(FBK)	蒙山(MOK)	未爬取
G5281	蒙山(MOK)	曲阜东(QAK)	未爬取
G5281	曲阜东(QAK)	曲阜南(QQK)	未爬取
G5281	曲阜南(QQK)	济宁北(MIK)	未爬取
G5281	济宁北(MIK)	嘉祥北(MXK)	未爬取
G5281	嘉祥北(MXK)	巨野北(MYK)	未爬取
G5281	巨野北(MYK)	菏泽东(KDK)	未爬取
G5282	菏泽东(KDK)	嘉祥北(MXK)	全车放弃
G5282	嘉祥北(MXK)	济宁北(MIK)	未爬取
G5282	济宁北(MIK)	曲阜东(QAK)	未爬取
G5282	曲阜东(QAK)	泰安(TMK)	未爬取
G5282	泰安(TMK)	济南(JNK)	未爬取
G5283	济南(JNK)	淄博(ZBK)	全车放弃
G5283	淄博(ZBK)	潍坊(WFK)	未爬取
G5283	潍坊(WFK)	胶州北(JZK)	未爬取
G5283	胶州北(JZK)	荣成(RCK)	未爬取
G5283	荣成(RCK)	威海(WKK)	未爬取
G5284	烟台(YAK)	海阳北(HEK)	全车放弃
G5284	海阳北(HEK)	莱西(LBK)	未爬取
G5284	莱西(LBK)	潍坊(WFK)	未爬取
G5284	潍坊(WFK)	济南(JNK)	未爬取
G5285	青岛北(QHK)	平度(PNK)	全车放弃
G5286	平度(PNK)	即墨北(JVK)	全车放弃
G5286	即墨北(JVK)	青岛北(QHK)	未爬取
G5287	临沂北(UMK)	蒙山(MOK)	全车放弃
G5287	蒙山(MOK)	济宁东(MNK)	未爬取
G5287	济宁东(MNK)	巨野北(MYK)	未爬取
G5287	巨野北(MYK)	菏泽东(KDK)	未爬取
G5288	菏泽东(KDK)	巨野北(MYK)	全车放弃
G5288	巨野北(MYK)	嘉祥北(MXK)	未爬取
G5288	嘉祥北(MXK)	济宁北(MIK)	未爬取
G5288	济宁北(MIK)	曲阜东(QAK)	未爬取
G5288	曲阜东(QAK)	临沂北(UMK)	未爬取
G529	北京西(BXP)	保定东(BMP)	全车放弃
G529	保定东(BMP)	石家庄(SJP)	未爬取
G529	石家庄(SJP)	邯郸东(HPP)	未爬取
G529	邯郸东(HPP)	安阳东(ADF)	未爬取
G529	安阳东(ADF)	新乡东(EGF)	未爬取
G529	新乡东(EGF)	郑州东(ZAF)	未爬取
G529	郑州东(ZAF)	驻马店西(ZLN)	未爬取
G529	驻马店西(ZLN)	信阳东(OYN)	未爬取
G529	信阳东(OYN)	汉口(HKN)	未爬取
G529	汉口(HKN)	汉川(HCN)	未爬取
G529	汉川(HCN)	潜江(QJN)	未爬取
G529	潜江(QJN)	荆州(JBN)	未爬取
G529	荆州(JBN)	宜昌东(HAN)	未爬取
G5290	菏泽东(KDK)	济宁北(MIK)	全车放弃
G5291	济南(JNK)	潍坊(WFK)	全车放弃
G5291	潍坊(WFK)	日照西(KZK)	未爬取
G5291	日照西(KZK)	莒南北(VNK)	未爬取
G5291	莒南北(VNK)	临沂北(UMK)	未爬取
G5292	烟台(YAK)	海阳北(HEK)	全车放弃
G5292	海阳北(HEK)	潍坊北(WJK)	未爬取
G5292	潍坊北(WJK)	淄博北(ZRK)	未爬取
G5292	淄博北(ZRK)	济南东(MDK)	未爬取
G5292	济南东(MDK)	济南西(JGK)	未爬取
G5292	济南西(JGK)	曲阜东(QAK)	未爬取
G5292	曲阜东(QAK)	临沂北(UMK)	未爬取
G5293	济南西(JGK)	济南(JNK)	全车放弃
G5293	济南(JNK)	章丘(ZTK)	未爬取
G5293	章丘(ZTK)	淄博(ZBK)	未爬取
G5293	淄博(ZBK)	潍坊(WFK)	未爬取
G5293	潍坊(WFK)	荣成(RCK)	未爬取
G5293	荣成(RCK)	威海北(WHK)	未爬取
G5293	威海北(WHK)	牟平(MBK)	未爬取
G5294	菏泽东(KDK)	巨野北(MYK)	全车放弃
G5294	巨野北(MYK)	济宁北(MIK)	未爬取
G5294	济宁北(MIK)	曲阜东(QAK)	未爬取
G5294	曲阜东(QAK)	济南西(JGK)	未爬取
G5296	威海(WKK)	济南东(MDK)	全车放弃
G5298	青岛(QDK)	城阳(CEK)	全车放弃
G5298	城阳(CEK)	潍坊(WFK)	未爬取
G5298	潍坊(WFK)	章丘(ZTK)	未爬取
G5298	章丘(ZTK)	济南(JNK)	未爬取
G5298	济南(JNK)	曲阜东(QAK)	未爬取
G5298	曲阜东(QAK)	济宁北(MIK)	未爬取
G5298	济宁北(MIK)	巨野北(MYK)	未爬取
G5298	巨野北(MYK)	菏泽东(KDK)	未爬取
G53	北京南(VNP)	济南西(JGK)	全车放弃
G53	济南西(JGK)	合肥南(ENH)	未爬取
G530	宜昌东(HAN)	荆州(JBN)	全车放弃
G530	荆州(JBN)	潜江(QJN)	未爬取
G530	潜江(QJN)	汉口(HKN)	未爬取
G530	汉口(HKN)	信阳东(OYN)	未爬取
G530	信阳东(OYN)	驻马店西(ZLN)	未爬取
G530	驻马店西(ZLN)	漯河西(LBN)	未爬取
G530	漯河西(LBN)	郑州东(ZAF)	未爬取
G530	郑州东(ZAF)	鹤壁东(HFF)	未爬取
G530	鹤壁东(HFF)	高邑西(GNP)	未爬取
G530	高邑西(GNP)	石家庄(SJP)	未爬取
G530	石家庄(SJP)	保定东(BMP)	未爬取
G530	保定东(BMP)	北京西(BXP)	未爬取
G5300	烟台(YAK)	莱阳(LYK)	全车放弃
G5300	莱阳(LYK)	莱西(LBK)	未爬取
G5300	莱西(LBK)	城阳(CEK)	未爬取
G5300	城阳(CEK)	青岛西(QUK)	未爬取
G5300	青岛西(QUK)	日照西(KZK)	未爬取
G5300	日照西(KZK)	临沂北(UMK)	未爬取
G5313	厦门(XMS)	厦门北(XKS)	全车放弃
G5313	厦门北(XKS)	福州(FZS)	未爬取
G5313	福州(FZS)	南平市(NOS)	未爬取
G5313	南平市(NOS)	上饶(SRG)	未爬取
G5313	上饶(SRG)	鹰潭北(YKG)	未爬取
G5313	鹰潭北(YKG)	南昌(NCG)	未爬取
G5314	南昌(NCG)	鹰潭北(YKG)	全车放弃
G5314	鹰潭北(YKG)	上饶(SRG)	未爬取
G5314	上饶(SRG)	南平市(NOS)	未爬取
G5314	南平市(NOS)	福州(FZS)	未爬取
G5314	福州(FZS)	厦门北(XKS)	未爬取
G5314	厦门北(XKS)	厦门(XMS)	未爬取
G5317	诏安(ZDS)	云霄(YBS)	全车放弃
G5317	云霄(YBS)	漳浦(ZCS)	未爬取
G5317	漳浦(ZCS)	漳州(ZUS)	未爬取
G5317	漳州(ZUS)	厦门北(XKS)	未爬取
G5317	厦门北(XKS)	泉州南(QNS)	未爬取
G5317	泉州南(QNS)	莆田(PTS)	未爬取
G5317	莆田(PTS)	福州(FZS)	未爬取
G5317	福州(FZS)	延平(YPS)	未爬取
G5317	延平(YPS)	南平市(NOS)	未爬取
G5317	南平市(NOS)	上饶(SRG)	未爬取
G5317	上饶(SRG)	鹰潭北(YKG)	未爬取
G5317	鹰潭北(YKG)	抚州东(FDG)	未爬取
G5317	抚州东(FDG)	南昌南(HOG)	未爬取
G5318	南昌南(HOG)	鹰潭北(YKG)	全车放弃
G5318	鹰潭北(YKG)	上饶(SRG)	未爬取
G5318	上饶(SRG)	南平市(NOS)	未爬取
G5318	南平市(NOS)	建瓯西(JUS)	未爬取
G5318	建瓯西(JUS)	古田北(GBS)	未爬取
G5318	古田北(GBS)	福州(FZS)	未爬取
G5318	福州(FZS)	福州南(FYS)	未爬取
G5318	福州南(FYS)	莆田(PTS)	未爬取
G5318	莆田(PTS)	厦门北(XKS)	未爬取
G5318	厦门北(XKS)	漳州(ZUS)	未爬取
G5318	漳州(ZUS)	诏安(ZDS)	未爬取
G532	上海虹桥(AOH)	无锡东(WGH)	全车放弃
G532	无锡东(WGH)	常州北(ESH)	未爬取
G532	常州北(ESH)	丹阳北(EXH)	未爬取
G532	丹阳北(EXH)	南京南(NKH)	未爬取
G532	南京南(NKH)	定远(EWH)	未爬取
G532	定远(EWH)	济南西(JGK)	未爬取
G532	济南西(JGK)	天津南(TIP)	未爬取
G532	天津南(TIP)	北京南(VNP)	未爬取
G5326	临沂北(UMK)	厉家寨(UPK)	全车放弃
G5326	厉家寨(UPK)	日照(RZK)	未爬取
G5328	临沂北(UMK)	费县北(FBK)	全车放弃
G5328	费县北(FBK)	蒙山(MOK)	未爬取
G5328	蒙山(MOK)	泗水南(ONK)	未爬取
G5328	泗水南(ONK)	曲阜东(QAK)	未爬取
G5328	曲阜东(QAK)	济南西(JGK)	未爬取
G5328	济南西(JGK)	济南东(MDK)	未爬取
G5329	日照(RZK)	厉家寨(UPK)	全车放弃
G5329	厉家寨(UPK)	莒南北(VNK)	未爬取
G5329	莒南北(VNK)	临沂北(UMK)	未爬取
G533	信阳东(OYN)	武汉(WHN)	全车放弃
G533	武汉(WHN)	岳阳东(YIQ)	未爬取
G533	岳阳东(YIQ)	长沙南(CWQ)	未爬取
G533	长沙南(CWQ)	衡山西(HEQ)	未爬取
G533	衡山西(HEQ)	郴州西(ICQ)	未爬取
G533	郴州西(ICQ)	广州白云(GBA)	未爬取
G533	广州白云(GBA)	广州(GZQ)	未爬取
G5330	临沂北(UMK)	莒南北(VNK)	全车放弃
G5330	莒南北(VNK)	日照(RZK)	未爬取
G5331	青岛北(QHK)	平度(PNK)	全车放弃
G5333	平度(PNK)	夏格庄(XZK)	全车放弃
G5333	夏格庄(XZK)	青岛北(QHK)	未爬取
G5333	青岛北(QHK)	青岛(QDK)	未爬取
G534	广州南(IZQ)	韶关(SNQ)	全车放弃
G534	韶关(SNQ)	郴州西(ICQ)	未爬取
G534	郴州西(ICQ)	衡阳东(HVQ)	未爬取
G534	衡阳东(HVQ)	长沙南(CWQ)	未爬取
G534	长沙南(CWQ)	汨罗东(MQQ)	未爬取
G534	汨罗东(MQQ)	岳阳东(YIQ)	未爬取
G534	岳阳东(YIQ)	武汉(WHN)	未爬取
G534	武汉(WHN)	信阳东(OYN)	未爬取
G5342	贵阳北(KQW)	遵义(ZYE)	全车放弃
G5342	遵义(ZYE)	桐梓东(TDE)	未爬取
G5342	桐梓东(TDE)	珞璜南(LNE)	未爬取
G5342	珞璜南(LNE)	重庆西(CXW)	未爬取
G5342	重庆西(CXW)	璧山(FZW)	未爬取
G5342	璧山(FZW)	大足南(FQW)	未爬取
G5342	大足南(FQW)	内江北(NKW)	未爬取
G5342	内江北(NKW)	资阳北(FYW)	未爬取
G5342	资阳北(FYW)	成都东(ICW)	未爬取
G5345	遵义(ZYE)	贵阳北(KQW)	全车放弃
G5345	贵阳北(KQW)	平坝南(PBE)	未爬取
G5345	平坝南(PBE)	安顺西(ASE)	未爬取
G5345	安顺西(ASE)	黄桶北(HBE)	未爬取
G5345	黄桶北(HBE)	六枝南(LOE)	未爬取
G5345	六枝南(LOE)	长箐(CQE)	未爬取
G5345	长箐(CQE)	六盘水(UMW)	未爬取
G5346	六盘水(UMW)	安顺西(ASE)	全车放弃
G5346	安顺西(ASE)	贵阳北(KQW)	未爬取
G5346	贵阳北(KQW)	凯里南(QKW)	未爬取
G5346	凯里南(QKW)	铜仁南(TNW)	未爬取
G5347	重庆西(CXW)	遵义(ZYE)	全车放弃
G5347	遵义(ZYE)	息烽(XFW)	未爬取
G5347	息烽(XFW)	贵阳北(KQW)	未爬取
G5349	贵阳北(KQW)	盘州(PAE)	全车放弃
G5349	盘州(PAE)	保田(BTE)	未爬取
G5349	保田(BTE)	兴义南(XVE)	未爬取
G535	长沙南(CWQ)	株洲西(ZAQ)	全车放弃
G535	株洲西(ZAQ)	衡阳东(HVQ)	未爬取
G535	衡阳东(HVQ)	祁东(QMQ)	未爬取
G535	祁东(QMQ)	永州(AOQ)	未爬取
G535	永州(AOQ)	东安东(DCZ)	未爬取
G535	东安东(DCZ)	全州南(QNZ)	未爬取
G535	全州南(QNZ)	桂林北(GBZ)	未爬取
G5384	兴义南(XVE)	保田(BTE)	全车放弃
G5384	保田(BTE)	盘州(PAE)	未爬取
G5384	盘州(PAE)	普安县(PUE)	未爬取
G5384	普安县(PUE)	贵阳北(KQW)	未爬取
G5384	贵阳北(KQW)	龙洞堡(FVW)	未爬取
G5384	龙洞堡(FVW)	龙里北(KFW)	未爬取
G5384	龙里北(KFW)	贵定县(KIW)	未爬取
G5384	贵定县(KIW)	都匀东(KJW)	未爬取
G5384	都匀东(KJW)	荔波(UBE)	未爬取
G5492	烟台(YAK)	济南东(MDK)	全车放弃
G5557	淄博(ZBK)	济  南(@济  南)	全车放弃
G5558	曲阜东(QAK)	济  南(@济  南)	全车放弃
G5600	莒南北(VNK)	临  沂北(@临  沂北)	全车放弃
G5781	重庆西(CXW)	泸州(LUE)	全车放弃
G5781	泸州(LUE)	南溪(NEE)	未爬取
G5781	南溪(NEE)	宜宾(YKE)	未爬取
G5794	宜宾(YKE)	南溪(NEE)	全车放弃
G5794	南溪(NEE)	泸州(LUE)	未爬取
G5794	泸州(LUE)	永川南(YNE)	未爬取
G5794	永川南(YNE)	江津北(JAE)	未爬取
G5794	江津北(JAE)	重庆西(CXW)	未爬取
G5794	重庆西(CXW)	重庆北(CUW)	未爬取
G5794	重庆北(CUW)	万州北(WZE)	未爬取
G5794	万州北(WZE)	云阳(YUE)	未爬取
G5794	云阳(YUE)	巫山(WOE)	未爬取
G6036	深圳北(IOQ)	虎门(IUQ)	全车放弃
G6036	虎门(IUQ)	广州南(IZQ)	未爬取
G6036	广州南(IZQ)	清远(QBQ)	未爬取
G6036	清远(QBQ)	英德西(IIQ)	未爬取
G6036	英德西(IIQ)	韶关(SNQ)	未爬取
G6036	韶关(SNQ)	郴州西(ICQ)	未爬取
G6100	深圳北(IOQ)	虎门(IUQ)	全车放弃
G6100	虎门(IUQ)	广州南(IZQ)	未爬取
G6100	广州南(IZQ)	郴州西(ICQ)	未爬取
G6100	郴州西(ICQ)	衡阳东(HVQ)	未爬取
G6135	长沙南(CWQ)	株洲西(ZAQ)	全车放弃
G6135	株洲西(ZAQ)	衡阳东(HVQ)	未爬取
G6135	衡阳东(HVQ)	郴州西(ICQ)	未爬取
G6216	深圳北(IOQ)	虎门(IUQ)	全车放弃
G6216	虎门(IUQ)	广州南(IZQ)	未爬取
G6227	广州南(IZQ)	深圳北(IOQ)	全车放弃
G6229	清远(QBQ)	广州南(IZQ)	全车放弃
G6229	广州南(IZQ)	虎门(IUQ)	未爬取
G6229	虎门(IUQ)	深圳北(IOQ)	未爬取
G6250	深圳北(IOQ)	虎门(IUQ)	全车放弃
G6250	虎门(IUQ)	广州南(IZQ)	未爬取
G6250	广州南(IZQ)	广州北(GBQ)	未爬取
G6250	广州北(GBQ)	清远(QBQ)	未爬取
G6344	普宁(PEQ)	潮汕(CBQ)	全车放弃
G6344	潮汕(CBQ)	汕头(OTQ)	未爬取
G6423	长沙南(CWQ)	娄底南(UOQ)	全车放弃
G6423	娄底南(UOQ)	怀化南(KAQ)	未爬取
G6423	怀化南(KAQ)	凤凰古城(FCA)	未爬取
G6423	凤凰古城(FCA)	吉首东(JDA)	未爬取
G6423	吉首东(JDA)	芙蓉镇(FRA)	未爬取
G6423	芙蓉镇(FRA)	张家界西(JXA)	未爬取
G6424	张家界西(JXA)	芙蓉镇(FRA)	全车放弃
G6424	芙蓉镇(FRA)	吉首东(JDA)	未爬取
G6424	吉首东(JDA)	凤凰古城(FCA)	未爬取
G6424	凤凰古城(FCA)	怀化南(KAQ)	未爬取
G6424	怀化南(KAQ)	娄底南(UOQ)	未爬取
G6424	娄底南(UOQ)	长沙南(CWQ)	未爬取
G6729	北京西(BXP)	高碑店东(GMP)	全车放弃
G6729	高碑店东(GMP)	保定东(BMP)	未爬取
G6729	保定东(BMP)	石家庄(SJP)	未爬取
G6729	石家庄(SJP)	邢台东(EDP)	未爬取
G6729	邢台东(EDP)	邯郸东(HPP)	未爬取
G6733	北京丰台(FTP)	保定东(BMP)	全车放弃
G6733	保定东(BMP)	正定机场(ZHP)	未爬取
G6733	正定机场(ZHP)	石家庄(SJP)	未爬取
G6735	北京丰台(FTP)	保定东(BMP)	全车放弃
G6735	保定东(BMP)	定州东(DOP)	未爬取
G6735	定州东(DOP)	石家庄(SJP)	未爬取
G6773	枝江北(ZIN)	宜昌  东(@宜昌  东)	全车放弃
G6774	随县(OVN)	襄阳  东(@襄阳  东)	全车放弃
G6777	潜江(QJN)	宜昌  东(@宜昌  东)	全车放弃
G6778	天河机场(TJN)	襄阳  东(@襄阳  东)	全车放弃
G6871	汉口(HKN)	孝感东(GDN)	全车放弃
G6871	孝感东(GDN)	云梦东(YRN)	未爬取
G6871	云梦东(YRN)	襄阳东(EKN)	未爬取
G6872	十堰东(OUN)	丹江口(DON)	全车放弃
G6872	丹江口(DON)	襄阳东(EKN)	未爬取
G6872	襄阳东(EKN)	枣阳(ZYN)	未爬取
G6872	枣阳(ZYN)	随州南(ONN)	未爬取
G6872	随州南(ONN)	孝感东(GDN)	未爬取
G6872	孝感东(GDN)	汉口(HKN)	未爬取
G6875	汉口(HKN)	孝感东(GDN)	全车放弃
G6875	孝感东(GDN)	云梦东(YRN)	未爬取
G6875	云梦东(YRN)	安陆西(AXN)	未爬取
G6875	安陆西(AXN)	随州南(ONN)	未爬取
G6875	随州南(ONN)	随县(OVN)	未爬取
G6875	随县(OVN)	襄阳东(EKN)	未爬取
G6875	襄阳东(EKN)	谷城北(GBN)	未爬取
G6875	谷城北(GBN)	十堰东(OUN)	未爬取
G6876	襄阳东(EKN)	随县(OVN)	全车放弃
G6876	随县(OVN)	随州南(ONN)	未爬取
G6876	随州南(ONN)	云梦东(YRN)	未爬取
G6876	云梦东(YRN)	孝感东(GDN)	未爬取
G6876	孝感东(GDN)	汉口(HKN)	未爬取
G6894	宜昌北(ABN)	荆门西(MXN)	全车放弃
G6894	荆门西(MXN)	天门(TKN)	未爬取
G6894	天门(TKN)	汉口(HKN)	未爬取
G6895	汉口(HKN)	汉川北(KFN)	全车放弃
G6895	汉川北(KFN)	天门(TKN)	未爬取
G6895	天门(TKN)	荆门西(MXN)	未爬取
G6895	荆门西(MXN)	宜昌北(ABN)	未爬取
G6957	红岛(HQK)	青  岛北(@青  岛北)	全车放弃
G6958	红岛(HQK)	青  岛北(@青  岛北)	全车放弃
G6967	济南东(MDK)	济  南西(@济  南西)	全车放弃
G6968	曲阜东(QAK)	济  南西(@济  南西)	全车放弃
G6977	青岛西(QUK)	青  岛北(@青  岛北)	全车放弃
G6978	邹平(ZLK)	青  岛北(@青  岛北)	全车放弃
G7298	上海西(SXH)	上海(SHH)	全车放弃
G7649	平阳(ARH)	苍南(CEH)	全车放弃
G7703	合肥南(ENH)	芜湖(WHH)	全车放弃
G7703	芜湖(WHH)	宣城(ECH)	未爬取
G7703	宣城(ECH)	宁国南(NIU)	未爬取
G7703	宁国南(NIU)	黄山北(NYH)	未爬取
G7704	黄山北(NYH)	绩溪北(NRH)	全车放弃
G7704	绩溪北(NRH)	宁国南(NIU)	未爬取
G7704	宁国南(NIU)	宣城(ECH)	未爬取
G7704	宣城(ECH)	芜湖(WHH)	未爬取
G7704	芜湖(WHH)	合肥南(ENH)	未爬取
G7705	合肥南(ENH)	巢湖东(GUH)	全车放弃
G7705	巢湖东(GUH)	芜湖(WHH)	未爬取
G7705	芜湖(WHH)	宣城(ECH)	未爬取
G7705	宣城(ECH)	宁国南(NIU)	未爬取
G7705	宁国南(NIU)	黄山北(NYH)	未爬取
G7705	黄山北(NYH)	黟县东(YIU)	未爬取
G7705	黟县东(YIU)	祁门南(QNU)	未爬取
G7706	祁门南(QNU)	黟县东(YIU)	全车放弃
G7706	黟县东(YIU)	黄山北(NYH)	未爬取
G7706	黄山北(NYH)	绩溪北(NRH)	未爬取
G7706	绩溪北(NRH)	宁国南(NIU)	未爬取
G7706	宁国南(NIU)	宣城(ECH)	未爬取
G7706	宣城(ECH)	芜湖(WHH)	未爬取
G7706	芜湖(WHH)	合肥南(ENH)	未爬取
G7737	合肥南(ENH)	芜湖(WHH)	全车放弃
G7738	芜湖(WHH)	巢湖东(GUH)	全车放弃
G7738	巢湖东(GUH)	合肥南(ENH)	未爬取
G7888	张家口(ZMP)	宣化北(VJP)	全车放弃
G7888	宣化北(VJP)	下花园北(OKP)	未爬取
G7888	下花园北(OKP)	怀来(VQP)	未爬取
G7888	怀来(VQP)	八达岭长城(VLP)	未爬取
G7888	八达岭长城(VLP)	清河(QIP)	未爬取
G8069	大连北(DFT)	营口东(YGT)	全车放弃
G8069	营口东(YGT)	鞍山西(AXT)	未爬取
G8069	鞍山西(AXT)	辽阳(LYT)	未爬取
G8069	辽阳(LYT)	沈阳北(SBT)	未爬取
G8133	铁岭西(PXT)	沈  阳北(@沈  阳北)	全车放弃
G8134	通化(THL)	沈  阳北(@沈  阳北)	全车放弃
G8158	长白山(CUL)	长白山西(SJL)	全车放弃
G8158	长白山西(SJL)	白山东(BDL)	未爬取
G8158	白山东(BDL)	通化(THL)	未爬取
G8158	通化(THL)	抚顺(FET)	未爬取
G8158	抚顺(FET)	沈阳北(SBT)	未爬取
G8160	长白山(CUL)	长白山西(SJL)	全车放弃
G8160	长白山西(SJL)	白山东(BDL)	未爬取
G8160	白山东(BDL)	通化(THL)	未爬取
G8160	通化(THL)	抚顺(FET)	未爬取
G8160	抚顺(FET)	沈阳北(SBT)	未爬取
G8334	无为(IIH)	合肥 南(@合肥 南)	全车放弃
G8345	舒城东(SDU)	合肥 南(@合肥 南)	全车放弃
G8348	安庆(AQH)	桐城东(TOU)	全车放弃
G8348	桐城东(TOU)	庐江西(LUU)	未爬取
G8348	庐江西(LUU)	舒城东(SDU)	未爬取
G8348	舒城东(SDU)	肥西(FAH)	未爬取
G8348	肥西(FAH)	合肥南(ENH)	未爬取
G8350	合肥南(ENH)	肥西(FAH)	全车放弃
G8350	肥西(FAH)	舒城东(SDU)	未爬取
G8350	舒城东(SDU)	庐江西(LUU)	未爬取
G8350	庐江西(LUU)	桐城东(TOU)	未爬取
G8350	桐城东(TOU)	安庆(AQH)	未爬取
G8350	安庆(AQH)	池州(IYH)	未爬取
G8350	池州(IYH)	芜湖(WHH)	未爬取
G8350	芜湖(WHH)	南京南(NKH)	未爬取
G8432	广州东(GGQ)	广州新塘(XWQ)	全车放弃
G8432	广州新塘(XWQ)	惠州南(KNA)	未爬取
G8432	惠州南(KNA)	汕尾(OGQ)	未爬取
G8432	汕尾(OGQ)	陆丰东(LDA)	未爬取
G8432	陆丰东(LDA)	汕头(OTQ)	未爬取
G8432	汕头(OTQ)	潮汕(CBQ)	未爬取
G8432	潮汕(CBQ)	揭阳机场(JUA)	未爬取
G8432	揭阳机场(JUA)	揭阳(JYA)	未爬取
G8432	揭阳(JYA)	丰顺东(FDA)	未爬取
G8432	丰顺东(FDA)	建桥(JQA)	未爬取
G8432	建桥(JQA)	梅州西(MXA)	未爬取
G8432	梅州西(MXA)	五华(WHA)	未爬取
G8432	五华(WHA)	河源东(HEA)	未爬取
G8432	河源东(HEA)	深圳(SZQ)	未爬取
G8467	揭阳(JYA)	揭阳机场(JUA)	全车放弃
G8467	揭阳机场(JUA)	潮汕(CBQ)	未爬取
G8482	深圳(SZQ)	惠州南(KNA)	全车放弃
G8482	惠州南(KNA)	汕尾(OGQ)	未爬取
G8482	汕尾(OGQ)	惠来(HGA)	未爬取
G8482	惠来(HGA)	汕头南(SNA)	未爬取
G8482	汕头南(SNA)	汕头(OTQ)	未爬取
G8482	汕头(OTQ)	潮汕(CBQ)	未爬取
G8482	潮汕(CBQ)	揭阳机场(JUA)	未爬取
G8482	揭阳机场(JUA)	丰顺东(FDA)	未爬取
G8482	丰顺东(FDA)	梅州西(MXA)	未爬取
G8482	梅州西(MXA)	五华(WHA)	未爬取
G8482	五华(WHA)	龙川西(LCA)	未爬取
G8482	龙川西(LCA)	河源东(HEA)	未爬取
G8482	河源东(HEA)	惠州北(HUA)	未爬取
G8482	惠州北(HUA)	增城(ZCA)	未爬取
G8482	增城(ZCA)	广州新塘(XWQ)	未爬取
G8482	广州新塘(XWQ)	广州(GZQ)	未爬取
G8505	重庆西(CXW)	重庆东(COE)	全车放弃
G8505	重庆东(COE)	南川北(NUE)	未爬取
G8505	南川北(NUE)	武隆南(WLE)	未爬取
G8505	武隆南(WLE)	黔江(QNW)	未爬取
G8533	荣昌北(RQW)	重  庆西(@重  庆西)	全车放弃
G8534	宜宾东(EDE)	重  庆西(@重  庆西)	全车放弃
G8539	泸县(LXE)	泸  州(@泸  州)	全车放弃
G8540	宜宾东(EDE)	泸  州(@泸  州)	全车放弃
G8608	黔江(QNW)	武隆南(WLE)	全车放弃
G8608	武隆南(WLE)	重庆东(COE)	未爬取
G8608	重庆东(COE)	重庆西(CXW)	未爬取
G8608	重庆西(CXW)	成都东(ICW)	未爬取
G8611	成都东(ICW)	沙坪坝(CYW)	全车放弃
G8618	沙坪坝(CYW)	成都东(ICW)	全车放弃
G8621	成都东(ICW)	内江北(NKW)	全车放弃
G8621	内江北(NKW)	永川东(WMW)	未爬取
G8621	永川东(WMW)	重庆北(CUW)	未爬取
G8621	重庆北(CUW)	江北机场(JCE)	未爬取
G8628	江北机场(JCE)	重庆北(CUW)	全车放弃
G8628	重庆北(CUW)	永川东(WMW)	未爬取
G8628	永川东(WMW)	资中北(WZW)	未爬取
G8628	资中北(WZW)	成都东(ICW)	未爬取
G8631	成都东(ICW)	沙坪坝(CYW)	全车放弃
G8640	沙坪坝(CYW)	资阳北(FYW)	全车放弃
G8640	资阳北(FYW)	成都东(ICW)	未爬取
G8641	成都东(ICW)	内江北(NKW)	全车放弃
G8641	内江北(NKW)	重庆西(CXW)	未爬取
G8680	成都东(ICW)	简阳南(JOW)	全车放弃
G8680	简阳南(JOW)	内江北(NKW)	未爬取
G8680	内江北(NKW)	隆昌北(NWW)	未爬取
G8680	隆昌北(NWW)	重庆北(CUW)	未爬取
G8680	重庆北(CUW)	长寿北(COW)	未爬取
G8680	长寿北(COW)	垫江(DJE)	未爬取
G8680	垫江(DJE)	梁平南(LPE)	未爬取
G8680	梁平南(LPE)	万州北(WZE)	未爬取
G8680	万州北(WZE)	云阳(YUE)	未爬取
G8680	云阳(YUE)	奉节(FJE)	未爬取
G8680	奉节(FJE)	巫山(WOE)	未爬取
G8729	桐梓东(TDE)	重  庆西(@重  庆西)	全车放弃
G8735	成都东(ICW)	天府机场(TIE)	全车放弃
G8735	天府机场(TIE)	自贡(ZGE)	未爬取
G8735	自贡(ZGE)	泸州(LUE)	未爬取
G8739	彭山北(PPW)	成  都东(@成  都东)	全车放弃
G8740	内江北(NKW)	成  都东(@成  都东)	全车放弃
G8743	眉山东(IUW)	成  都东(@成  都东)	全车放弃
G8744	天府机场(TIE)	成  都东(@成  都东)	全车放弃
G8748	遵义(ZYE)	贵  阳北(@贵  阳北)	全车放弃
G8753	清镇西(QUE)	贵  阳北(@贵  阳北)	全车放弃
G8754	遵义(ZYE)	贵  阳北(@贵  阳北)	全车放弃
G8977	南京南(NKH)	武进(WJU)	全车放弃
G8977	武进(WJU)	江阴(KYH)	未爬取
G8977	江阴(KYH)	张家港(ZAU)	未爬取
G8977	张家港(ZAU)	常熟(CAU)	未爬取
G8977	常熟(CAU)	太仓(TCU)	未爬取
G8978	太仓(TCU)	常熟(CAU)	全车放弃
G8978	常熟(CAU)	张家港(ZAU)	未爬取
G8978	张家港(ZAU)	武进(WJU)	未爬取
G8978	武进(WJU)	南京南(NKH)	未爬取
G8991	南京南(NKH)	句容(JRU)	全车放弃
G8991	句容(JRU)	张家港(ZAU)	未爬取
G8991	张家港(ZAU)	常熟(CAU)	未爬取
G8991	常熟(CAU)	太仓(TCU)	未爬取
G8994	张家港(ZAU)	武进(WJU)	全车放弃
G8994	武进(WJU)	金坛(JTU)	未爬取
G8994	金坛(JTU)	句容(JRU)	未爬取
G8994	句容(JRU)	南京南(NKH)	未爬取
G9645	邵阳(SYQ)	邵东(FIQ)	全车放弃
G9645	邵东(FIQ)	衡阳东(HVQ)	未爬取
G9645	衡阳东(HVQ)	郴州西(ICQ)	未爬取
G9645	郴州西(ICQ)	韶关(SNQ)	未爬取
G9645	韶关(SNQ)	广州南(IZQ)	未爬取
G9646	广州南(IZQ)	韶关(SNQ)	全车放弃
G9646	韶关(SNQ)	郴州西(ICQ)	未爬取
G9646	郴州西(ICQ)	衡阳东(HVQ)	未爬取
G9646	衡阳东(HVQ)	西渡(XDA)	未爬取
G9646	西渡(XDA)	邵东(FIQ)	未爬取
G9646	邵东(FIQ)	邵阳(SYQ)	未爬取
G9656	惠来(HGA)	汕头南(SNA)	全车放弃
G9656	汕头南(SNA)	汕头(OTQ)	未爬取
G9799	深圳北(IOQ)	福田(NZQ)	全车放弃
G9799	福田(NZQ)	香港西九龙(XJA)	未爬取
G9821	南昌西(NXG)	宜春(YEG)	全车放弃
G9821	宜春(YEG)	萍乡北(PBG)	未爬取
G9822	萍乡北(PBG)	宜春(YEG)	全车放弃
G9822	宜春(YEG)	高安(GCG)	未爬取
G9822	高安(GCG)	南昌西(NXG)	未爬取

--- 2026-07-28 20:03:34 ---
G1401	石家庄(SJP)	邯郸东(HPP)	全车放弃
G1401	邯郸东(HPP)	鹤壁东(HFF)	未爬取
G1401	鹤壁东(HFF)	新乡东(EGF)	未爬取
G1401	新乡东(EGF)	郑州东(ZAF)	未爬取
G1401	郑州东(ZAF)	漯河西(LBN)	未爬取
G1401	漯河西(LBN)	驻马店西(ZLN)	未爬取
G1401	驻马店西(ZLN)	信阳东(OYN)	未爬取
G1401	信阳东(OYN)	武汉(WHN)	未爬取
G1401	武汉(WHN)	岳阳东(YIQ)	未爬取
G1401	岳阳东(YIQ)	长沙南(CWQ)	未爬取
G1401	长沙南(CWQ)	株洲西(ZAQ)	未爬取
G1401	株洲西(ZAQ)	衡阳东(HVQ)	未爬取
G1401	衡阳东(HVQ)	祁东(QMQ)	未爬取
G1401	祁东(QMQ)	祁阳(QWQ)	未爬取
G1401	祁阳(QWQ)	永州(AOQ)	未爬取
G1401	永州(AOQ)	东安东(DCZ)	未爬取
G1401	东安东(DCZ)	桂林北(GBZ)	未爬取
G1401	桂林北(GBZ)	柳州(LZZ)	未爬取
G1401	柳州(LZZ)	来宾北(UCZ)	未爬取
G1401	来宾北(UCZ)	南宁东(NFZ)	未爬取
G1402	南宁东(NFZ)	来宾北(UCZ)	全车放弃
G1402	来宾北(UCZ)	柳州(LZZ)	未爬取
G1402	柳州(LZZ)	永福南(YBZ)	未爬取
G1402	永福南(YBZ)	桂林北(GBZ)	未爬取
G1402	桂林北(GBZ)	全州南(QNZ)	未爬取
G1402	全州南(QNZ)	东安东(DCZ)	未爬取
G1402	东安东(DCZ)	永州(AOQ)	未爬取
G1402	永州(AOQ)	祁阳(QWQ)	未爬取
G1402	祁阳(QWQ)	祁东(QMQ)	未爬取
G1402	祁东(QMQ)	衡阳东(HVQ)	未爬取
G1402	衡阳东(HVQ)	株洲西(ZAQ)	未爬取
G1402	株洲西(ZAQ)	长沙南(CWQ)	未爬取
G1402	长沙南(CWQ)	岳阳东(YIQ)	未爬取
G1402	岳阳东(YIQ)	赤壁北(CIN)	未爬取
G1402	赤壁北(CIN)	武汉(WHN)	未爬取
G1402	武汉(WHN)	漯河西(LBN)	未爬取
G1402	漯河西(LBN)	许昌东(XVF)	未爬取
G1402	许昌东(XVF)	郑州东(ZAF)	未爬取
G1402	郑州东(ZAF)	新乡东(EGF)	未爬取
G1402	新乡东(EGF)	邯郸东(HPP)	未爬取
G1402	邯郸东(HPP)	石家庄(SJP)	未爬取
G1619	长沙南(CWQ)	韶山南(INQ)	全车放弃
G1619	韶山南(INQ)	怀化南(KAQ)	未爬取
G1619	怀化南(KAQ)	芷江(ZPQ)	未爬取
G1619	芷江(ZPQ)	凯里南(QKW)	未爬取
G1619	凯里南(QKW)	贵阳北(KQW)	未爬取
G1619	贵阳北(KQW)	河池西(HIZ)	未爬取
G1619	河池西(HIZ)	都安(RUZ)	未爬取
G1619	都安(RUZ)	南宁东(NFZ)	未爬取
G1620	南宁东(NFZ)	河池西(HIZ)	全车放弃
G1620	河池西(HIZ)	都匀东(KJW)	未爬取
G1620	都匀东(KJW)	贵阳北(KQW)	未爬取
G1620	贵阳北(KQW)	贵定北(FMW)	未爬取
G1620	贵定北(FMW)	铜仁南(TNW)	未爬取
G1620	铜仁南(TNW)	怀化南(KAQ)	未爬取
G1620	怀化南(KAQ)	新化南(EJQ)	未爬取
G1620	新化南(EJQ)	娄底南(UOQ)	未爬取
G1620	娄底南(UOQ)	韶山南(INQ)	未爬取
G1620	韶山南(INQ)	湘潭北(EDQ)	未爬取
G1620	湘潭北(EDQ)	长沙南(CWQ)	未爬取
G2122	昆明南(KOM)	曲靖北(QBM)	全车放弃
G2122	曲靖北(QBM)	盘州(PAE)	未爬取
G2122	盘州(PAE)	贵阳北(KQW)	未爬取
G2122	贵阳北(KQW)	贵定北(FMW)	未爬取
G2122	贵定北(FMW)	凯里南(QKW)	未爬取
G2122	凯里南(QKW)	铜仁南(TNW)	未爬取
G2122	铜仁南(TNW)	怀化南(KAQ)	未爬取
G2122	怀化南(KAQ)	娄底南(UOQ)	未爬取
G2122	娄底南(UOQ)	长沙南(CWQ)	未爬取
G2489	清河(QIP)	怀来(VQP)	全车放弃
G2489	怀来(VQP)	宣化北(VJP)	未爬取
G2489	宣化北(VJP)	张家口(ZMP)	未爬取
G2489	张家口(ZMP)	乌兰察布(WPC)	未爬取
G2489	乌兰察布(WPC)	卓资东(ZDC)	未爬取
G2489	卓资东(ZDC)	呼和浩特东(NDC)	未爬取
G2490	呼和浩特东(NDC)	卓资东(ZDC)	全车放弃
G2490	卓资东(ZDC)	乌兰察布(WPC)	未爬取
G2490	乌兰察布(WPC)	兴和北(EBC)	未爬取
G2490	兴和北(EBC)	张家口(ZMP)	未爬取
G2490	张家口(ZMP)	东花园北(QBP)	未爬取
G2490	东花园北(QBP)	清河(QIP)	未爬取
G2497	北京北(VAP)	东花园北(QBP)	全车放弃
G2497	东花园北(QBP)	张家口(ZMP)	未爬取
G2497	张家口(ZMP)	兴和北(EBC)	未爬取
G2497	兴和北(EBC)	乌兰察布(WPC)	未爬取
G2497	乌兰察布(WPC)	卓资东(ZDC)	未爬取
G2497	卓资东(ZDC)	呼和浩特东(NDC)	未爬取
G2498	呼和浩特东(NDC)	乌兰察布(WPC)	全车放弃
G2498	乌兰察布(WPC)	张家口(ZMP)	未爬取
G2498	张家口(ZMP)	北京北(VAP)	未爬取
G3197	杭州西(HVU)	广德南(GNU)	全车放弃
G3197	广德南(GNU)	宣城(ECH)	未爬取
G3197	宣城(ECH)	芜湖(WHH)	未爬取
G3197	芜湖(WHH)	巢湖东(GUH)	未爬取
G3197	巢湖东(GUH)	合肥南(ENH)	未爬取
G3197	合肥南(ENH)	淮南南(HNU)	未爬取
G3197	淮南南(HNU)	阜阳西(FXU)	未爬取
G3197	阜阳西(FXU)	亳州南(BNU)	未爬取
G3197	亳州南(BNU)	商丘(SQF)	未爬取
G3197	商丘(SQF)	郑州东(ZAF)	未爬取
G3197	郑州东(ZAF)	洛阳龙门(LLF)	未爬取
G3197	洛阳龙门(LLF)	三门峡南(SCF)	未爬取
G3197	三门峡南(SCF)	西安北(EAY)	未爬取
G3239	泗县东(ODU)	五河(WHU)	全车放弃
G3239	五河(WHU)	明光西(MXU)	未爬取
G3239	明光西(MXU)	定远东(DEU)	未爬取
G3239	定远东(DEU)	合肥西(HFU)	未爬取
G3239	合肥西(HFU)	六安(UAH)	未爬取
G3239	六安(UAH)	麻城北(MBN)	未爬取
G3239	麻城北(MBN)	红安西(VXN)	未爬取
G3239	红安西(VXN)	汉口(HKN)	未爬取
G3240	汉口(HKN)	红安西(VXN)	全车放弃
G3240	红安西(VXN)	麻城北(MBN)	未爬取
G3240	麻城北(MBN)	六安(UAH)	未爬取
G3240	六安(UAH)	合肥西(HFU)	未爬取
G3240	合肥西(HFU)	定远东(DEU)	未爬取
G3240	定远东(DEU)	明光西(MXU)	未爬取
G3240	明光西(MXU)	五河(WHU)	未爬取
G3240	五河(WHU)	泗县东(ODU)	未爬取
G3277	江阴(KYH)	金坛(JTU)	全车放弃
G3277	金坛(JTU)	南京南(NKH)	未爬取
G3277	南京南(NKH)	马鞍山东(OMH)	未爬取
G3277	马鞍山东(OMH)	芜湖(WHH)	未爬取
G3277	芜湖(WHH)	安庆(AQH)	未爬取
G3277	安庆(AQH)	合肥西(HFU)	未爬取
G3277	合肥西(HFU)	淮南南(HNU)	未爬取
G3277	淮南南(HNU)	阜阳西(FXU)	未爬取
G3277	阜阳西(FXU)	商丘(SQF)	未爬取
G3277	商丘(SQF)	郑州东(ZAF)	未爬取
G3277	郑州东(ZAF)	西安北(EAY)	未爬取
G3278	西安北(EAY)	渭南北(WBY)	全车放弃
G3278	渭南北(WBY)	洛阳龙门(LLF)	未爬取
G3278	洛阳龙门(LLF)	郑州东(ZAF)	未爬取
G3278	郑州东(ZAF)	商丘(SQF)	未爬取
G3278	商丘(SQF)	阜阳西(FXU)	未爬取
G3278	阜阳西(FXU)	合肥西(HFU)	未爬取
G3278	合肥西(HFU)	安庆(AQH)	未爬取
G3278	安庆(AQH)	芜湖(WHH)	未爬取
G3278	芜湖(WHH)	南京南(NKH)	未爬取
G3278	南京南(NKH)	金坛(JTU)	未爬取
G3278	金坛(JTU)	江阴(KYH)	未爬取
G3332	厦门北(XKS)	泉州南(QNS)	全车放弃
G3332	泉州南(QNS)	莆田(PTS)	未爬取
G3332	莆田(PTS)	福州南(FYS)	未爬取
G3332	福州南(FYS)	福州(FZS)	未爬取
G3332	福州(FZS)	延平(YPS)	未爬取
G3332	延平(YPS)	南平市(NOS)	未爬取
G3332	南平市(NOS)	武夷山北(WBS)	未爬取
G3332	武夷山北(WBS)	上饶(SRG)	未爬取
G3332	上饶(SRG)	婺源(WYG)	未爬取
G3332	婺源(WYG)	黄山北(NYH)	未爬取
G3332	黄山北(NYH)	绩溪北(NRH)	未爬取
G3332	绩溪北(NRH)	宁国南(NIU)	未爬取
G3332	宁国南(NIU)	宣城(ECH)	未爬取
G3332	宣城(ECH)	芜湖(WHH)	未爬取
G3332	芜湖(WHH)	南京南(NKH)	未爬取
G3332	南京南(NKH)	句容(JRU)	未爬取
G3332	句容(JRU)	金坛(JTU)	未爬取
G3332	金坛(JTU)	武进(WJU)	未爬取
G3332	武进(WJU)	江阴(KYH)	未爬取
G3771	福州南(FYS)	莆田(PTS)	全车放弃
G3771	莆田(PTS)	泉州东(QRS)	未爬取
G3771	泉州东(QRS)	厦门北(XKS)	未爬取
G3771	厦门北(XKS)	漳州(ZUS)	未爬取
G3771	漳州(ZUS)	云霄(YBS)	未爬取
G3771	云霄(YBS)	诏安(ZDS)	未爬取
G3771	诏安(ZDS)	潮安(CMQ)	未爬取
G3771	潮安(CMQ)	汕头(OTQ)	未爬取
G3771	汕头(OTQ)	潮南(CHA)	未爬取
G3771	潮南(CHA)	惠来(HGA)	未爬取
G3771	惠来(HGA)	陆丰东(LDA)	未爬取
G3771	陆丰东(LDA)	汕尾(OGQ)	未爬取
G3771	汕尾(OGQ)	惠州南(KNA)	未爬取
G3771	惠州南(KNA)	博罗(BOA)	未爬取
G3771	博罗(BOA)	罗浮山(LVA)	未爬取
G3771	罗浮山(LVA)	广州新塘(XWQ)	未爬取
G3772	广州新塘(XWQ)	惠州南(KNA)	全车放弃
G3772	惠州南(KNA)	惠东(KDA)	未爬取
G3772	惠东(KDA)	汕尾(OGQ)	未爬取
G3772	汕尾(OGQ)	陆丰东(LDA)	未爬取
G3772	陆丰东(LDA)	惠来(HGA)	未爬取
G3772	惠来(HGA)	潮南(CHA)	未爬取
G3772	潮南(CHA)	汕头(OTQ)	未爬取
G3772	汕头(OTQ)	诏安(ZDS)	未爬取
G3772	诏安(ZDS)	漳浦(ZCS)	未爬取
G3772	漳浦(ZCS)	漳州(ZUS)	未爬取
G3772	漳州(ZUS)	厦门北(XKS)	未爬取
G3772	厦门北(XKS)	泉州南(QNS)	未爬取
G3772	泉州南(QNS)	莆田(PTS)	未爬取
G3772	莆田(PTS)	福州南(FYS)	未爬取
G4917	上海虹桥(AOH)	杭州东(HGH)	全车放弃
G4917	杭州东(HGH)	义乌(YWH)	未爬取
G4917	义乌(YWH)	衢州(QEH)	未爬取
G4917	衢州(QEH)	上饶(SRG)	未爬取
G4917	上饶(SRG)	鹰潭北(YKG)	未爬取
G4917	鹰潭北(YKG)	南昌东(NUG)	未爬取
G4944	长沙(CSQ)	益阳南(YAA)	全车放弃
G4944	益阳南(YAA)	汉寿(HHA)	未爬取
G4944	汉寿(HHA)	常德(VGQ)	未爬取
G4944	常德(VGQ)	桃源(TYA)	未爬取
G4944	桃源(TYA)	牛车河(NHA)	未爬取
G4944	牛车河(NHA)	张家界西(JXA)	未爬取
G4944	张家界西(JXA)	桑植(SZA)	未爬取
G4944	桑植(SZA)	龙山北(LBA)	未爬取
G4944	龙山北(LBA)	来凤(LFA)	未爬取
G4944	来凤(LFA)	咸丰(XFA)	未爬取
G4944	咸丰(XFA)	黔江(QNW)	未爬取
G4944	黔江(QNW)	彭水西(PEE)	未爬取
G4944	彭水西(PEE)	武隆南(WLE)	未爬取
G4944	武隆南(WLE)	重庆东(COE)	未爬取
G4945	重庆东(COE)	武隆南(WLE)	全车放弃
G4945	武隆南(WLE)	彭水西(PEE)	未爬取
G4945	彭水西(PEE)	黔江(QNW)	未爬取
G4945	黔江(QNW)	张家界西(JXA)	未爬取
G4946	张家界西(JXA)	龙山北(LBA)	全车放弃
G4946	龙山北(LBA)	来凤(LFA)	未爬取
G4946	来凤(LFA)	咸丰(XFA)	未爬取
G4946	咸丰(XFA)	黔江(QNW)	未爬取
G4946	黔江(QNW)	彭水西(PEE)	未爬取
G4946	彭水西(PEE)	重庆东(COE)	未爬取
G4949	重庆东(COE)	武隆南(WLE)	全车放弃
G4949	武隆南(WLE)	黔江(QNW)	未爬取
G4949	黔江(QNW)	咸丰(XFA)	未爬取
G4949	咸丰(XFA)	龙山北(LBA)	未爬取
G4949	龙山北(LBA)	张家界西(JXA)	未爬取
G5133	汕头(OTQ)	汕头南(SNA)	全车放弃
G5133	汕头南(SNA)	惠来(HGA)	未爬取
G5133	惠来(HGA)	陆丰东(LDA)	未爬取
G5133	陆丰东(LDA)	陆丰南(LAA)	未爬取
G5133	陆丰南(LAA)	惠东(KDA)	未爬取
G5133	惠东(KDA)	惠州南(KNA)	未爬取
G5133	惠州南(KNA)	博罗(BOA)	未爬取
G5133	博罗(BOA)	广州新塘(XWQ)	未爬取
G5133	广州新塘(XWQ)	广州(GZQ)	未爬取
G5133	广州(GZQ)	佛山(FSQ)	未爬取
G5133	佛山(FSQ)	阳春东(YBQ)	未爬取
G5133	阳春东(YBQ)	马踏(PWQ)	未爬取
G5133	马踏(PWQ)	茂名南(MRQ)	未爬取
G5133	茂名南(MRQ)	吴川(WAQ)	未爬取
G5133	吴川(WAQ)	湛江北(ZMQ)	未爬取
G5138	湛江北(ZMQ)	吴川(WAQ)	全车放弃
G5138	吴川(WAQ)	茂名南(MRQ)	未爬取
G5138	茂名南(MRQ)	阳江北(YLQ)	未爬取
G5138	阳江北(YLQ)	新兴南(XPQ)	未爬取
G5138	新兴南(XPQ)	佛山(FSQ)	未爬取
G5138	佛山(FSQ)	广州(GZQ)	未爬取
G5138	广州(GZQ)	广州新塘(XWQ)	未爬取
G5138	广州新塘(XWQ)	惠州南(KNA)	未爬取
G5138	惠州南(KNA)	汕尾(OGQ)	未爬取
G5138	汕尾(OGQ)	陆丰南(LAA)	未爬取
G5138	陆丰南(LAA)	陆丰东(LDA)	未爬取
G5138	陆丰东(LDA)	惠来(HGA)	未爬取
G5138	惠来(HGA)	汕头南(SNA)	未爬取
G5138	汕头南(SNA)	汕头(OTQ)	未爬取
G5180	湛江北(ZMQ)	茂名南(MRQ)	全车放弃
G5180	茂名南(MRQ)	阳江北(YLQ)	未爬取
G5180	阳江北(YLQ)	阳春东(YBQ)	未爬取
G5180	阳春东(YBQ)	佛山(FSQ)	未爬取
G5180	佛山(FSQ)	广州(GZQ)	未爬取
G5183	广州(GZQ)	佛山(FSQ)	全车放弃
G5183	佛山(FSQ)	新兴南(XPQ)	未爬取
G5183	新兴南(XPQ)	阳江北(YLQ)	未爬取
G5183	阳江北(YLQ)	茂名南(MRQ)	未爬取
G5183	茂名南(MRQ)	湛江北(ZMQ)	未爬取
G5184	湛江北(ZMQ)	茂名南(MRQ)	全车放弃
G5184	茂名南(MRQ)	马踏(PWQ)	未爬取
G5184	马踏(PWQ)	阳江北(YLQ)	未爬取
G5184	阳江北(YLQ)	阳春东(YBQ)	未爬取
G5184	阳春东(YBQ)	佛山(FSQ)	未爬取
G5184	佛山(FSQ)	广州白云(GBA)	未爬取
G5185	广州白云(GBA)	新兴南(XPQ)	全车放弃
G5185	新兴南(XPQ)	阳春东(YBQ)	未爬取
G5185	阳春东(YBQ)	马踏(PWQ)	未爬取
G5185	马踏(PWQ)	茂名南(MRQ)	未爬取
G5185	茂名南(MRQ)	湛江北(ZMQ)	未爬取
G5186	湛江北(ZMQ)	茂名南(MRQ)	全车放弃
G5186	茂名南(MRQ)	马踏(PWQ)	未爬取
G5186	马踏(PWQ)	阳江北(YLQ)	未爬取
G5186	阳江北(YLQ)	阳春东(YBQ)	未爬取
G5186	阳春东(YBQ)	新兴南(XPQ)	未爬取
G5186	新兴南(XPQ)	佛山(FSQ)	未爬取
G5186	佛山(FSQ)	广州(GZQ)	未爬取
G5187	广州(GZQ)	佛山(FSQ)	全车放弃
G5187	佛山(FSQ)	阳春东(YBQ)	未爬取
G5187	阳春东(YBQ)	茂名南(MRQ)	未爬取
G5187	茂名南(MRQ)	湛江北(ZMQ)	未爬取
G5252	广州(GZQ)	广州新塘(XWQ)	全车放弃
G5252	广州新塘(XWQ)	惠州北(HUA)	未爬取
G5252	惠州北(HUA)	五华(WHA)	未爬取
G5252	五华(WHA)	梅州西(MXA)	未爬取
G5252	梅州西(MXA)	丰顺东(FDA)	未爬取
G5252	丰顺东(FDA)	揭阳(JYA)	未爬取
G5252	揭阳(JYA)	揭阳机场(JUA)	未爬取
G5252	揭阳机场(JUA)	潮汕(CBQ)	未爬取
G5252	潮汕(CBQ)	潮安(CMQ)	未爬取
G5252	潮安(CMQ)	汕头(OTQ)	未爬取
G5252	汕头(OTQ)	潮南(CHA)	未爬取
G5252	潮南(CHA)	惠来(HGA)	未爬取
G5252	惠来(HGA)	陆丰东(LDA)	未爬取
G5252	陆丰东(LDA)	陆丰南(LAA)	未爬取
G5252	陆丰南(LAA)	汕尾(OGQ)	未爬取
G5252	汕尾(OGQ)	惠东(KDA)	未爬取
G5252	惠东(KDA)	惠州南(KNA)	未爬取
G5252	惠州南(KNA)	仲恺(ZKA)	未爬取
G5252	仲恺(ZKA)	深圳(SZQ)	未爬取
G5255	深圳(SZQ)	汕尾(OGQ)	全车放弃
G5255	汕尾(OGQ)	惠来(HGA)	未爬取
G5255	惠来(HGA)	汕头(OTQ)	未爬取
G5255	汕头(OTQ)	潮汕(CBQ)	未爬取
G5255	潮汕(CBQ)	揭阳机场(JUA)	未爬取
G5255	揭阳机场(JUA)	揭阳(JYA)	未爬取
G5255	揭阳(JYA)	丰顺东(FDA)	未爬取
G5255	丰顺东(FDA)	梅州西(MXA)	未爬取
G5255	梅州西(MXA)	兴宁南(XNA)	未爬取
G5255	兴宁南(XNA)	五华(WHA)	未爬取
G5255	五华(WHA)	龙川西(LCA)	未爬取
G5255	龙川西(LCA)	惠州北(HUA)	未爬取
G5255	惠州北(HUA)	深  圳(@深  圳)	未爬取
G5256	深圳(SZQ)	仲恺(ZKA)	全车放弃
G5256	仲恺(ZKA)	惠州北(HUA)	未爬取
G5256	惠州北(HUA)	河源东(HEA)	未爬取
G5256	河源东(HEA)	龙川西(LCA)	未爬取
G5256	龙川西(LCA)	五华(WHA)	未爬取
G5256	五华(WHA)	兴宁南(XNA)	未爬取
G5256	兴宁南(XNA)	梅州西(MXA)	未爬取
G5256	梅州西(MXA)	丰顺东(FDA)	未爬取
G5256	丰顺东(FDA)	揭阳(JYA)	未爬取
G5256	揭阳(JYA)	揭阳机场(JUA)	未爬取
G5256	揭阳机场(JUA)	潮汕(CBQ)	未爬取
G5256	潮汕(CBQ)	汕头(OTQ)	未爬取
G5256	汕头(OTQ)	汕头南(SNA)	未爬取
G5256	汕头南(SNA)	潮南(CHA)	未爬取
G5256	潮南(CHA)	惠来(HGA)	未爬取
G5256	惠来(HGA)	汕尾(OGQ)	未爬取
G5256	汕尾(OGQ)	惠东(KDA)	未爬取
G5256	惠东(KDA)	惠州南(KNA)	未爬取
G5256	惠州南(KNA)	深  圳(@深  圳)	未爬取
G5260	深圳(SZQ)	惠州南(KNA)	全车放弃
G5260	惠州南(KNA)	惠东(KDA)	未爬取
G5260	惠东(KDA)	汕尾(OGQ)	未爬取
G5260	汕尾(OGQ)	惠来(HGA)	未爬取
G5260	惠来(HGA)	汕头(OTQ)	未爬取
G5260	汕头(OTQ)	潮汕(CBQ)	未爬取
G5260	潮汕(CBQ)	揭阳机场(JUA)	未爬取
G5260	揭阳机场(JUA)	揭阳(JYA)	未爬取
G5260	揭阳(JYA)	梅州西(MXA)	未爬取
G5260	梅州西(MXA)	兴宁南(XNA)	未爬取
G5260	兴宁南(XNA)	五华(WHA)	未爬取
G5260	五华(WHA)	河源东(HEA)	未爬取
G5260	河源东(HEA)	惠州北(HUA)	未爬取
G5260	惠州北(HUA)	增城(ZCA)	未爬取
G5260	增城(ZCA)	广州新塘(XWQ)	未爬取
G5260	广州新塘(XWQ)	广州东(GGQ)	未爬取
G5266	深圳(SZQ)	惠州北(HUA)	全车放弃
G5266	惠州北(HUA)	河源东(HEA)	未爬取
G5266	河源东(HEA)	龙川西(LCA)	未爬取
G5266	龙川西(LCA)	五华(WHA)	未爬取
G5266	五华(WHA)	兴宁南(XNA)	未爬取
G5266	兴宁南(XNA)	梅州西(MXA)	未爬取
G5266	梅州西(MXA)	丰顺东(FDA)	未爬取
G5266	丰顺东(FDA)	揭阳(JYA)	未爬取
G5266	揭阳(JYA)	揭阳机场(JUA)	未爬取
G5266	揭阳机场(JUA)	潮汕(CBQ)	未爬取
G5266	潮汕(CBQ)	汕头(OTQ)	未爬取
G5266	汕头(OTQ)	汕头南(SNA)	未爬取
G5266	汕头南(SNA)	潮南(CHA)	未爬取
G5266	潮南(CHA)	惠来(HGA)	未爬取
G5266	惠来(HGA)	汕尾(OGQ)	未爬取
G5266	汕尾(OGQ)	惠东(KDA)	未爬取
G5266	惠东(KDA)	惠州南(KNA)	未爬取
G5266	惠州南(KNA)	深  圳(@深  圳)	未爬取
G5346	六盘水(UMW)	安顺西(ASE)	全车放弃
G5346	安顺西(ASE)	贵阳北(KQW)	未爬取
G5346	贵阳北(KQW)	凯里南(QKW)	未爬取
G5346	凯里南(QKW)	铜仁南(TNW)	未爬取
G5384	兴义南(XVE)	保田(BTE)	全车放弃
G5384	保田(BTE)	盘州(PAE)	未爬取
G5384	盘州(PAE)	普安县(PUE)	未爬取
G5384	普安县(PUE)	贵阳北(KQW)	未爬取
G5384	贵阳北(KQW)	龙洞堡(FVW)	未爬取
G5384	龙洞堡(FVW)	龙里北(KFW)	未爬取
G5384	龙里北(KFW)	贵定县(KIW)	未爬取
G5384	贵定县(KIW)	都匀东(KJW)	未爬取
G5384	都匀东(KJW)	荔波(UBE)	未爬取
G5492	烟台(YAK)	济南东(MDK)	全车放弃
G5781	重庆西(CXW)	泸州(LUE)	全车放弃
G5781	泸州(LUE)	南溪(NEE)	未爬取
G5781	南溪(NEE)	宜宾(YKE)	未爬取
G5794	宜宾(YKE)	南溪(NEE)	全车放弃
G5794	南溪(NEE)	泸州(LUE)	未爬取
G5794	泸州(LUE)	永川南(YNE)	未爬取
G5794	永川南(YNE)	江津北(JAE)	未爬取
G5794	江津北(JAE)	重庆西(CXW)	未爬取
G5794	重庆西(CXW)	重庆北(CUW)	未爬取
G5794	重庆北(CUW)	万州北(WZE)	未爬取
G5794	万州北(WZE)	云阳(YUE)	未爬取
G5794	云阳(YUE)	巫山(WOE)	未爬取
G6036	深圳北(IOQ)	虎门(IUQ)	全车放弃
G6036	虎门(IUQ)	广州南(IZQ)	未爬取
G6036	广州南(IZQ)	清远(QBQ)	未爬取
G6036	清远(QBQ)	英德西(IIQ)	未爬取
G6036	英德西(IIQ)	韶关(SNQ)	未爬取
G6036	韶关(SNQ)	郴州西(ICQ)	未爬取
G6100	深圳北(IOQ)	虎门(IUQ)	全车放弃
G6100	虎门(IUQ)	广州南(IZQ)	未爬取
G6100	广州南(IZQ)	郴州西(ICQ)	未爬取
G6100	郴州西(ICQ)	衡阳东(HVQ)	未爬取
G6135	长沙南(CWQ)	株洲西(ZAQ)	全车放弃
G6135	株洲西(ZAQ)	衡阳东(HVQ)	未爬取
G6135	衡阳东(HVQ)	郴州西(ICQ)	未爬取
G6216	深圳北(IOQ)	虎门(IUQ)	全车放弃
G6216	虎门(IUQ)	广州南(IZQ)	未爬取
G6227	广州南(IZQ)	深圳北(IOQ)	全车放弃
G6229	清远(QBQ)	广州南(IZQ)	全车放弃
G6229	广州南(IZQ)	虎门(IUQ)	未爬取
G6229	虎门(IUQ)	深圳北(IOQ)	未爬取
G6250	深圳北(IOQ)	虎门(IUQ)	全车放弃
G6250	虎门(IUQ)	广州南(IZQ)	未爬取
G6250	广州南(IZQ)	广州北(GBQ)	未爬取
G6250	广州北(GBQ)	清远(QBQ)	未爬取
G6423	长沙南(CWQ)	娄底南(UOQ)	全车放弃
G6423	娄底南(UOQ)	怀化南(KAQ)	未爬取
G6423	怀化南(KAQ)	凤凰古城(FCA)	未爬取
G6423	凤凰古城(FCA)	吉首东(JDA)	未爬取
G6423	吉首东(JDA)	芙蓉镇(FRA)	未爬取
G6423	芙蓉镇(FRA)	张家界西(JXA)	未爬取
G6424	张家界西(JXA)	芙蓉镇(FRA)	全车放弃
G6424	芙蓉镇(FRA)	吉首东(JDA)	未爬取
G6424	吉首东(JDA)	凤凰古城(FCA)	未爬取
G6424	凤凰古城(FCA)	怀化南(KAQ)	未爬取
G6424	怀化南(KAQ)	娄底南(UOQ)	未爬取
G6424	娄底南(UOQ)	长沙南(CWQ)	未爬取
G6729	北京西(BXP)	高碑店东(GMP)	全车放弃
G6729	高碑店东(GMP)	保定东(BMP)	未爬取
G6729	保定东(BMP)	石家庄(SJP)	未爬取
G6729	石家庄(SJP)	邢台东(EDP)	未爬取
G6729	邢台东(EDP)	邯郸东(HPP)	未爬取
G6733	北京丰台(FTP)	保定东(BMP)	全车放弃
G6733	保定东(BMP)	正定机场(ZHP)	未爬取
G6733	正定机场(ZHP)	石家庄(SJP)	未爬取
G6735	北京丰台(FTP)	保定东(BMP)	全车放弃
G6735	保定东(BMP)	定州东(DOP)	未爬取
G6735	定州东(DOP)	石家庄(SJP)	未爬取
G6871	汉口(HKN)	孝感东(GDN)	全车放弃
G6871	孝感东(GDN)	云梦东(YRN)	未爬取
G6871	云梦东(YRN)	襄阳东(EKN)	未爬取
G6872	十堰东(OUN)	丹江口(DON)	全车放弃
G6872	丹江口(DON)	襄阳东(EKN)	未爬取
G6872	襄阳东(EKN)	枣阳(ZYN)	未爬取
G6872	枣阳(ZYN)	随州南(ONN)	未爬取
G6872	随州南(ONN)	孝感东(GDN)	未爬取
G6872	孝感东(GDN)	汉口(HKN)	未爬取
G6875	汉口(HKN)	孝感东(GDN)	全车放弃
G6875	孝感东(GDN)	云梦东(YRN)	未爬取
G6875	云梦东(YRN)	安陆西(AXN)	未爬取
G6875	安陆西(AXN)	随州南(ONN)	未爬取
G6875	随州南(ONN)	随县(OVN)	未爬取
G6875	随县(OVN)	襄阳东(EKN)	未爬取
G6875	襄阳东(EKN)	谷城北(GBN)	未爬取
G6875	谷城北(GBN)	十堰东(OUN)	未爬取
G6876	襄阳东(EKN)	随县(OVN)	全车放弃
G6876	随县(OVN)	随州南(ONN)	未爬取
G6876	随州南(ONN)	云梦东(YRN)	未爬取
G6876	云梦东(YRN)	孝感东(GDN)	未爬取
G6876	孝感东(GDN)	汉口(HKN)	未爬取
G6894	宜昌北(ABN)	荆门西(MXN)	全车放弃
G6894	荆门西(MXN)	天门(TKN)	未爬取
G6894	天门(TKN)	汉口(HKN)	未爬取
G6895	汉口(HKN)	汉川北(KFN)	全车放弃
G6895	汉川北(KFN)	天门(TKN)	未爬取
G6895	天门(TKN)	荆门西(MXN)	未爬取
G6895	荆门西(MXN)	宜昌北(ABN)	未爬取
G7703	合肥南(ENH)	芜湖(WHH)	全车放弃
G7703	芜湖(WHH)	宣城(ECH)	未爬取
G7703	宣城(ECH)	宁国南(NIU)	未爬取
G7703	宁国南(NIU)	黄山北(NYH)	未爬取
G7704	黄山北(NYH)	绩溪北(NRH)	全车放弃
G7704	绩溪北(NRH)	宁国南(NIU)	未爬取
G7704	宁国南(NIU)	宣城(ECH)	未爬取
G7704	宣城(ECH)	芜湖(WHH)	未爬取
G7704	芜湖(WHH)	合肥南(ENH)	未爬取
G7705	合肥南(ENH)	巢湖东(GUH)	全车放弃
G7705	巢湖东(GUH)	芜湖(WHH)	未爬取
G7705	芜湖(WHH)	宣城(ECH)	未爬取
G7705	宣城(ECH)	宁国南(NIU)	未爬取
G7705	宁国南(NIU)	黄山北(NYH)	未爬取
G7705	黄山北(NYH)	黟县东(YIU)	未爬取
G7705	黟县东(YIU)	祁门南(QNU)	未爬取
G7706	祁门南(QNU)	黟县东(YIU)	全车放弃
G7706	黟县东(YIU)	黄山北(NYH)	未爬取
G7706	黄山北(NYH)	绩溪北(NRH)	未爬取
G7706	绩溪北(NRH)	宁国南(NIU)	未爬取
G7706	宁国南(NIU)	宣城(ECH)	未爬取
G7706	宣城(ECH)	芜湖(WHH)	未爬取
G7706	芜湖(WHH)	合肥南(ENH)	未爬取
G7737	合肥南(ENH)	芜湖(WHH)	全车放弃
G7738	芜湖(WHH)	巢湖东(GUH)	全车放弃
G7738	巢湖东(GUH)	合肥南(ENH)	未爬取
G7888	张家口(ZMP)	宣化北(VJP)	全车放弃
G7888	宣化北(VJP)	下花园北(OKP)	未爬取
G7888	下花园北(OKP)	怀来(VQP)	未爬取
G7888	怀来(VQP)	八达岭长城(VLP)	未爬取
G7888	八达岭长城(VLP)	清河(QIP)	未爬取
G8069	大连北(DFT)	营口东(YGT)	全车放弃
G8069	营口东(YGT)	鞍山西(AXT)	未爬取
G8069	鞍山西(AXT)	辽阳(LYT)	未爬取
G8069	辽阳(LYT)	沈阳北(SBT)	未爬取
G8158	长白山(CUL)	长白山西(SJL)	全车放弃
G8158	长白山西(SJL)	白山东(BDL)	未爬取
G8158	白山东(BDL)	通化(THL)	未爬取
G8158	通化(THL)	抚顺(FET)	未爬取
G8158	抚顺(FET)	沈阳北(SBT)	未爬取
G8160	长白山(CUL)	长白山西(SJL)	全车放弃
G8160	长白山西(SJL)	白山东(BDL)	未爬取
G8160	白山东(BDL)	通化(THL)	未爬取
G8160	通化(THL)	抚顺(FET)	未爬取
G8160	抚顺(FET)	沈阳北(SBT)	未爬取
G8348	安庆(AQH)	桐城东(TOU)	全车放弃
G8348	桐城东(TOU)	庐江西(LUU)	未爬取
G8348	庐江西(LUU)	舒城东(SDU)	未爬取
G8348	舒城东(SDU)	肥西(FAH)	未爬取
G8348	肥西(FAH)	合肥南(ENH)	未爬取
G8350	合肥南(ENH)	肥西(FAH)	全车放弃
G8350	肥西(FAH)	舒城东(SDU)	未爬取
G8350	舒城东(SDU)	庐江西(LUU)	未爬取
G8350	庐江西(LUU)	桐城东(TOU)	未爬取
G8350	桐城东(TOU)	安庆(AQH)	未爬取
G8350	安庆(AQH)	池州(IYH)	未爬取
G8350	池州(IYH)	芜湖(WHH)	未爬取
G8350	芜湖(WHH)	南京南(NKH)	未爬取
G8432	广州东(GGQ)	广州新塘(XWQ)	全车放弃
G8432	广州新塘(XWQ)	惠州南(KNA)	未爬取
G8432	惠州南(KNA)	汕尾(OGQ)	未爬取
G8432	汕尾(OGQ)	陆丰东(LDA)	未爬取
G8432	陆丰东(LDA)	汕头(OTQ)	未爬取
G8432	汕头(OTQ)	潮汕(CBQ)	未爬取
G8432	潮汕(CBQ)	揭阳机场(JUA)	未爬取
G8432	揭阳机场(JUA)	揭阳(JYA)	未爬取
G8432	揭阳(JYA)	丰顺东(FDA)	未爬取
G8432	丰顺东(FDA)	建桥(JQA)	未爬取
G8432	建桥(JQA)	梅州西(MXA)	未爬取
G8432	梅州西(MXA)	五华(WHA)	未爬取
G8432	五华(WHA)	河源东(HEA)	未爬取
G8432	河源东(HEA)	深圳(SZQ)	未爬取
G8482	深圳(SZQ)	惠州南(KNA)	全车放弃
G8482	惠州南(KNA)	汕尾(OGQ)	未爬取
G8482	汕尾(OGQ)	惠来(HGA)	未爬取
G8482	惠来(HGA)	汕头南(SNA)	未爬取
G8482	汕头南(SNA)	汕头(OTQ)	未爬取
G8482	汕头(OTQ)	潮汕(CBQ)	未爬取
G8482	潮汕(CBQ)	揭阳机场(JUA)	未爬取
G8482	揭阳机场(JUA)	丰顺东(FDA)	未爬取
G8482	丰顺东(FDA)	梅州西(MXA)	未爬取
G8482	梅州西(MXA)	五华(WHA)	未爬取
G8482	五华(WHA)	龙川西(LCA)	未爬取
G8482	龙川西(LCA)	河源东(HEA)	未爬取
G8482	河源东(HEA)	惠州北(HUA)	未爬取
G8482	惠州北(HUA)	增城(ZCA)	未爬取
G8482	增城(ZCA)	广州新塘(XWQ)	未爬取
G8482	广州新塘(XWQ)	广州(GZQ)	未爬取
G8505	重庆西(CXW)	重庆东(COE)	全车放弃
G8505	重庆东(COE)	南川北(NUE)	未爬取
G8505	南川北(NUE)	武隆南(WLE)	未爬取
G8505	武隆南(WLE)	黔江(QNW)	未爬取
G8608	黔江(QNW)	武隆南(WLE)	全车放弃
G8608	武隆南(WLE)	重庆东(COE)	未爬取
G8608	重庆东(COE)	重庆西(CXW)	未爬取
G8608	重庆西(CXW)	成都东(ICW)	未爬取
G8611	成都东(ICW)	沙坪坝(CYW)	全车放弃
G8618	沙坪坝(CYW)	成都东(ICW)	全车放弃
G8621	成都东(ICW)	内江北(NKW)	全车放弃
G8621	内江北(NKW)	永川东(WMW)	未爬取
G8621	永川东(WMW)	重庆北(CUW)	未爬取
G8621	重庆北(CUW)	江北机场(JCE)	未爬取
G8628	江北机场(JCE)	重庆北(CUW)	全车放弃
G8628	重庆北(CUW)	永川东(WMW)	未爬取
G8628	永川东(WMW)	资中北(WZW)	未爬取
G8628	资中北(WZW)	成都东(ICW)	未爬取
G8631	成都东(ICW)	沙坪坝(CYW)	全车放弃
G8640	沙坪坝(CYW)	资阳北(FYW)	全车放弃
G8640	资阳北(FYW)	成都东(ICW)	未爬取
G8641	成都东(ICW)	内江北(NKW)	全车放弃
G8641	内江北(NKW)	重庆西(CXW)	未爬取
G8680	成都东(ICW)	简阳南(JOW)	全车放弃
G8680	简阳南(JOW)	内江北(NKW)	未爬取
G8680	内江北(NKW)	隆昌北(NWW)	未爬取
G8680	隆昌北(NWW)	重庆北(CUW)	未爬取
G8680	重庆北(CUW)	长寿北(COW)	未爬取
G8680	长寿北(COW)	垫江(DJE)	未爬取
G8680	垫江(DJE)	梁平南(LPE)	未爬取
G8680	梁平南(LPE)	万州北(WZE)	未爬取
G8680	万州北(WZE)	云阳(YUE)	未爬取
G8680	云阳(YUE)	奉节(FJE)	未爬取
G8680	奉节(FJE)	巫山(WOE)	未爬取
G8735	成都东(ICW)	天府机场(TIE)	全车放弃
G8735	天府机场(TIE)	自贡(ZGE)	未爬取
G8735	自贡(ZGE)	泸州(LUE)	未爬取
G8977	南京南(NKH)	武进(WJU)	全车放弃
G8977	武进(WJU)	江阴(KYH)	未爬取
G8977	江阴(KYH)	张家港(ZAU)	未爬取
G8977	张家港(ZAU)	常熟(CAU)	未爬取
G8977	常熟(CAU)	太仓(TCU)	未爬取
G8978	太仓(TCU)	常熟(CAU)	全车放弃
G8978	常熟(CAU)	张家港(ZAU)	未爬取
G8978	张家港(ZAU)	武进(WJU)	未爬取
G8978	武进(WJU)	南京南(NKH)	未爬取
G8991	南京南(NKH)	句容(JRU)	全车放弃
G8991	句容(JRU)	张家港(ZAU)	未爬取
G8991	张家港(ZAU)	常熟(CAU)	未爬取
G8991	常熟(CAU)	太仓(TCU)	未爬取
G8994	张家港(ZAU)	武进(WJU)	全车放弃
G8994	武进(WJU)	金坛(JTU)	未爬取
G8994	金坛(JTU)	句容(JRU)	未爬取
G8994	句容(JRU)	南京南(NKH)	未爬取
G9645	邵阳(SYQ)	邵东(FIQ)	全车放弃
G9645	邵东(FIQ)	衡阳东(HVQ)	未爬取
G9645	衡阳东(HVQ)	郴州西(ICQ)	未爬取
G9645	郴州西(ICQ)	韶关(SNQ)	未爬取
G9645	韶关(SNQ)	广州南(IZQ)	未爬取
G9646	广州南(IZQ)	韶关(SNQ)	全车放弃
G9646	韶关(SNQ)	郴州西(ICQ)	未爬取
G9646	郴州西(ICQ)	衡阳东(HVQ)	未爬取
G9646	衡阳东(HVQ)	西渡(XDA)	未爬取
G9646	西渡(XDA)	邵东(FIQ)	未爬取
G9646	邵东(FIQ)	邵阳(SYQ)	未爬取
G9799	深圳北(IOQ)	福田(NZQ)	全车放弃
G9799	福田(NZQ)	香港西九龙(XJA)	未爬取
G9821	南昌西(NXG)	宜春(YEG)	全车放弃
G9821	宜春(YEG)	萍乡北(PBG)	未爬取
G9822	萍乡北(PBG)	宜春(YEG)	全车放弃
G9822	宜春(YEG)	高安(GCG)	未爬取
G9822	高安(GCG)	南昌西(NXG)	未爬取

--- 2026-07-28 20:10:37 ---
G1401	石家庄(SJP)	邯郸东(HPP)	全车放弃
G1401	邯郸东(HPP)	鹤壁东(HFF)	未爬取
G1401	鹤壁东(HFF)	新乡东(EGF)	未爬取
G1401	新乡东(EGF)	郑州东(ZAF)	未爬取
G1401	郑州东(ZAF)	漯河西(LBN)	未爬取
G1401	漯河西(LBN)	驻马店西(ZLN)	未爬取
G1401	驻马店西(ZLN)	信阳东(OYN)	未爬取
G1401	信阳东(OYN)	武汉(WHN)	未爬取
G1401	武汉(WHN)	岳阳东(YIQ)	未爬取
G1401	岳阳东(YIQ)	长沙南(CWQ)	未爬取
G1401	长沙南(CWQ)	株洲西(ZAQ)	未爬取
G1401	株洲西(ZAQ)	衡阳东(HVQ)	未爬取
G1401	衡阳东(HVQ)	祁东(QMQ)	未爬取
G1401	祁东(QMQ)	祁阳(QWQ)	未爬取
G1401	祁阳(QWQ)	永州(AOQ)	未爬取
G1401	永州(AOQ)	东安东(DCZ)	未爬取
G1401	东安东(DCZ)	桂林北(GBZ)	未爬取
G1401	桂林北(GBZ)	柳州(LZZ)	未爬取
G1401	柳州(LZZ)	来宾北(UCZ)	未爬取
G1401	来宾北(UCZ)	南宁东(NFZ)	未爬取
G1402	南宁东(NFZ)	来宾北(UCZ)	全车放弃
G1402	来宾北(UCZ)	柳州(LZZ)	未爬取
G1402	柳州(LZZ)	永福南(YBZ)	未爬取
G1402	永福南(YBZ)	桂林北(GBZ)	未爬取
G1402	桂林北(GBZ)	全州南(QNZ)	未爬取
G1402	全州南(QNZ)	东安东(DCZ)	未爬取
G1402	东安东(DCZ)	永州(AOQ)	未爬取
G1402	永州(AOQ)	祁阳(QWQ)	未爬取
G1402	祁阳(QWQ)	祁东(QMQ)	未爬取
G1402	祁东(QMQ)	衡阳东(HVQ)	未爬取
G1402	衡阳东(HVQ)	株洲西(ZAQ)	未爬取
G1402	株洲西(ZAQ)	长沙南(CWQ)	未爬取
G1402	长沙南(CWQ)	岳阳东(YIQ)	未爬取
G1402	岳阳东(YIQ)	赤壁北(CIN)	未爬取
G1402	赤壁北(CIN)	武汉(WHN)	未爬取
G1402	武汉(WHN)	漯河西(LBN)	未爬取
G1402	漯河西(LBN)	许昌东(XVF)	未爬取
G1402	许昌东(XVF)	郑州东(ZAF)	未爬取
G1402	郑州东(ZAF)	新乡东(EGF)	未爬取
G1402	新乡东(EGF)	邯郸东(HPP)	未爬取
G1402	邯郸东(HPP)	石家庄(SJP)	未爬取
G1619	长沙南(CWQ)	韶山南(INQ)	全车放弃
G1619	韶山南(INQ)	怀化南(KAQ)	未爬取
G1619	怀化南(KAQ)	芷江(ZPQ)	未爬取
G1619	芷江(ZPQ)	凯里南(QKW)	未爬取
G1619	凯里南(QKW)	贵阳北(KQW)	未爬取
G1619	贵阳北(KQW)	河池西(HIZ)	未爬取
G1619	河池西(HIZ)	都安(RUZ)	未爬取
G1619	都安(RUZ)	南宁东(NFZ)	未爬取
G1620	南宁东(NFZ)	河池西(HIZ)	全车放弃
G1620	河池西(HIZ)	都匀东(KJW)	未爬取
G1620	都匀东(KJW)	贵阳北(KQW)	未爬取
G1620	贵阳北(KQW)	贵定北(FMW)	未爬取
G1620	贵定北(FMW)	铜仁南(TNW)	未爬取
G1620	铜仁南(TNW)	怀化南(KAQ)	未爬取
G1620	怀化南(KAQ)	新化南(EJQ)	未爬取
G1620	新化南(EJQ)	娄底南(UOQ)	未爬取
G1620	娄底南(UOQ)	韶山南(INQ)	未爬取
G1620	韶山南(INQ)	湘潭北(EDQ)	未爬取
G1620	湘潭北(EDQ)	长沙南(CWQ)	未爬取
G2122	昆明南(KOM)	曲靖北(QBM)	全车放弃
G2122	曲靖北(QBM)	盘州(PAE)	未爬取
G2122	盘州(PAE)	贵阳北(KQW)	未爬取
G2122	贵阳北(KQW)	贵定北(FMW)	未爬取
G2122	贵定北(FMW)	凯里南(QKW)	未爬取
G2122	凯里南(QKW)	铜仁南(TNW)	未爬取
G2122	铜仁南(TNW)	怀化南(KAQ)	未爬取
G2122	怀化南(KAQ)	娄底南(UOQ)	未爬取
G2122	娄底南(UOQ)	长沙南(CWQ)	未爬取
G2489	清河(QIP)	怀来(VQP)	全车放弃
G2489	怀来(VQP)	宣化北(VJP)	未爬取
G2489	宣化北(VJP)	张家口(ZMP)	未爬取
G2489	张家口(ZMP)	乌兰察布(WPC)	未爬取
G2489	乌兰察布(WPC)	卓资东(ZDC)	未爬取
G2489	卓资东(ZDC)	呼和浩特东(NDC)	未爬取
G2490	呼和浩特东(NDC)	卓资东(ZDC)	全车放弃
G2490	卓资东(ZDC)	乌兰察布(WPC)	未爬取
G2490	乌兰察布(WPC)	兴和北(EBC)	未爬取
G2490	兴和北(EBC)	张家口(ZMP)	未爬取
G2490	张家口(ZMP)	东花园北(QBP)	未爬取
G2490	东花园北(QBP)	清河(QIP)	未爬取
G2497	北京北(VAP)	东花园北(QBP)	全车放弃
G2497	东花园北(QBP)	张家口(ZMP)	未爬取
G2497	张家口(ZMP)	兴和北(EBC)	未爬取
G2497	兴和北(EBC)	乌兰察布(WPC)	未爬取
G2497	乌兰察布(WPC)	卓资东(ZDC)	未爬取
G2497	卓资东(ZDC)	呼和浩特东(NDC)	未爬取
G2498	呼和浩特东(NDC)	乌兰察布(WPC)	全车放弃
G2498	乌兰察布(WPC)	张家口(ZMP)	未爬取
G2498	张家口(ZMP)	北京北(VAP)	未爬取
G3194	天台山(TIU)	温岭(VHH)	全车放弃
G3197	杭州西(HVU)	广德南(GNU)	全车放弃
G3197	广德南(GNU)	宣城(ECH)	未爬取
G3197	宣城(ECH)	芜湖(WHH)	未爬取
G3197	芜湖(WHH)	巢湖东(GUH)	未爬取
G3197	巢湖东(GUH)	合肥南(ENH)	未爬取
G3197	合肥南(ENH)	淮南南(HNU)	未爬取
G3197	淮南南(HNU)	阜阳西(FXU)	未爬取
G3197	阜阳西(FXU)	亳州南(BNU)	未爬取
G3197	亳州南(BNU)	商丘(SQF)	未爬取
G3197	商丘(SQF)	郑州东(ZAF)	未爬取
G3197	郑州东(ZAF)	洛阳龙门(LLF)	未爬取
G3197	洛阳龙门(LLF)	三门峡南(SCF)	未爬取
G3197	三门峡南(SCF)	西安北(EAY)	未爬取
G3239	泗县东(ODU)	五河(WHU)	全车放弃
G3239	五河(WHU)	明光西(MXU)	未爬取
G3239	明光西(MXU)	定远东(DEU)	未爬取
G3239	定远东(DEU)	合肥西(HFU)	未爬取
G3239	合肥西(HFU)	六安(UAH)	未爬取
G3239	六安(UAH)	麻城北(MBN)	未爬取
G3239	麻城北(MBN)	红安西(VXN)	未爬取
G3239	红安西(VXN)	汉口(HKN)	未爬取
G3240	汉口(HKN)	红安西(VXN)	全车放弃
G3240	红安西(VXN)	麻城北(MBN)	未爬取
G3240	麻城北(MBN)	六安(UAH)	未爬取
G3240	六安(UAH)	合肥西(HFU)	未爬取
G3240	合肥西(HFU)	定远东(DEU)	未爬取
G3240	定远东(DEU)	明光西(MXU)	未爬取
G3240	明光西(MXU)	五河(WHU)	未爬取
G3240	五河(WHU)	泗县东(ODU)	未爬取
G3277	江阴(KYH)	金坛(JTU)	全车放弃
G3277	金坛(JTU)	南京南(NKH)	未爬取
G3277	南京南(NKH)	马鞍山东(OMH)	未爬取
G3277	马鞍山东(OMH)	芜湖(WHH)	未爬取
G3277	芜湖(WHH)	安庆(AQH)	未爬取
G3277	安庆(AQH)	合肥西(HFU)	未爬取
G3277	合肥西(HFU)	淮南南(HNU)	未爬取
G3277	淮南南(HNU)	阜阳西(FXU)	未爬取
G3277	阜阳西(FXU)	商丘(SQF)	未爬取
G3277	商丘(SQF)	郑州东(ZAF)	未爬取
G3277	郑州东(ZAF)	西安北(EAY)	未爬取
G3278	西安北(EAY)	渭南北(WBY)	全车放弃
G3278	渭南北(WBY)	洛阳龙门(LLF)	未爬取
G3278	洛阳龙门(LLF)	郑州东(ZAF)	未爬取
G3278	郑州东(ZAF)	商丘(SQF)	未爬取
G3278	商丘(SQF)	阜阳西(FXU)	未爬取
G3278	阜阳西(FXU)	合肥西(HFU)	未爬取
G3278	合肥西(HFU)	安庆(AQH)	未爬取
G3278	安庆(AQH)	芜湖(WHH)	未爬取
G3278	芜湖(WHH)	南京南(NKH)	未爬取
G3278	南京南(NKH)	金坛(JTU)	未爬取
G3278	金坛(JTU)	江阴(KYH)	未爬取
G3332	厦门北(XKS)	泉州南(QNS)	全车放弃
G3332	泉州南(QNS)	莆田(PTS)	未爬取
G3332	莆田(PTS)	福州南(FYS)	未爬取
G3332	福州南(FYS)	福州(FZS)	未爬取
G3332	福州(FZS)	延平(YPS)	未爬取
G3332	延平(YPS)	南平市(NOS)	未爬取
G3332	南平市(NOS)	武夷山北(WBS)	未爬取
G3332	武夷山北(WBS)	上饶(SRG)	未爬取
G3332	上饶(SRG)	婺源(WYG)	未爬取
G3332	婺源(WYG)	黄山北(NYH)	未爬取
G3332	黄山北(NYH)	绩溪北(NRH)	未爬取
G3332	绩溪北(NRH)	宁国南(NIU)	未爬取
G3332	宁国南(NIU)	宣城(ECH)	未爬取
G3332	宣城(ECH)	芜湖(WHH)	未爬取
G3332	芜湖(WHH)	南京南(NKH)	未爬取
G3332	南京南(NKH)	句容(JRU)	未爬取
G3332	句容(JRU)	金坛(JTU)	未爬取
G3332	金坛(JTU)	武进(WJU)	未爬取
G3332	武进(WJU)	江阴(KYH)	未爬取
G3771	福州南(FYS)	莆田(PTS)	全车放弃
G3771	莆田(PTS)	泉州东(QRS)	未爬取
G3771	泉州东(QRS)	厦门北(XKS)	未爬取
G3771	厦门北(XKS)	漳州(ZUS)	未爬取
G3771	漳州(ZUS)	云霄(YBS)	未爬取
G3771	云霄(YBS)	诏安(ZDS)	未爬取
G3771	诏安(ZDS)	潮安(CMQ)	未爬取
G3771	潮安(CMQ)	汕头(OTQ)	未爬取
G3771	汕头(OTQ)	潮南(CHA)	未爬取
G3771	潮南(CHA)	惠来(HGA)	未爬取
G3771	惠来(HGA)	陆丰东(LDA)	未爬取
G3771	陆丰东(LDA)	汕尾(OGQ)	未爬取
G3771	汕尾(OGQ)	惠州南(KNA)	未爬取
G3771	惠州南(KNA)	博罗(BOA)	未爬取
G3771	博罗(BOA)	罗浮山(LVA)	未爬取
G3771	罗浮山(LVA)	广州新塘(XWQ)	未爬取
G3772	广州新塘(XWQ)	惠州南(KNA)	全车放弃
G3772	惠州南(KNA)	惠东(KDA)	未爬取
G3772	惠东(KDA)	汕尾(OGQ)	未爬取
G3772	汕尾(OGQ)	陆丰东(LDA)	未爬取
G3772	陆丰东(LDA)	惠来(HGA)	未爬取
G3772	惠来(HGA)	潮南(CHA)	未爬取
G3772	潮南(CHA)	汕头(OTQ)	未爬取
G3772	汕头(OTQ)	诏安(ZDS)	未爬取
G3772	诏安(ZDS)	漳浦(ZCS)	未爬取
G3772	漳浦(ZCS)	漳州(ZUS)	未爬取
G3772	漳州(ZUS)	厦门北(XKS)	未爬取
G3772	厦门北(XKS)	泉州南(QNS)	未爬取
G3772	泉州南(QNS)	莆田(PTS)	未爬取
G3772	莆田(PTS)	福州南(FYS)	未爬取
G4917	上海虹桥(AOH)	杭州东(HGH)	全车放弃
G4917	杭州东(HGH)	义乌(YWH)	未爬取
G4917	义乌(YWH)	衢州(QEH)	未爬取
G4917	衢州(QEH)	上饶(SRG)	未爬取
G4917	上饶(SRG)	鹰潭北(YKG)	未爬取
G4917	鹰潭北(YKG)	南昌东(NUG)	未爬取
G4944	长沙(CSQ)	益阳南(YAA)	全车放弃
G4944	益阳南(YAA)	汉寿(HHA)	未爬取
G4944	汉寿(HHA)	常德(VGQ)	未爬取
G4944	常德(VGQ)	桃源(TYA)	未爬取
G4944	桃源(TYA)	牛车河(NHA)	未爬取
G4944	牛车河(NHA)	张家界西(JXA)	未爬取
G4944	张家界西(JXA)	桑植(SZA)	未爬取
G4944	桑植(SZA)	龙山北(LBA)	未爬取
G4944	龙山北(LBA)	来凤(LFA)	未爬取
G4944	来凤(LFA)	咸丰(XFA)	未爬取
G4944	咸丰(XFA)	黔江(QNW)	未爬取
G4944	黔江(QNW)	彭水西(PEE)	未爬取
G4944	彭水西(PEE)	武隆南(WLE)	未爬取
G4944	武隆南(WLE)	重庆东(COE)	未爬取
G4945	重庆东(COE)	武隆南(WLE)	全车放弃
G4945	武隆南(WLE)	彭水西(PEE)	未爬取
G4945	彭水西(PEE)	黔江(QNW)	未爬取
G4945	黔江(QNW)	张家界西(JXA)	未爬取
G4946	张家界西(JXA)	龙山北(LBA)	全车放弃
G4946	龙山北(LBA)	来凤(LFA)	未爬取
G4946	来凤(LFA)	咸丰(XFA)	未爬取
G4946	咸丰(XFA)	黔江(QNW)	未爬取
G4946	黔江(QNW)	彭水西(PEE)	未爬取
G4946	彭水西(PEE)	重庆东(COE)	未爬取
G4949	重庆东(COE)	武隆南(WLE)	全车放弃
G4949	武隆南(WLE)	黔江(QNW)	未爬取
G4949	黔江(QNW)	咸丰(XFA)	未爬取
G4949	咸丰(XFA)	龙山北(LBA)	未爬取
G4949	龙山北(LBA)	张家界西(JXA)	未爬取
G5037	鹰潭北(YKG)	南 昌(@南 昌)	全车放弃
G5038	永修(ACG)	南 昌(@南 昌)	全车放弃
G5133	汕头(OTQ)	汕头南(SNA)	全车放弃
G5133	汕头南(SNA)	惠来(HGA)	未爬取
G5133	惠来(HGA)	陆丰东(LDA)	未爬取
G5133	陆丰东(LDA)	陆丰南(LAA)	未爬取
G5133	陆丰南(LAA)	惠东(KDA)	未爬取
G5133	惠东(KDA)	惠州南(KNA)	未爬取
G5133	惠州南(KNA)	博罗(BOA)	未爬取
G5133	博罗(BOA)	广州新塘(XWQ)	未爬取
G5133	广州新塘(XWQ)	广州(GZQ)	未爬取
G5133	广州(GZQ)	佛山(FSQ)	未爬取
G5133	佛山(FSQ)	阳春东(YBQ)	未爬取
G5133	阳春东(YBQ)	马踏(PWQ)	未爬取
G5133	马踏(PWQ)	茂名南(MRQ)	未爬取
G5133	茂名南(MRQ)	吴川(WAQ)	未爬取
G5133	吴川(WAQ)	湛江北(ZMQ)	未爬取
G5138	湛江北(ZMQ)	吴川(WAQ)	全车放弃
G5138	吴川(WAQ)	茂名南(MRQ)	未爬取
G5138	茂名南(MRQ)	阳江北(YLQ)	未爬取
G5138	阳江北(YLQ)	新兴南(XPQ)	未爬取
G5138	新兴南(XPQ)	佛山(FSQ)	未爬取
G5138	佛山(FSQ)	广州(GZQ)	未爬取
G5138	广州(GZQ)	广州新塘(XWQ)	未爬取
G5138	广州新塘(XWQ)	惠州南(KNA)	未爬取
G5138	惠州南(KNA)	汕尾(OGQ)	未爬取
G5138	汕尾(OGQ)	陆丰南(LAA)	未爬取
G5138	陆丰南(LAA)	陆丰东(LDA)	未爬取
G5138	陆丰东(LDA)	惠来(HGA)	未爬取
G5138	惠来(HGA)	汕头南(SNA)	未爬取
G5138	汕头南(SNA)	汕头(OTQ)	未爬取
G5180	湛江北(ZMQ)	茂名南(MRQ)	全车放弃
G5180	茂名南(MRQ)	阳江北(YLQ)	未爬取
G5180	阳江北(YLQ)	阳春东(YBQ)	未爬取
G5180	阳春东(YBQ)	佛山(FSQ)	未爬取
G5180	佛山(FSQ)	广州(GZQ)	未爬取
G5183	广州(GZQ)	佛山(FSQ)	全车放弃
G5183	佛山(FSQ)	新兴南(XPQ)	未爬取
G5183	新兴南(XPQ)	阳江北(YLQ)	未爬取
G5183	阳江北(YLQ)	茂名南(MRQ)	未爬取
G5183	茂名南(MRQ)	湛江北(ZMQ)	未爬取
G5184	湛江北(ZMQ)	茂名南(MRQ)	全车放弃
G5184	茂名南(MRQ)	马踏(PWQ)	未爬取
G5184	马踏(PWQ)	阳江北(YLQ)	未爬取
G5184	阳江北(YLQ)	阳春东(YBQ)	未爬取
G5184	阳春东(YBQ)	佛山(FSQ)	未爬取
G5184	佛山(FSQ)	广州白云(GBA)	未爬取
G5185	广州白云(GBA)	新兴南(XPQ)	全车放弃
G5185	新兴南(XPQ)	阳春东(YBQ)	未爬取
G5185	阳春东(YBQ)	马踏(PWQ)	未爬取
G5185	马踏(PWQ)	茂名南(MRQ)	未爬取
G5185	茂名南(MRQ)	湛江北(ZMQ)	未爬取
G5186	湛江北(ZMQ)	茂名南(MRQ)	全车放弃
G5186	茂名南(MRQ)	马踏(PWQ)	未爬取
G5186	马踏(PWQ)	阳江北(YLQ)	未爬取
G5186	阳江北(YLQ)	阳春东(YBQ)	未爬取
G5186	阳春东(YBQ)	新兴南(XPQ)	未爬取
G5186	新兴南(XPQ)	佛山(FSQ)	未爬取
G5186	佛山(FSQ)	广州(GZQ)	未爬取
G5187	广州(GZQ)	佛山(FSQ)	全车放弃
G5187	佛山(FSQ)	阳春东(YBQ)	未爬取
G5187	阳春东(YBQ)	茂名南(MRQ)	未爬取
G5187	茂名南(MRQ)	湛江北(ZMQ)	未爬取
G5252	广州(GZQ)	广州新塘(XWQ)	全车放弃
G5252	广州新塘(XWQ)	惠州北(HUA)	未爬取
G5252	惠州北(HUA)	五华(WHA)	未爬取
G5252	五华(WHA)	梅州西(MXA)	未爬取
G5252	梅州西(MXA)	丰顺东(FDA)	未爬取
G5252	丰顺东(FDA)	揭阳(JYA)	未爬取
G5252	揭阳(JYA)	揭阳机场(JUA)	未爬取
G5252	揭阳机场(JUA)	潮汕(CBQ)	未爬取
G5252	潮汕(CBQ)	潮安(CMQ)	未爬取
G5252	潮安(CMQ)	汕头(OTQ)	未爬取
G5252	汕头(OTQ)	潮南(CHA)	未爬取
G5252	潮南(CHA)	惠来(HGA)	未爬取
G5252	惠来(HGA)	陆丰东(LDA)	未爬取
G5252	陆丰东(LDA)	陆丰南(LAA)	未爬取
G5252	陆丰南(LAA)	汕尾(OGQ)	未爬取
G5252	汕尾(OGQ)	惠东(KDA)	未爬取
G5252	惠东(KDA)	惠州南(KNA)	未爬取
G5252	惠州南(KNA)	仲恺(ZKA)	未爬取
G5252	仲恺(ZKA)	深圳(SZQ)	未爬取
G5255	深圳(SZQ)	汕尾(OGQ)	全车放弃
G5255	汕尾(OGQ)	惠来(HGA)	未爬取
G5255	惠来(HGA)	汕头(OTQ)	未爬取
G5255	汕头(OTQ)	潮汕(CBQ)	未爬取
G5255	潮汕(CBQ)	揭阳机场(JUA)	未爬取
G5255	揭阳机场(JUA)	揭阳(JYA)	未爬取
G5255	揭阳(JYA)	丰顺东(FDA)	未爬取
G5255	丰顺东(FDA)	梅州西(MXA)	未爬取
G5255	梅州西(MXA)	兴宁南(XNA)	未爬取
G5255	兴宁南(XNA)	五华(WHA)	未爬取
G5255	五华(WHA)	龙川西(LCA)	未爬取
G5255	龙川西(LCA)	惠州北(HUA)	未爬取
G5255	惠州北(HUA)	深  圳(@深  圳)	未爬取
G5256	深圳(SZQ)	仲恺(ZKA)	全车放弃
G5256	仲恺(ZKA)	惠州北(HUA)	未爬取
G5256	惠州北(HUA)	河源东(HEA)	未爬取
G5256	河源东(HEA)	龙川西(LCA)	未爬取
G5256	龙川西(LCA)	五华(WHA)	未爬取
G5256	五华(WHA)	兴宁南(XNA)	未爬取
G5256	兴宁南(XNA)	梅州西(MXA)	未爬取
G5256	梅州西(MXA)	丰顺东(FDA)	未爬取
G5256	丰顺东(FDA)	揭阳(JYA)	未爬取
G5256	揭阳(JYA)	揭阳机场(JUA)	未爬取
G5256	揭阳机场(JUA)	潮汕(CBQ)	未爬取
G5256	潮汕(CBQ)	汕头(OTQ)	未爬取
G5256	汕头(OTQ)	汕头南(SNA)	未爬取
G5256	汕头南(SNA)	潮南(CHA)	未爬取
G5256	潮南(CHA)	惠来(HGA)	未爬取
G5256	惠来(HGA)	汕尾(OGQ)	未爬取
G5256	汕尾(OGQ)	惠东(KDA)	未爬取
G5256	惠东(KDA)	惠州南(KNA)	未爬取
G5256	惠州南(KNA)	深  圳(@深  圳)	未爬取
G5260	深圳(SZQ)	惠州南(KNA)	全车放弃
G5260	惠州南(KNA)	惠东(KDA)	未爬取
G5260	惠东(KDA)	汕尾(OGQ)	未爬取
G5260	汕尾(OGQ)	惠来(HGA)	未爬取
G5260	惠来(HGA)	汕头(OTQ)	未爬取
G5260	汕头(OTQ)	潮汕(CBQ)	未爬取
G5260	潮汕(CBQ)	揭阳机场(JUA)	未爬取
G5260	揭阳机场(JUA)	揭阳(JYA)	未爬取
G5260	揭阳(JYA)	梅州西(MXA)	未爬取
G5260	梅州西(MXA)	兴宁南(XNA)	未爬取
G5260	兴宁南(XNA)	五华(WHA)	未爬取
G5260	五华(WHA)	河源东(HEA)	未爬取
G5260	河源东(HEA)	惠州北(HUA)	未爬取
G5260	惠州北(HUA)	增城(ZCA)	未爬取
G5260	增城(ZCA)	广州新塘(XWQ)	未爬取
G5260	广州新塘(XWQ)	广州东(GGQ)	未爬取
G5266	深圳(SZQ)	惠州北(HUA)	全车放弃
G5266	惠州北(HUA)	河源东(HEA)	未爬取
G5266	河源东(HEA)	龙川西(LCA)	未爬取
G5266	龙川西(LCA)	五华(WHA)	未爬取
G5266	五华(WHA)	兴宁南(XNA)	未爬取
G5266	兴宁南(XNA)	梅州西(MXA)	未爬取
G5266	梅州西(MXA)	丰顺东(FDA)	未爬取
G5266	丰顺东(FDA)	揭阳(JYA)	未爬取
G5266	揭阳(JYA)	揭阳机场(JUA)	未爬取
G5266	揭阳机场(JUA)	潮汕(CBQ)	未爬取
G5266	潮汕(CBQ)	汕头(OTQ)	未爬取
G5266	汕头(OTQ)	汕头南(SNA)	未爬取
G5266	汕头南(SNA)	潮南(CHA)	未爬取
G5266	潮南(CHA)	惠来(HGA)	未爬取
G5266	惠来(HGA)	汕尾(OGQ)	未爬取
G5266	汕尾(OGQ)	惠东(KDA)	未爬取
G5266	惠东(KDA)	惠州南(KNA)	未爬取
G5266	惠州南(KNA)	深  圳(@深  圳)	未爬取
G5346	六盘水(UMW)	安顺西(ASE)	全车放弃
G5346	安顺西(ASE)	贵阳北(KQW)	未爬取
G5346	贵阳北(KQW)	凯里南(QKW)	未爬取
G5346	凯里南(QKW)	铜仁南(TNW)	未爬取
G5384	兴义南(XVE)	保田(BTE)	全车放弃
G5384	保田(BTE)	盘州(PAE)	未爬取
G5384	盘州(PAE)	普安县(PUE)	未爬取
G5384	普安县(PUE)	贵阳北(KQW)	未爬取
G5384	贵阳北(KQW)	龙洞堡(FVW)	未爬取
G5384	龙洞堡(FVW)	龙里北(KFW)	未爬取
G5384	龙里北(KFW)	贵定县(KIW)	未爬取
G5384	贵定县(KIW)	都匀东(KJW)	未爬取
G5384	都匀东(KJW)	荔波(UBE)	未爬取
G5492	烟台(YAK)	济南东(MDK)	全车放弃
G5557	淄博(ZBK)	济  南(@济  南)	全车放弃
G5558	曲阜东(QAK)	济  南(@济  南)	全车放弃
G5600	莒南北(VNK)	临  沂北(@临  沂北)	全车放弃
G5781	重庆西(CXW)	泸州(LUE)	全车放弃
G5781	泸州(LUE)	南溪(NEE)	未爬取
G5781	南溪(NEE)	宜宾(YKE)	未爬取
G5794	宜宾(YKE)	南溪(NEE)	全车放弃
G5794	南溪(NEE)	泸州(LUE)	未爬取
G5794	泸州(LUE)	永川南(YNE)	未爬取
G5794	永川南(YNE)	江津北(JAE)	未爬取
G5794	江津北(JAE)	重庆西(CXW)	未爬取
G5794	重庆西(CXW)	重庆北(CUW)	未爬取
G5794	重庆北(CUW)	万州北(WZE)	未爬取
G5794	万州北(WZE)	云阳(YUE)	未爬取
G5794	云阳(YUE)	巫山(WOE)	未爬取
G6036	深圳北(IOQ)	虎门(IUQ)	全车放弃
G6036	虎门(IUQ)	广州南(IZQ)	未爬取
G6036	广州南(IZQ)	清远(QBQ)	未爬取
G6036	清远(QBQ)	英德西(IIQ)	未爬取
G6036	英德西(IIQ)	韶关(SNQ)	未爬取
G6036	韶关(SNQ)	郴州西(ICQ)	未爬取
G6100	深圳北(IOQ)	虎门(IUQ)	全车放弃
G6100	虎门(IUQ)	广州南(IZQ)	未爬取
G6100	广州南(IZQ)	郴州西(ICQ)	未爬取
G6100	郴州西(ICQ)	衡阳东(HVQ)	未爬取
G6135	长沙南(CWQ)	株洲西(ZAQ)	全车放弃
G6135	株洲西(ZAQ)	衡阳东(HVQ)	未爬取
G6135	衡阳东(HVQ)	郴州西(ICQ)	未爬取
G6216	深圳北(IOQ)	虎门(IUQ)	全车放弃
G6216	虎门(IUQ)	广州南(IZQ)	未爬取
G6227	广州南(IZQ)	深圳北(IOQ)	全车放弃
G6229	清远(QBQ)	广州南(IZQ)	全车放弃
G6229	广州南(IZQ)	虎门(IUQ)	未爬取
G6229	虎门(IUQ)	深圳北(IOQ)	未爬取
G6250	深圳北(IOQ)	虎门(IUQ)	全车放弃
G6250	虎门(IUQ)	广州南(IZQ)	未爬取
G6250	广州南(IZQ)	广州北(GBQ)	未爬取
G6250	广州北(GBQ)	清远(QBQ)	未爬取
G6344	普宁(PEQ)	潮汕(CBQ)	全车放弃
G6344	潮汕(CBQ)	汕头(OTQ)	未爬取
G6423	长沙南(CWQ)	娄底南(UOQ)	全车放弃
G6423	娄底南(UOQ)	怀化南(KAQ)	未爬取
G6423	怀化南(KAQ)	凤凰古城(FCA)	未爬取
G6423	凤凰古城(FCA)	吉首东(JDA)	未爬取
G6423	吉首东(JDA)	芙蓉镇(FRA)	未爬取
G6423	芙蓉镇(FRA)	张家界西(JXA)	未爬取
G6424	张家界西(JXA)	芙蓉镇(FRA)	全车放弃
G6424	芙蓉镇(FRA)	吉首东(JDA)	未爬取
G6424	吉首东(JDA)	凤凰古城(FCA)	未爬取
G6424	凤凰古城(FCA)	怀化南(KAQ)	未爬取
G6424	怀化南(KAQ)	娄底南(UOQ)	未爬取
G6424	娄底南(UOQ)	长沙南(CWQ)	未爬取
G6729	北京西(BXP)	高碑店东(GMP)	全车放弃
G6729	高碑店东(GMP)	保定东(BMP)	未爬取
G6729	保定东(BMP)	石家庄(SJP)	未爬取
G6729	石家庄(SJP)	邢台东(EDP)	未爬取
G6729	邢台东(EDP)	邯郸东(HPP)	未爬取
G6733	北京丰台(FTP)	保定东(BMP)	全车放弃
G6733	保定东(BMP)	正定机场(ZHP)	未爬取
G6733	正定机场(ZHP)	石家庄(SJP)	未爬取
G6735	北京丰台(FTP)	保定东(BMP)	全车放弃
G6735	保定东(BMP)	定州东(DOP)	未爬取
G6735	定州东(DOP)	石家庄(SJP)	未爬取
G6773	枝江北(ZIN)	宜昌  东(@宜昌  东)	全车放弃
G6774	随县(OVN)	襄阳  东(@襄阳  东)	全车放弃
G6777	潜江(QJN)	宜昌  东(@宜昌  东)	全车放弃
G6778	天河机场(TJN)	襄阳  东(@襄阳  东)	全车放弃
G6871	汉口(HKN)	孝感东(GDN)	全车放弃
G6871	孝感东(GDN)	云梦东(YRN)	未爬取
G6871	云梦东(YRN)	襄阳东(EKN)	未爬取
G6872	十堰东(OUN)	丹江口(DON)	全车放弃
G6872	丹江口(DON)	襄阳东(EKN)	未爬取
G6872	襄阳东(EKN)	枣阳(ZYN)	未爬取
G6872	枣阳(ZYN)	随州南(ONN)	未爬取
G6872	随州南(ONN)	孝感东(GDN)	未爬取
G6872	孝感东(GDN)	汉口(HKN)	未爬取
G6875	汉口(HKN)	孝感东(GDN)	全车放弃
G6875	孝感东(GDN)	云梦东(YRN)	未爬取
G6875	云梦东(YRN)	安陆西(AXN)	未爬取
G6875	安陆西(AXN)	随州南(ONN)	未爬取
G6875	随州南(ONN)	随县(OVN)	未爬取
G6875	随县(OVN)	襄阳东(EKN)	未爬取
G6875	襄阳东(EKN)	谷城北(GBN)	未爬取
G6875	谷城北(GBN)	十堰东(OUN)	未爬取
G6876	襄阳东(EKN)	随县(OVN)	全车放弃
G6876	随县(OVN)	随州南(ONN)	未爬取
G6876	随州南(ONN)	云梦东(YRN)	未爬取
G6876	云梦东(YRN)	孝感东(GDN)	未爬取
G6876	孝感东(GDN)	汉口(HKN)	未爬取
G6894	宜昌北(ABN)	荆门西(MXN)	全车放弃
G6894	荆门西(MXN)	天门(TKN)	未爬取
G6894	天门(TKN)	汉口(HKN)	未爬取
G6895	汉口(HKN)	汉川北(KFN)	全车放弃
G6895	汉川北(KFN)	天门(TKN)	未爬取
G6895	天门(TKN)	荆门西(MXN)	未爬取
G6895	荆门西(MXN)	宜昌北(ABN)	未爬取
G6957	红岛(HQK)	青  岛北(@青  岛北)	全车放弃
G6958	红岛(HQK)	青  岛北(@青  岛北)	全车放弃
G6967	济南东(MDK)	济  南西(@济  南西)	全车放弃
G6968	曲阜东(QAK)	济  南西(@济  南西)	全车放弃
G6977	青岛西(QUK)	青  岛北(@青  岛北)	全车放弃
G6978	邹平(ZLK)	青  岛北(@青  岛北)	全车放弃
G7298	上海西(SXH)	上海(SHH)	全车放弃
G7649	平阳(ARH)	苍南(CEH)	全车放弃
G7703	合肥南(ENH)	芜湖(WHH)	全车放弃
G7703	芜湖(WHH)	宣城(ECH)	未爬取
G7703	宣城(ECH)	宁国南(NIU)	未爬取
G7703	宁国南(NIU)	黄山北(NYH)	未爬取
G7704	黄山北(NYH)	绩溪北(NRH)	全车放弃
G7704	绩溪北(NRH)	宁国南(NIU)	未爬取
G7704	宁国南(NIU)	宣城(ECH)	未爬取
G7704	宣城(ECH)	芜湖(WHH)	未爬取
G7704	芜湖(WHH)	合肥南(ENH)	未爬取
G7705	合肥南(ENH)	巢湖东(GUH)	全车放弃
G7705	巢湖东(GUH)	芜湖(WHH)	未爬取
G7705	芜湖(WHH)	宣城(ECH)	未爬取
G7705	宣城(ECH)	宁国南(NIU)	未爬取
G7705	宁国南(NIU)	黄山北(NYH)	未爬取
G7705	黄山北(NYH)	黟县东(YIU)	未爬取
G7705	黟县东(YIU)	祁门南(QNU)	未爬取
G7706	祁门南(QNU)	黟县东(YIU)	全车放弃
G7706	黟县东(YIU)	黄山北(NYH)	未爬取
G7706	黄山北(NYH)	绩溪北(NRH)	未爬取
G7706	绩溪北(NRH)	宁国南(NIU)	未爬取
G7706	宁国南(NIU)	宣城(ECH)	未爬取
G7706	宣城(ECH)	芜湖(WHH)	未爬取
G7706	芜湖(WHH)	合肥南(ENH)	未爬取
G7737	合肥南(ENH)	芜湖(WHH)	全车放弃
G7738	芜湖(WHH)	巢湖东(GUH)	全车放弃
G7738	巢湖东(GUH)	合肥南(ENH)	未爬取
G7888	张家口(ZMP)	宣化北(VJP)	全车放弃
G7888	宣化北(VJP)	下花园北(OKP)	未爬取
G7888	下花园北(OKP)	怀来(VQP)	未爬取
G7888	怀来(VQP)	八达岭长城(VLP)	未爬取
G7888	八达岭长城(VLP)	清河(QIP)	未爬取
G8069	大连北(DFT)	营口东(YGT)	全车放弃
G8069	营口东(YGT)	鞍山西(AXT)	未爬取
G8069	鞍山西(AXT)	辽阳(LYT)	未爬取
G8069	辽阳(LYT)	沈阳北(SBT)	未爬取
G8133	铁岭西(PXT)	沈  阳北(@沈  阳北)	全车放弃
G8134	通化(THL)	沈  阳北(@沈  阳北)	全车放弃
G8158	长白山(CUL)	长白山西(SJL)	全车放弃
G8158	长白山西(SJL)	白山东(BDL)	未爬取
G8158	白山东(BDL)	通化(THL)	未爬取
G8158	通化(THL)	抚顺(FET)	未爬取
G8158	抚顺(FET)	沈阳北(SBT)	未爬取
G8160	长白山(CUL)	长白山西(SJL)	全车放弃
G8160	长白山西(SJL)	白山东(BDL)	未爬取
G8160	白山东(BDL)	通化(THL)	未爬取
G8160	通化(THL)	抚顺(FET)	未爬取
G8160	抚顺(FET)	沈阳北(SBT)	未爬取
G8334	无为(IIH)	合肥 南(@合肥 南)	全车放弃
G8345	舒城东(SDU)	合肥 南(@合肥 南)	全车放弃
G8348	安庆(AQH)	桐城东(TOU)	全车放弃
G8348	桐城东(TOU)	庐江西(LUU)	未爬取
G8348	庐江西(LUU)	舒城东(SDU)	未爬取
G8348	舒城东(SDU)	肥西(FAH)	未爬取
G8348	肥西(FAH)	合肥南(ENH)	未爬取
G8350	合肥南(ENH)	肥西(FAH)	全车放弃
G8350	肥西(FAH)	舒城东(SDU)	未爬取
G8350	舒城东(SDU)	庐江西(LUU)	未爬取
G8350	庐江西(LUU)	桐城东(TOU)	未爬取
G8350	桐城东(TOU)	安庆(AQH)	未爬取
G8350	安庆(AQH)	池州(IYH)	未爬取
G8350	池州(IYH)	芜湖(WHH)	未爬取
G8350	芜湖(WHH)	南京南(NKH)	未爬取
G8432	广州东(GGQ)	广州新塘(XWQ)	全车放弃
G8432	广州新塘(XWQ)	惠州南(KNA)	未爬取
G8432	惠州南(KNA)	汕尾(OGQ)	未爬取
G8432	汕尾(OGQ)	陆丰东(LDA)	未爬取
G8432	陆丰东(LDA)	汕头(OTQ)	未爬取
G8432	汕头(OTQ)	潮汕(CBQ)	未爬取
G8432	潮汕(CBQ)	揭阳机场(JUA)	未爬取
G8432	揭阳机场(JUA)	揭阳(JYA)	未爬取
G8432	揭阳(JYA)	丰顺东(FDA)	未爬取
G8432	丰顺东(FDA)	建桥(JQA)	未爬取
G8432	建桥(JQA)	梅州西(MXA)	未爬取
G8432	梅州西(MXA)	五华(WHA)	未爬取
G8432	五华(WHA)	河源东(HEA)	未爬取
G8432	河源东(HEA)	深圳(SZQ)	未爬取
G8467	揭阳(JYA)	揭阳机场(JUA)	全车放弃
G8467	揭阳机场(JUA)	潮汕(CBQ)	未爬取
G8482	深圳(SZQ)	惠州南(KNA)	全车放弃
G8482	惠州南(KNA)	汕尾(OGQ)	未爬取
G8482	汕尾(OGQ)	惠来(HGA)	未爬取
G8482	惠来(HGA)	汕头南(SNA)	未爬取
G8482	汕头南(SNA)	汕头(OTQ)	未爬取
G8482	汕头(OTQ)	潮汕(CBQ)	未爬取
G8482	潮汕(CBQ)	揭阳机场(JUA)	未爬取
G8482	揭阳机场(JUA)	丰顺东(FDA)	未爬取
G8482	丰顺东(FDA)	梅州西(MXA)	未爬取
G8482	梅州西(MXA)	五华(WHA)	未爬取
G8482	五华(WHA)	龙川西(LCA)	未爬取
G8482	龙川西(LCA)	河源东(HEA)	未爬取
G8482	河源东(HEA)	惠州北(HUA)	未爬取
G8482	惠州北(HUA)	增城(ZCA)	未爬取
G8482	增城(ZCA)	广州新塘(XWQ)	未爬取
G8482	广州新塘(XWQ)	广州(GZQ)	未爬取
G8505	重庆西(CXW)	重庆东(COE)	全车放弃
G8505	重庆东(COE)	南川北(NUE)	未爬取
G8505	南川北(NUE)	武隆南(WLE)	未爬取
G8505	武隆南(WLE)	黔江(QNW)	未爬取
G8533	荣昌北(RQW)	重  庆西(@重  庆西)	全车放弃
G8534	宜宾东(EDE)	重  庆西(@重  庆西)	全车放弃
G8539	泸县(LXE)	泸  州(@泸  州)	全车放弃
G8540	宜宾东(EDE)	泸  州(@泸  州)	全车放弃
G8608	黔江(QNW)	武隆南(WLE)	全车放弃
G8608	武隆南(WLE)	重庆东(COE)	未爬取
G8608	重庆东(COE)	重庆西(CXW)	未爬取
G8608	重庆西(CXW)	成都东(ICW)	未爬取
G8611	成都东(ICW)	沙坪坝(CYW)	全车放弃
G8618	沙坪坝(CYW)	成都东(ICW)	全车放弃
G8621	成都东(ICW)	内江北(NKW)	全车放弃
G8621	内江北(NKW)	永川东(WMW)	未爬取
G8621	永川东(WMW)	重庆北(CUW)	未爬取
G8621	重庆北(CUW)	江北机场(JCE)	未爬取
G8628	江北机场(JCE)	重庆北(CUW)	全车放弃
G8628	重庆北(CUW)	永川东(WMW)	未爬取
G8628	永川东(WMW)	资中北(WZW)	未爬取
G8628	资中北(WZW)	成都东(ICW)	未爬取
G8631	成都东(ICW)	沙坪坝(CYW)	全车放弃
G8640	沙坪坝(CYW)	资阳北(FYW)	全车放弃
G8640	资阳北(FYW)	成都东(ICW)	未爬取
G8641	成都东(ICW)	内江北(NKW)	全车放弃
G8641	内江北(NKW)	重庆西(CXW)	未爬取
G8680	成都东(ICW)	简阳南(JOW)	全车放弃
G8680	简阳南(JOW)	内江北(NKW)	未爬取
G8680	内江北(NKW)	隆昌北(NWW)	未爬取
G8680	隆昌北(NWW)	重庆北(CUW)	未爬取
G8680	重庆北(CUW)	长寿北(COW)	未爬取
G8680	长寿北(COW)	垫江(DJE)	未爬取
G8680	垫江(DJE)	梁平南(LPE)	未爬取
G8680	梁平南(LPE)	万州北(WZE)	未爬取
G8680	万州北(WZE)	云阳(YUE)	未爬取
G8680	云阳(YUE)	奉节(FJE)	未爬取
G8680	奉节(FJE)	巫山(WOE)	未爬取
G8729	桐梓东(TDE)	重  庆西(@重  庆西)	全车放弃
G8735	成都东(ICW)	天府机场(TIE)	全车放弃
G8735	天府机场(TIE)	自贡(ZGE)	未爬取
G8735	自贡(ZGE)	泸州(LUE)	未爬取
G8739	彭山北(PPW)	成  都东(@成  都东)	全车放弃
G8740	内江北(NKW)	成  都东(@成  都东)	全车放弃
G8743	眉山东(IUW)	成  都东(@成  都东)	全车放弃
G8744	天府机场(TIE)	成  都东(@成  都东)	全车放弃
G8748	遵义(ZYE)	贵  阳北(@贵  阳北)	全车放弃
G8753	清镇西(QUE)	贵  阳北(@贵  阳北)	全车放弃
G8754	遵义(ZYE)	贵  阳北(@贵  阳北)	全车放弃
G8977	南京南(NKH)	武进(WJU)	全车放弃
G8977	武进(WJU)	江阴(KYH)	未爬取
G8977	江阴(KYH)	张家港(ZAU)	未爬取
G8977	张家港(ZAU)	常熟(CAU)	未爬取
G8977	常熟(CAU)	太仓(TCU)	未爬取
G8978	太仓(TCU)	常熟(CAU)	全车放弃
G8978	常熟(CAU)	张家港(ZAU)	未爬取
G8978	张家港(ZAU)	武进(WJU)	未爬取
G8978	武进(WJU)	南京南(NKH)	未爬取
G8991	南京南(NKH)	句容(JRU)	全车放弃
G8991	句容(JRU)	张家港(ZAU)	未爬取
G8991	张家港(ZAU)	常熟(CAU)	未爬取
G8991	常熟(CAU)	太仓(TCU)	未爬取
G8994	张家港(ZAU)	武进(WJU)	全车放弃
G8994	武进(WJU)	金坛(JTU)	未爬取
G8994	金坛(JTU)	句容(JRU)	未爬取
G8994	句容(JRU)	南京南(NKH)	未爬取
G9645	邵阳(SYQ)	邵东(FIQ)	全车放弃
G9645	邵东(FIQ)	衡阳东(HVQ)	未爬取
G9645	衡阳东(HVQ)	郴州西(ICQ)	未爬取
G9645	郴州西(ICQ)	韶关(SNQ)	未爬取
G9645	韶关(SNQ)	广州南(IZQ)	未爬取
G9646	广州南(IZQ)	韶关(SNQ)	全车放弃
G9646	韶关(SNQ)	郴州西(ICQ)	未爬取
G9646	郴州西(ICQ)	衡阳东(HVQ)	未爬取
G9646	衡阳东(HVQ)	西渡(XDA)	未爬取
G9646	西渡(XDA)	邵东(FIQ)	未爬取
G9646	邵东(FIQ)	邵阳(SYQ)	未爬取
G9656	惠来(HGA)	汕头南(SNA)	全车放弃
G9656	汕头南(SNA)	汕头(OTQ)	未爬取
G9799	深圳北(IOQ)	福田(NZQ)	全车放弃
G9799	福田(NZQ)	香港西九龙(XJA)	未爬取
G9821	南昌西(NXG)	宜春(YEG)	全车放弃
G9821	宜春(YEG)	萍乡北(PBG)	未爬取
G9822	萍乡北(PBG)	宜春(YEG)	全车放弃
G9822	宜春(YEG)	高安(GCG)	未爬取
G9822	高安(GCG)	南昌西(NXG)	未爬取

--- 2026-07-29 07:07:38 ---
G1401	石家庄(SJP)	邯郸东(HPP)	全车放弃
G1401	邯郸东(HPP)	鹤壁东(HFF)	未爬取
G1401	鹤壁东(HFF)	新乡东(EGF)	未爬取
G1401	新乡东(EGF)	郑州东(ZAF)	未爬取
G1401	郑州东(ZAF)	漯河西(LBN)	未爬取
G1401	漯河西(LBN)	驻马店西(ZLN)	未爬取
G1401	驻马店西(ZLN)	信阳东(OYN)	未爬取
G1401	信阳东(OYN)	武汉(WHN)	未爬取
G1401	武汉(WHN)	岳阳东(YIQ)	未爬取
G1401	岳阳东(YIQ)	长沙南(CWQ)	未爬取
G1401	长沙南(CWQ)	株洲西(ZAQ)	未爬取
G1401	株洲西(ZAQ)	衡阳东(HVQ)	未爬取
G1401	衡阳东(HVQ)	祁东(QMQ)	未爬取
G1401	祁东(QMQ)	祁阳(QWQ)	未爬取
G1401	祁阳(QWQ)	永州(AOQ)	未爬取
G1401	永州(AOQ)	东安东(DCZ)	未爬取
G1401	东安东(DCZ)	桂林北(GBZ)	未爬取
G1401	桂林北(GBZ)	柳州(LZZ)	未爬取
G1401	柳州(LZZ)	来宾北(UCZ)	未爬取
G1401	来宾北(UCZ)	南宁东(NFZ)	未爬取
G1402	南宁东(NFZ)	来宾北(UCZ)	全车放弃
G1402	来宾北(UCZ)	柳州(LZZ)	未爬取
G1402	柳州(LZZ)	永福南(YBZ)	未爬取
G1402	永福南(YBZ)	桂林北(GBZ)	未爬取
G1402	桂林北(GBZ)	全州南(QNZ)	未爬取
G1402	全州南(QNZ)	东安东(DCZ)	未爬取
G1402	东安东(DCZ)	永州(AOQ)	未爬取
G1402	永州(AOQ)	祁阳(QWQ)	未爬取
G1402	祁阳(QWQ)	祁东(QMQ)	未爬取
G1402	祁东(QMQ)	衡阳东(HVQ)	未爬取
G1402	衡阳东(HVQ)	株洲西(ZAQ)	未爬取
G1402	株洲西(ZAQ)	长沙南(CWQ)	未爬取
G1402	长沙南(CWQ)	岳阳东(YIQ)	未爬取
G1402	岳阳东(YIQ)	赤壁北(CIN)	未爬取
G1402	赤壁北(CIN)	武汉(WHN)	未爬取
G1402	武汉(WHN)	漯河西(LBN)	未爬取
G1402	漯河西(LBN)	许昌东(XVF)	未爬取
G1402	许昌东(XVF)	郑州东(ZAF)	未爬取
G1402	郑州东(ZAF)	新乡东(EGF)	未爬取
G1402	新乡东(EGF)	邯郸东(HPP)	未爬取
G1402	邯郸东(HPP)	石家庄(SJP)	未爬取
G1619	长沙南(CWQ)	韶山南(INQ)	全车放弃
G1619	韶山南(INQ)	怀化南(KAQ)	未爬取
G1619	怀化南(KAQ)	芷江(ZPQ)	未爬取
G1619	芷江(ZPQ)	凯里南(QKW)	未爬取
G1619	凯里南(QKW)	贵阳北(KQW)	未爬取
G1619	贵阳北(KQW)	河池西(HIZ)	未爬取
G1619	河池西(HIZ)	都安(RUZ)	未爬取
G1619	都安(RUZ)	南宁东(NFZ)	未爬取
G1620	南宁东(NFZ)	河池西(HIZ)	全车放弃
G1620	河池西(HIZ)	都匀东(KJW)	未爬取
G1620	都匀东(KJW)	贵阳北(KQW)	未爬取
G1620	贵阳北(KQW)	贵定北(FMW)	未爬取
G1620	贵定北(FMW)	铜仁南(TNW)	未爬取
G1620	铜仁南(TNW)	怀化南(KAQ)	未爬取
G1620	怀化南(KAQ)	新化南(EJQ)	未爬取
G1620	新化南(EJQ)	娄底南(UOQ)	未爬取
G1620	娄底南(UOQ)	韶山南(INQ)	未爬取
G1620	韶山南(INQ)	湘潭北(EDQ)	未爬取
G1620	湘潭北(EDQ)	长沙南(CWQ)	未爬取
G2122	昆明南(KOM)	曲靖北(QBM)	全车放弃
G2122	曲靖北(QBM)	盘州(PAE)	未爬取
G2122	盘州(PAE)	贵阳北(KQW)	未爬取
G2122	贵阳北(KQW)	贵定北(FMW)	未爬取
G2122	贵定北(FMW)	凯里南(QKW)	未爬取
G2122	凯里南(QKW)	铜仁南(TNW)	未爬取
G2122	铜仁南(TNW)	怀化南(KAQ)	未爬取
G2122	怀化南(KAQ)	娄底南(UOQ)	未爬取
G2122	娄底南(UOQ)	长沙南(CWQ)	未爬取
G2489	清河(QIP)	怀来(VQP)	全车放弃
G2489	怀来(VQP)	宣化北(VJP)	未爬取
G2489	宣化北(VJP)	张家口(ZMP)	未爬取
G2489	张家口(ZMP)	乌兰察布(WPC)	未爬取
G2489	乌兰察布(WPC)	卓资东(ZDC)	未爬取
G2489	卓资东(ZDC)	呼和浩特东(NDC)	未爬取
G2490	呼和浩特东(NDC)	卓资东(ZDC)	全车放弃
G2490	卓资东(ZDC)	乌兰察布(WPC)	未爬取
G2490	乌兰察布(WPC)	兴和北(EBC)	未爬取
G2490	兴和北(EBC)	张家口(ZMP)	未爬取
G2490	张家口(ZMP)	东花园北(QBP)	未爬取
G2490	东花园北(QBP)	清河(QIP)	未爬取
G2497	北京北(VAP)	东花园北(QBP)	全车放弃
G2497	东花园北(QBP)	张家口(ZMP)	未爬取
G2497	张家口(ZMP)	兴和北(EBC)	未爬取
G2497	兴和北(EBC)	乌兰察布(WPC)	未爬取
G2497	乌兰察布(WPC)	卓资东(ZDC)	未爬取
G2497	卓资东(ZDC)	呼和浩特东(NDC)	未爬取
G2498	呼和浩特东(NDC)	乌兰察布(WPC)	全车放弃
G2498	乌兰察布(WPC)	张家口(ZMP)	未爬取
G2498	张家口(ZMP)	北京北(VAP)	未爬取
G3194	天台山(TIU)	温岭(VHH)	全车放弃
G3197	杭州西(HVU)	广德南(GNU)	全车放弃
G3197	广德南(GNU)	宣城(ECH)	未爬取
G3197	宣城(ECH)	芜湖(WHH)	未爬取
G3197	芜湖(WHH)	巢湖东(GUH)	未爬取
G3197	巢湖东(GUH)	合肥南(ENH)	未爬取
G3197	合肥南(ENH)	淮南南(HNU)	未爬取
G3197	淮南南(HNU)	阜阳西(FXU)	未爬取
G3197	阜阳西(FXU)	亳州南(BNU)	未爬取
G3197	亳州南(BNU)	商丘(SQF)	未爬取
G3197	商丘(SQF)	郑州东(ZAF)	未爬取
G3197	郑州东(ZAF)	洛阳龙门(LLF)	未爬取
G3197	洛阳龙门(LLF)	三门峡南(SCF)	未爬取
G3197	三门峡南(SCF)	西安北(EAY)	未爬取
G3239	泗县东(ODU)	五河(WHU)	全车放弃
G3239	五河(WHU)	明光西(MXU)	未爬取
G3239	明光西(MXU)	定远东(DEU)	未爬取
G3239	定远东(DEU)	合肥西(HFU)	未爬取
G3239	合肥西(HFU)	六安(UAH)	未爬取
G3239	六安(UAH)	麻城北(MBN)	未爬取
G3239	麻城北(MBN)	红安西(VXN)	未爬取
G3239	红安西(VXN)	汉口(HKN)	未爬取
G3240	汉口(HKN)	红安西(VXN)	全车放弃
G3240	红安西(VXN)	麻城北(MBN)	未爬取
G3240	麻城北(MBN)	六安(UAH)	未爬取
G3240	六安(UAH)	合肥西(HFU)	未爬取
G3240	合肥西(HFU)	定远东(DEU)	未爬取
G3240	定远东(DEU)	明光西(MXU)	未爬取
G3240	明光西(MXU)	五河(WHU)	未爬取
G3240	五河(WHU)	泗县东(ODU)	未爬取
G3277	江阴(KYH)	金坛(JTU)	全车放弃
G3277	金坛(JTU)	南京南(NKH)	未爬取
G3277	南京南(NKH)	马鞍山东(OMH)	未爬取
G3277	马鞍山东(OMH)	芜湖(WHH)	未爬取
G3277	芜湖(WHH)	安庆(AQH)	未爬取
G3277	安庆(AQH)	合肥西(HFU)	未爬取
G3277	合肥西(HFU)	淮南南(HNU)	未爬取
G3277	淮南南(HNU)	阜阳西(FXU)	未爬取
G3277	阜阳西(FXU)	商丘(SQF)	未爬取
G3277	商丘(SQF)	郑州东(ZAF)	未爬取
G3277	郑州东(ZAF)	西安北(EAY)	未爬取
G3278	西安北(EAY)	渭南北(WBY)	全车放弃
G3278	渭南北(WBY)	洛阳龙门(LLF)	未爬取
G3278	洛阳龙门(LLF)	郑州东(ZAF)	未爬取
G3278	郑州东(ZAF)	商丘(SQF)	未爬取
G3278	商丘(SQF)	阜阳西(FXU)	未爬取
G3278	阜阳西(FXU)	合肥西(HFU)	未爬取
G3278	合肥西(HFU)	安庆(AQH)	未爬取
G3278	安庆(AQH)	芜湖(WHH)	未爬取
G3278	芜湖(WHH)	南京南(NKH)	未爬取
G3278	南京南(NKH)	金坛(JTU)	未爬取
G3278	金坛(JTU)	江阴(KYH)	未爬取
G3332	厦门北(XKS)	泉州南(QNS)	全车放弃
G3332	泉州南(QNS)	莆田(PTS)	未爬取
G3332	莆田(PTS)	福州南(FYS)	未爬取
G3332	福州南(FYS)	福州(FZS)	未爬取
G3332	福州(FZS)	延平(YPS)	未爬取
G3332	延平(YPS)	南平市(NOS)	未爬取
G3332	南平市(NOS)	武夷山北(WBS)	未爬取
G3332	武夷山北(WBS)	上饶(SRG)	未爬取
G3332	上饶(SRG)	婺源(WYG)	未爬取
G3332	婺源(WYG)	黄山北(NYH)	未爬取
G3332	黄山北(NYH)	绩溪北(NRH)	未爬取
G3332	绩溪北(NRH)	宁国南(NIU)	未爬取
G3332	宁国南(NIU)	宣城(ECH)	未爬取
G3332	宣城(ECH)	芜湖(WHH)	未爬取
G3332	芜湖(WHH)	南京南(NKH)	未爬取
G3332	南京南(NKH)	句容(JRU)	未爬取
G3332	句容(JRU)	金坛(JTU)	未爬取
G3332	金坛(JTU)	武进(WJU)	未爬取
G3332	武进(WJU)	江阴(KYH)	未爬取
G3771	福州南(FYS)	莆田(PTS)	全车放弃
G3771	莆田(PTS)	泉州东(QRS)	未爬取
G3771	泉州东(QRS)	厦门北(XKS)	未爬取
G3771	厦门北(XKS)	漳州(ZUS)	未爬取
G3771	漳州(ZUS)	云霄(YBS)	未爬取
G3771	云霄(YBS)	诏安(ZDS)	未爬取
G3771	诏安(ZDS)	潮安(CMQ)	未爬取
G3771	潮安(CMQ)	汕头(OTQ)	未爬取
G3771	汕头(OTQ)	潮南(CHA)	未爬取
G3771	潮南(CHA)	惠来(HGA)	未爬取
G3771	惠来(HGA)	陆丰东(LDA)	未爬取
G3771	陆丰东(LDA)	汕尾(OGQ)	未爬取
G3771	汕尾(OGQ)	惠州南(KNA)	未爬取
G3771	惠州南(KNA)	博罗(BOA)	未爬取
G3771	博罗(BOA)	罗浮山(LVA)	未爬取
G3771	罗浮山(LVA)	广州新塘(XWQ)	未爬取
G3772	广州新塘(XWQ)	惠州南(KNA)	全车放弃
G3772	惠州南(KNA)	惠东(KDA)	未爬取
G3772	惠东(KDA)	汕尾(OGQ)	未爬取
G3772	汕尾(OGQ)	陆丰东(LDA)	未爬取
G3772	陆丰东(LDA)	惠来(HGA)	未爬取
G3772	惠来(HGA)	潮南(CHA)	未爬取
G3772	潮南(CHA)	汕头(OTQ)	未爬取
G3772	汕头(OTQ)	诏安(ZDS)	未爬取
G3772	诏安(ZDS)	漳浦(ZCS)	未爬取
G3772	漳浦(ZCS)	漳州(ZUS)	未爬取
G3772	漳州(ZUS)	厦门北(XKS)	未爬取
G3772	厦门北(XKS)	泉州南(QNS)	未爬取
G3772	泉州南(QNS)	莆田(PTS)	未爬取
G3772	莆田(PTS)	福州南(FYS)	未爬取
G5037	鹰潭北(YKG)	南 昌(@南 昌)	全车放弃
G5038	永修(ACG)	南 昌(@南 昌)	全车放弃
G5133	汕头(OTQ)	汕头南(SNA)	全车放弃
G5133	汕头南(SNA)	惠来(HGA)	未爬取
G5133	惠来(HGA)	陆丰东(LDA)	未爬取
G5133	陆丰东(LDA)	陆丰南(LAA)	未爬取
G5133	陆丰南(LAA)	惠东(KDA)	未爬取
G5133	惠东(KDA)	惠州南(KNA)	未爬取
G5133	惠州南(KNA)	博罗(BOA)	未爬取
G5133	博罗(BOA)	广州新塘(XWQ)	未爬取
G5133	广州新塘(XWQ)	广州(GZQ)	未爬取
G5133	广州(GZQ)	佛山(FSQ)	未爬取
G5133	佛山(FSQ)	阳春东(YBQ)	未爬取
G5133	阳春东(YBQ)	马踏(PWQ)	未爬取
G5133	马踏(PWQ)	茂名南(MRQ)	未爬取
G5133	茂名南(MRQ)	吴川(WAQ)	未爬取
G5133	吴川(WAQ)	湛江北(ZMQ)	未爬取
G5138	湛江北(ZMQ)	吴川(WAQ)	全车放弃
G5138	吴川(WAQ)	茂名南(MRQ)	未爬取
G5138	茂名南(MRQ)	阳江北(YLQ)	未爬取
G5138	阳江北(YLQ)	新兴南(XPQ)	未爬取
G5138	新兴南(XPQ)	佛山(FSQ)	未爬取
G5138	佛山(FSQ)	广州(GZQ)	未爬取
G5138	广州(GZQ)	广州新塘(XWQ)	未爬取
G5138	广州新塘(XWQ)	惠州南(KNA)	未爬取
G5138	惠州南(KNA)	汕尾(OGQ)	未爬取
G5138	汕尾(OGQ)	陆丰南(LAA)	未爬取
G5138	陆丰南(LAA)	陆丰东(LDA)	未爬取
G5138	陆丰东(LDA)	惠来(HGA)	未爬取
G5138	惠来(HGA)	汕头南(SNA)	未爬取
G5138	汕头南(SNA)	汕头(OTQ)	未爬取
G5180	湛江北(ZMQ)	茂名南(MRQ)	全车放弃
G5180	茂名南(MRQ)	阳江北(YLQ)	未爬取
G5180	阳江北(YLQ)	阳春东(YBQ)	未爬取
G5180	阳春东(YBQ)	佛山(FSQ)	未爬取
G5180	佛山(FSQ)	广州(GZQ)	未爬取
G5183	广州(GZQ)	佛山(FSQ)	全车放弃
G5183	佛山(FSQ)	新兴南(XPQ)	未爬取
G5183	新兴南(XPQ)	阳江北(YLQ)	未爬取
G5183	阳江北(YLQ)	茂名南(MRQ)	未爬取
G5183	茂名南(MRQ)	湛江北(ZMQ)	未爬取
G5184	湛江北(ZMQ)	茂名南(MRQ)	全车放弃
G5184	茂名南(MRQ)	马踏(PWQ)	未爬取
G5184	马踏(PWQ)	阳江北(YLQ)	未爬取
G5184	阳江北(YLQ)	阳春东(YBQ)	未爬取
G5184	阳春东(YBQ)	佛山(FSQ)	未爬取
G5184	佛山(FSQ)	广州白云(GBA)	未爬取
G5185	广州白云(GBA)	新兴南(XPQ)	全车放弃
G5185	新兴南(XPQ)	阳春东(YBQ)	未爬取
G5185	阳春东(YBQ)	马踏(PWQ)	未爬取
G5185	马踏(PWQ)	茂名南(MRQ)	未爬取
G5185	茂名南(MRQ)	湛江北(ZMQ)	未爬取
G5186	湛江北(ZMQ)	茂名南(MRQ)	全车放弃
G5186	茂名南(MRQ)	马踏(PWQ)	未爬取
G5186	马踏(PWQ)	阳江北(YLQ)	未爬取
G5186	阳江北(YLQ)	阳春东(YBQ)	未爬取
G5186	阳春东(YBQ)	新兴南(XPQ)	未爬取
G5186	新兴南(XPQ)	佛山(FSQ)	未爬取
G5186	佛山(FSQ)	广州(GZQ)	未爬取
G5187	广州(GZQ)	佛山(FSQ)	全车放弃
G5187	佛山(FSQ)	阳春东(YBQ)	未爬取
G5187	阳春东(YBQ)	茂名南(MRQ)	未爬取
G5187	茂名南(MRQ)	湛江北(ZMQ)	未爬取
G5252	广州(GZQ)	广州新塘(XWQ)	全车放弃
G5252	广州新塘(XWQ)	惠州北(HUA)	未爬取
G5252	惠州北(HUA)	五华(WHA)	未爬取
G5252	五华(WHA)	梅州西(MXA)	未爬取
G5252	梅州西(MXA)	丰顺东(FDA)	未爬取
G5252	丰顺东(FDA)	揭阳(JYA)	未爬取
G5252	揭阳(JYA)	揭阳机场(JUA)	未爬取
G5252	揭阳机场(JUA)	潮汕(CBQ)	未爬取
G5252	潮汕(CBQ)	潮安(CMQ)	未爬取
G5252	潮安(CMQ)	汕头(OTQ)	未爬取
G5252	汕头(OTQ)	潮南(CHA)	未爬取
G5252	潮南(CHA)	惠来(HGA)	未爬取
G5252	惠来(HGA)	陆丰东(LDA)	未爬取
G5252	陆丰东(LDA)	陆丰南(LAA)	未爬取
G5252	陆丰南(LAA)	汕尾(OGQ)	未爬取
G5252	汕尾(OGQ)	惠东(KDA)	未爬取
G5252	惠东(KDA)	惠州南(KNA)	未爬取
G5252	惠州南(KNA)	仲恺(ZKA)	未爬取
G5252	仲恺(ZKA)	深圳(SZQ)	未爬取
G5255	深圳(SZQ)	汕尾(OGQ)	全车放弃
G5255	汕尾(OGQ)	惠来(HGA)	未爬取
G5255	惠来(HGA)	汕头(OTQ)	未爬取
G5255	汕头(OTQ)	潮汕(CBQ)	未爬取
G5255	潮汕(CBQ)	揭阳机场(JUA)	未爬取
G5255	揭阳机场(JUA)	揭阳(JYA)	未爬取
G5255	揭阳(JYA)	丰顺东(FDA)	未爬取
G5255	丰顺东(FDA)	梅州西(MXA)	未爬取
G5255	梅州西(MXA)	兴宁南(XNA)	未爬取
G5255	兴宁南(XNA)	五华(WHA)	未爬取
G5255	五华(WHA)	龙川西(LCA)	未爬取
G5255	龙川西(LCA)	惠州北(HUA)	未爬取
G5255	惠州北(HUA)	深  圳(@深  圳)	未爬取
G5256	深圳(SZQ)	仲恺(ZKA)	全车放弃
G5256	仲恺(ZKA)	惠州北(HUA)	未爬取
G5256	惠州北(HUA)	河源东(HEA)	未爬取
G5256	河源东(HEA)	龙川西(LCA)	未爬取
G5256	龙川西(LCA)	五华(WHA)	未爬取
G5256	五华(WHA)	兴宁南(XNA)	未爬取
G5256	兴宁南(XNA)	梅州西(MXA)	未爬取
G5256	梅州西(MXA)	丰顺东(FDA)	未爬取
G5256	丰顺东(FDA)	揭阳(JYA)	未爬取
G5256	揭阳(JYA)	揭阳机场(JUA)	未爬取
G5256	揭阳机场(JUA)	潮汕(CBQ)	未爬取
G5256	潮汕(CBQ)	汕头(OTQ)	未爬取
G5256	汕头(OTQ)	汕头南(SNA)	未爬取
G5256	汕头南(SNA)	潮南(CHA)	未爬取
G5256	潮南(CHA)	惠来(HGA)	未爬取
G5256	惠来(HGA)	汕尾(OGQ)	未爬取
G5256	汕尾(OGQ)	惠东(KDA)	未爬取
G5256	惠东(KDA)	惠州南(KNA)	未爬取
G5256	惠州南(KNA)	深  圳(@深  圳)	未爬取
G5260	深圳(SZQ)	惠州南(KNA)	全车放弃
G5260	惠州南(KNA)	惠东(KDA)	未爬取
G5260	惠东(KDA)	汕尾(OGQ)	未爬取
G5260	汕尾(OGQ)	惠来(HGA)	未爬取
G5260	惠来(HGA)	汕头(OTQ)	未爬取
G5260	汕头(OTQ)	潮汕(CBQ)	未爬取
G5260	潮汕(CBQ)	揭阳机场(JUA)	未爬取
G5260	揭阳机场(JUA)	揭阳(JYA)	未爬取
G5260	揭阳(JYA)	梅州西(MXA)	未爬取
G5260	梅州西(MXA)	兴宁南(XNA)	未爬取
G5260	兴宁南(XNA)	五华(WHA)	未爬取
G5260	五华(WHA)	河源东(HEA)	未爬取
G5260	河源东(HEA)	惠州北(HUA)	未爬取
G5260	惠州北(HUA)	增城(ZCA)	未爬取
G5260	增城(ZCA)	广州新塘(XWQ)	未爬取
G5260	广州新塘(XWQ)	广州东(GGQ)	未爬取
G5266	深圳(SZQ)	惠州北(HUA)	全车放弃
G5266	惠州北(HUA)	河源东(HEA)	未爬取
G5266	河源东(HEA)	龙川西(LCA)	未爬取
G5266	龙川西(LCA)	五华(WHA)	未爬取
G5266	五华(WHA)	兴宁南(XNA)	未爬取
G5266	兴宁南(XNA)	梅州西(MXA)	未爬取
G5266	梅州西(MXA)	丰顺东(FDA)	未爬取
G5266	丰顺东(FDA)	揭阳(JYA)	未爬取
G5266	揭阳(JYA)	揭阳机场(JUA)	未爬取
G5266	揭阳机场(JUA)	潮汕(CBQ)	未爬取
G5266	潮汕(CBQ)	汕头(OTQ)	未爬取
G5266	汕头(OTQ)	汕头南(SNA)	未爬取
G5266	汕头南(SNA)	潮南(CHA)	未爬取
G5266	潮南(CHA)	惠来(HGA)	未爬取
G5266	惠来(HGA)	汕尾(OGQ)	未爬取
G5266	汕尾(OGQ)	惠东(KDA)	未爬取
G5266	惠东(KDA)	惠州南(KNA)	未爬取
G5266	惠州南(KNA)	深  圳(@深  圳)	未爬取
G5557	淄博(ZBK)	济  南(@济  南)	全车放弃
G5558	曲阜东(QAK)	济  南(@济  南)	全车放弃
G5600	莒南北(VNK)	临  沂北(@临  沂北)	全车放弃
G6227	广州南(IZQ)	深圳北(IOQ)	全车放弃
G6229	清远(QBQ)	广州南(IZQ)	全车放弃
G6229	广州南(IZQ)	虎门(IUQ)	未爬取
G6229	虎门(IUQ)	深圳北(IOQ)	未爬取
G6250	深圳北(IOQ)	虎门(IUQ)	全车放弃
G6250	虎门(IUQ)	广州南(IZQ)	未爬取
G6250	广州南(IZQ)	广州北(GBQ)	未爬取
G6250	广州北(GBQ)	清远(QBQ)	未爬取
G6344	普宁(PEQ)	潮汕(CBQ)	全车放弃
G6344	潮汕(CBQ)	汕头(OTQ)	未爬取
G6423	长沙南(CWQ)	娄底南(UOQ)	全车放弃
G6423	娄底南(UOQ)	怀化南(KAQ)	未爬取
G6423	怀化南(KAQ)	凤凰古城(FCA)	未爬取
G6423	凤凰古城(FCA)	吉首东(JDA)	未爬取
G6423	吉首东(JDA)	芙蓉镇(FRA)	未爬取
G6423	芙蓉镇(FRA)	张家界西(JXA)	未爬取
G6424	张家界西(JXA)	芙蓉镇(FRA)	全车放弃
G6424	芙蓉镇(FRA)	吉首东(JDA)	未爬取
G6424	吉首东(JDA)	凤凰古城(FCA)	未爬取
G6424	凤凰古城(FCA)	怀化南(KAQ)	未爬取
G6424	怀化南(KAQ)	娄底南(UOQ)	未爬取
G6424	娄底南(UOQ)	长沙南(CWQ)	未爬取
G6773	枝江北(ZIN)	宜昌  东(@宜昌  东)	全车放弃
G6774	随县(OVN)	襄阳  东(@襄阳  东)	全车放弃
G6777	潜江(QJN)	宜昌  东(@宜昌  东)	全车放弃
G6778	天河机场(TJN)	襄阳  东(@襄阳  东)	全车放弃
G6894	宜昌北(ABN)	荆门西(MXN)	全车放弃
G6894	荆门西(MXN)	天门(TKN)	未爬取
G6894	天门(TKN)	汉口(HKN)	未爬取
G6895	汉口(HKN)	汉川北(KFN)	全车放弃
G6895	汉川北(KFN)	天门(TKN)	未爬取
G6895	天门(TKN)	荆门西(MXN)	未爬取
G6895	荆门西(MXN)	宜昌北(ABN)	未爬取
G6957	红岛(HQK)	青  岛北(@青  岛北)	全车放弃
G6958	红岛(HQK)	青  岛北(@青  岛北)	全车放弃
G6967	济南东(MDK)	济  南西(@济  南西)	全车放弃
G6968	曲阜东(QAK)	济  南西(@济  南西)	全车放弃
G6977	青岛西(QUK)	青  岛北(@青  岛北)	全车放弃
G6978	邹平(ZLK)	青  岛北(@青  岛北)	全车放弃
G7298	上海西(SXH)	上海(SHH)	全车放弃
G7649	平阳(ARH)	苍南(CEH)	全车放弃
G7703	合肥南(ENH)	芜湖(WHH)	全车放弃
G7703	芜湖(WHH)	宣城(ECH)	未爬取
G7703	宣城(ECH)	宁国南(NIU)	未爬取
G7703	宁国南(NIU)	黄山北(NYH)	未爬取
G7704	黄山北(NYH)	绩溪北(NRH)	全车放弃
G7704	绩溪北(NRH)	宁国南(NIU)	未爬取
G7704	宁国南(NIU)	宣城(ECH)	未爬取
G7704	宣城(ECH)	芜湖(WHH)	未爬取
G7704	芜湖(WHH)	合肥南(ENH)	未爬取
G7705	合肥南(ENH)	巢湖东(GUH)	全车放弃
G7705	巢湖东(GUH)	芜湖(WHH)	未爬取
G7705	芜湖(WHH)	宣城(ECH)	未爬取
G7705	宣城(ECH)	宁国南(NIU)	未爬取
G7705	宁国南(NIU)	黄山北(NYH)	未爬取
G7705	黄山北(NYH)	黟县东(YIU)	未爬取
G7705	黟县东(YIU)	祁门南(QNU)	未爬取
G7706	祁门南(QNU)	黟县东(YIU)	全车放弃
G7706	黟县东(YIU)	黄山北(NYH)	未爬取
G7706	黄山北(NYH)	绩溪北(NRH)	未爬取
G7706	绩溪北(NRH)	宁国南(NIU)	未爬取
G7706	宁国南(NIU)	宣城(ECH)	未爬取
G7706	宣城(ECH)	芜湖(WHH)	未爬取
G7706	芜湖(WHH)	合肥南(ENH)	未爬取
G7737	合肥南(ENH)	芜湖(WHH)	全车放弃
G7738	芜湖(WHH)	巢湖东(GUH)	全车放弃
G7738	巢湖东(GUH)	合肥南(ENH)	未爬取
G7888	张家口(ZMP)	宣化北(VJP)	全车放弃
G7888	宣化北(VJP)	下花园北(OKP)	未爬取
G7888	下花园北(OKP)	怀来(VQP)	未爬取
G7888	怀来(VQP)	八达岭长城(VLP)	未爬取
G7888	八达岭长城(VLP)	清河(QIP)	未爬取
G8133	铁岭西(PXT)	沈  阳北(@沈  阳北)	全车放弃
G8134	通化(THL)	沈  阳北(@沈  阳北)	全车放弃
G8158	长白山(CUL)	长白山西(SJL)	全车放弃
G8158	长白山西(SJL)	白山东(BDL)	未爬取
G8158	白山东(BDL)	通化(THL)	未爬取
G8158	通化(THL)	抚顺(FET)	未爬取
G8158	抚顺(FET)	沈阳北(SBT)	未爬取
G8334	无为(IIH)	合肥 南(@合肥 南)	全车放弃
G8345	舒城东(SDU)	合肥 南(@合肥 南)	全车放弃
G8348	安庆(AQH)	桐城东(TOU)	全车放弃
G8348	桐城东(TOU)	庐江西(LUU)	未爬取
G8348	庐江西(LUU)	舒城东(SDU)	未爬取
G8348	舒城东(SDU)	肥西(FAH)	未爬取
G8348	肥西(FAH)	合肥南(ENH)	未爬取
G8350	合肥南(ENH)	肥西(FAH)	全车放弃
G8350	肥西(FAH)	舒城东(SDU)	未爬取
G8350	舒城东(SDU)	庐江西(LUU)	未爬取
G8350	庐江西(LUU)	桐城东(TOU)	未爬取
G8350	桐城东(TOU)	安庆(AQH)	未爬取
G8350	安庆(AQH)	池州(IYH)	未爬取
G8350	池州(IYH)	芜湖(WHH)	未爬取
G8350	芜湖(WHH)	南京南(NKH)	未爬取
G8432	广州东(GGQ)	广州新塘(XWQ)	全车放弃
G8432	广州新塘(XWQ)	惠州南(KNA)	未爬取
G8432	惠州南(KNA)	汕尾(OGQ)	未爬取
G8432	汕尾(OGQ)	陆丰东(LDA)	未爬取
G8432	陆丰东(LDA)	汕头(OTQ)	未爬取
G8432	汕头(OTQ)	潮汕(CBQ)	未爬取
G8432	潮汕(CBQ)	揭阳机场(JUA)	未爬取
G8432	揭阳机场(JUA)	揭阳(JYA)	未爬取
G8432	揭阳(JYA)	丰顺东(FDA)	未爬取
G8432	丰顺东(FDA)	建桥(JQA)	未爬取
G8432	建桥(JQA)	梅州西(MXA)	未爬取
G8432	梅州西(MXA)	五华(WHA)	未爬取
G8432	五华(WHA)	河源东(HEA)	未爬取
G8432	河源东(HEA)	深圳(SZQ)	未爬取
G8467	揭阳(JYA)	揭阳机场(JUA)	全车放弃
G8467	揭阳机场(JUA)	潮汕(CBQ)	未爬取
G8482	深圳(SZQ)	惠州南(KNA)	全车放弃
G8482	惠州南(KNA)	汕尾(OGQ)	未爬取
G8482	汕尾(OGQ)	惠来(HGA)	未爬取
G8482	惠来(HGA)	汕头南(SNA)	未爬取
G8482	汕头南(SNA)	汕头(OTQ)	未爬取
G8482	汕头(OTQ)	潮汕(CBQ)	未爬取
G8482	潮汕(CBQ)	揭阳机场(JUA)	未爬取
G8482	揭阳机场(JUA)	丰顺东(FDA)	未爬取
G8482	丰顺东(FDA)	梅州西(MXA)	未爬取
G8482	梅州西(MXA)	五华(WHA)	未爬取
G8482	五华(WHA)	龙川西(LCA)	未爬取
G8482	龙川西(LCA)	河源东(HEA)	未爬取
G8482	河源东(HEA)	惠州北(HUA)	未爬取
G8482	惠州北(HUA)	增城(ZCA)	未爬取
G8482	增城(ZCA)	广州新塘(XWQ)	未爬取
G8482	广州新塘(XWQ)	广州(GZQ)	未爬取
G8505	重庆西(CXW)	重庆东(COE)	全车放弃
G8505	重庆东(COE)	南川北(NUE)	未爬取
G8505	南川北(NUE)	武隆南(WLE)	未爬取
G8505	武隆南(WLE)	黔江(QNW)	未爬取
G8533	荣昌北(RQW)	重  庆西(@重  庆西)	全车放弃
G8534	宜宾东(EDE)	重  庆西(@重  庆西)	全车放弃
G8539	泸县(LXE)	泸  州(@泸  州)	全车放弃
G8540	宜宾东(EDE)	泸  州(@泸  州)	全车放弃
G8608	黔江(QNW)	武隆南(WLE)	全车放弃
G8608	武隆南(WLE)	重庆东(COE)	未爬取
G8608	重庆东(COE)	重庆西(CXW)	未爬取
G8608	重庆西(CXW)	成都东(ICW)	未爬取
G8611	成都东(ICW)	沙坪坝(CYW)	全车放弃
G8618	沙坪坝(CYW)	成都东(ICW)	全车放弃
G8621	成都东(ICW)	内江北(NKW)	全车放弃
G8621	内江北(NKW)	永川东(WMW)	未爬取
G8621	永川东(WMW)	重庆北(CUW)	未爬取
G8621	重庆北(CUW)	江北机场(JCE)	未爬取
G8628	江北机场(JCE)	重庆北(CUW)	全车放弃
G8628	重庆北(CUW)	永川东(WMW)	未爬取
G8628	永川东(WMW)	资中北(WZW)	未爬取
G8628	资中北(WZW)	成都东(ICW)	未爬取
G8631	成都东(ICW)	沙坪坝(CYW)	全车放弃
G8640	沙坪坝(CYW)	资阳北(FYW)	全车放弃
G8640	资阳北(FYW)	成都东(ICW)	未爬取
G8641	成都东(ICW)	内江北(NKW)	全车放弃
G8641	内江北(NKW)	重庆西(CXW)	未爬取
G8729	桐梓东(TDE)	重  庆西(@重  庆西)	全车放弃
G8739	彭山北(PPW)	成  都东(@成  都东)	全车放弃
G8740	内江北(NKW)	成  都东(@成  都东)	全车放弃
G8743	眉山东(IUW)	成  都东(@成  都东)	全车放弃
G8744	天府机场(TIE)	成  都东(@成  都东)	全车放弃
G8748	遵义(ZYE)	贵  阳北(@贵  阳北)	全车放弃
G8753	清镇西(QUE)	贵  阳北(@贵  阳北)	全车放弃
G8754	遵义(ZYE)	贵  阳北(@贵  阳北)	全车放弃
G8977	南京南(NKH)	武进(WJU)	全车放弃
G8977	武进(WJU)	江阴(KYH)	未爬取
G8977	江阴(KYH)	张家港(ZAU)	未爬取
G8977	张家港(ZAU)	常熟(CAU)	未爬取
G8977	常熟(CAU)	太仓(TCU)	未爬取
G8978	太仓(TCU)	常熟(CAU)	全车放弃
G8978	常熟(CAU)	张家港(ZAU)	未爬取
G8978	张家港(ZAU)	武进(WJU)	未爬取
G8978	武进(WJU)	南京南(NKH)	未爬取
G8991	南京南(NKH)	句容(JRU)	全车放弃
G8991	句容(JRU)	张家港(ZAU)	未爬取
G8991	张家港(ZAU)	常熟(CAU)	未爬取
G8991	常熟(CAU)	太仓(TCU)	未爬取
G8994	张家港(ZAU)	武进(WJU)	全车放弃
G8994	武进(WJU)	金坛(JTU)	未爬取
G8994	金坛(JTU)	句容(JRU)	未爬取
G8994	句容(JRU)	南京南(NKH)	未爬取
G9645	邵阳(SYQ)	邵东(FIQ)	全车放弃
G9645	邵东(FIQ)	衡阳东(HVQ)	未爬取
G9645	衡阳东(HVQ)	郴州西(ICQ)	未爬取
G9645	郴州西(ICQ)	韶关(SNQ)	未爬取
G9645	韶关(SNQ)	广州南(IZQ)	未爬取
G9646	广州南(IZQ)	韶关(SNQ)	全车放弃
G9646	韶关(SNQ)	郴州西(ICQ)	未爬取
G9646	郴州西(ICQ)	衡阳东(HVQ)	未爬取
G9646	衡阳东(HVQ)	西渡(XDA)	未爬取
G9646	西渡(XDA)	邵东(FIQ)	未爬取
G9646	邵东(FIQ)	邵阳(SYQ)	未爬取
G9656	惠来(HGA)	汕头南(SNA)	全车放弃
G9656	汕头南(SNA)	汕头(OTQ)	未爬取
G9799	深圳北(IOQ)	福田(NZQ)	全车放弃
G9799	福田(NZQ)	香港西九龙(XJA)	未爬取
G9821	南昌西(NXG)	宜春(YEG)	全车放弃
G9821	宜春(YEG)	萍乡北(PBG)	未爬取
G9822	萍乡北(PBG)	宜春(YEG)	全车放弃
G9822	宜春(YEG)	高安(GCG)	未爬取
G9822	高安(GCG)	南昌西(NXG)	未爬取

--- 2026-07-29 07:13:14 ---
G1401	石家庄(SJP)	邯郸东(HPP)	全车放弃
G1401	邯郸东(HPP)	鹤壁东(HFF)	未爬取
G1401	鹤壁东(HFF)	新乡东(EGF)	未爬取
G1401	新乡东(EGF)	郑州东(ZAF)	未爬取
G1401	郑州东(ZAF)	漯河西(LBN)	未爬取
G1401	漯河西(LBN)	驻马店西(ZLN)	未爬取
G1401	驻马店西(ZLN)	信阳东(OYN)	未爬取
G1401	信阳东(OYN)	武汉(WHN)	未爬取
G1401	武汉(WHN)	岳阳东(YIQ)	未爬取
G1401	岳阳东(YIQ)	长沙南(CWQ)	未爬取
G1401	长沙南(CWQ)	株洲西(ZAQ)	未爬取
G1401	株洲西(ZAQ)	衡阳东(HVQ)	未爬取
G1401	衡阳东(HVQ)	祁东(QMQ)	未爬取
G1401	祁东(QMQ)	祁阳(QWQ)	未爬取
G1401	祁阳(QWQ)	永州(AOQ)	未爬取
G1401	永州(AOQ)	东安东(DCZ)	未爬取
G1401	东安东(DCZ)	桂林北(GBZ)	未爬取
G1401	桂林北(GBZ)	柳州(LZZ)	未爬取
G1401	柳州(LZZ)	来宾北(UCZ)	未爬取
G1401	来宾北(UCZ)	南宁东(NFZ)	未爬取
G1402	南宁东(NFZ)	来宾北(UCZ)	全车放弃
G1402	来宾北(UCZ)	柳州(LZZ)	未爬取
G1402	柳州(LZZ)	永福南(YBZ)	未爬取
G1402	永福南(YBZ)	桂林北(GBZ)	未爬取
G1402	桂林北(GBZ)	全州南(QNZ)	未爬取
G1402	全州南(QNZ)	东安东(DCZ)	未爬取
G1402	东安东(DCZ)	永州(AOQ)	未爬取
G1402	永州(AOQ)	祁阳(QWQ)	未爬取
G1402	祁阳(QWQ)	祁东(QMQ)	未爬取
G1402	祁东(QMQ)	衡阳东(HVQ)	未爬取
G1402	衡阳东(HVQ)	株洲西(ZAQ)	未爬取
G1402	株洲西(ZAQ)	长沙南(CWQ)	未爬取
G1402	长沙南(CWQ)	岳阳东(YIQ)	未爬取
G1402	岳阳东(YIQ)	赤壁北(CIN)	未爬取
G1402	赤壁北(CIN)	武汉(WHN)	未爬取
G1402	武汉(WHN)	漯河西(LBN)	未爬取
G1402	漯河西(LBN)	许昌东(XVF)	未爬取
G1402	许昌东(XVF)	郑州东(ZAF)	未爬取
G1402	郑州东(ZAF)	新乡东(EGF)	未爬取
G1402	新乡东(EGF)	邯郸东(HPP)	未爬取
G1402	邯郸东(HPP)	石家庄(SJP)	未爬取
G1619	长沙南(CWQ)	韶山南(INQ)	全车放弃
G1619	韶山南(INQ)	怀化南(KAQ)	未爬取
G1619	怀化南(KAQ)	芷江(ZPQ)	未爬取
G1619	芷江(ZPQ)	凯里南(QKW)	未爬取
G1619	凯里南(QKW)	贵阳北(KQW)	未爬取
G1619	贵阳北(KQW)	河池西(HIZ)	未爬取
G1619	河池西(HIZ)	都安(RUZ)	未爬取
G1619	都安(RUZ)	南宁东(NFZ)	未爬取
G1620	南宁东(NFZ)	河池西(HIZ)	全车放弃
G1620	河池西(HIZ)	都匀东(KJW)	未爬取
G1620	都匀东(KJW)	贵阳北(KQW)	未爬取
G1620	贵阳北(KQW)	贵定北(FMW)	未爬取
G1620	贵定北(FMW)	铜仁南(TNW)	未爬取
G1620	铜仁南(TNW)	怀化南(KAQ)	未爬取
G1620	怀化南(KAQ)	新化南(EJQ)	未爬取
G1620	新化南(EJQ)	娄底南(UOQ)	未爬取
G1620	娄底南(UOQ)	韶山南(INQ)	未爬取
G1620	韶山南(INQ)	湘潭北(EDQ)	未爬取
G1620	湘潭北(EDQ)	长沙南(CWQ)	未爬取
G2122	昆明南(KOM)	曲靖北(QBM)	全车放弃
G2122	曲靖北(QBM)	盘州(PAE)	未爬取
G2122	盘州(PAE)	贵阳北(KQW)	未爬取
G2122	贵阳北(KQW)	贵定北(FMW)	未爬取
G2122	贵定北(FMW)	凯里南(QKW)	未爬取
G2122	凯里南(QKW)	铜仁南(TNW)	未爬取
G2122	铜仁南(TNW)	怀化南(KAQ)	未爬取
G2122	怀化南(KAQ)	娄底南(UOQ)	未爬取
G2122	娄底南(UOQ)	长沙南(CWQ)	未爬取
G2489	清河(QIP)	怀来(VQP)	全车放弃
G2489	怀来(VQP)	宣化北(VJP)	未爬取
G2489	宣化北(VJP)	张家口(ZMP)	未爬取
G2489	张家口(ZMP)	乌兰察布(WPC)	未爬取
G2489	乌兰察布(WPC)	卓资东(ZDC)	未爬取
G2489	卓资东(ZDC)	呼和浩特东(NDC)	未爬取
G2490	呼和浩特东(NDC)	卓资东(ZDC)	全车放弃
G2490	卓资东(ZDC)	乌兰察布(WPC)	未爬取
G2490	乌兰察布(WPC)	兴和北(EBC)	未爬取
G2490	兴和北(EBC)	张家口(ZMP)	未爬取
G2490	张家口(ZMP)	东花园北(QBP)	未爬取
G2490	东花园北(QBP)	清河(QIP)	未爬取
G2497	北京北(VAP)	东花园北(QBP)	全车放弃
G2497	东花园北(QBP)	张家口(ZMP)	未爬取
G2497	张家口(ZMP)	兴和北(EBC)	未爬取
G2497	兴和北(EBC)	乌兰察布(WPC)	未爬取
G2497	乌兰察布(WPC)	卓资东(ZDC)	未爬取
G2497	卓资东(ZDC)	呼和浩特东(NDC)	未爬取
G2498	呼和浩特东(NDC)	乌兰察布(WPC)	全车放弃
G2498	乌兰察布(WPC)	张家口(ZMP)	未爬取
G2498	张家口(ZMP)	北京北(VAP)	未爬取
G3194	天台山(TIU)	温岭(VHH)	全车放弃
G3197	杭州西(HVU)	广德南(GNU)	全车放弃
G3197	广德南(GNU)	宣城(ECH)	未爬取
G3197	宣城(ECH)	芜湖(WHH)	未爬取
G3197	芜湖(WHH)	巢湖东(GUH)	未爬取
G3197	巢湖东(GUH)	合肥南(ENH)	未爬取
G3197	合肥南(ENH)	淮南南(HNU)	未爬取
G3197	淮南南(HNU)	阜阳西(FXU)	未爬取
G3197	阜阳西(FXU)	亳州南(BNU)	未爬取
G3197	亳州南(BNU)	商丘(SQF)	未爬取
G3197	商丘(SQF)	郑州东(ZAF)	未爬取
G3197	郑州东(ZAF)	洛阳龙门(LLF)	未爬取
G3197	洛阳龙门(LLF)	三门峡南(SCF)	未爬取
G3197	三门峡南(SCF)	西安北(EAY)	未爬取
G3239	泗县东(ODU)	五河(WHU)	全车放弃
G3239	五河(WHU)	明光西(MXU)	未爬取
G3239	明光西(MXU)	定远东(DEU)	未爬取
G3239	定远东(DEU)	合肥西(HFU)	未爬取
G3239	合肥西(HFU)	六安(UAH)	未爬取
G3239	六安(UAH)	麻城北(MBN)	未爬取
G3239	麻城北(MBN)	红安西(VXN)	未爬取
G3239	红安西(VXN)	汉口(HKN)	未爬取
G3240	汉口(HKN)	红安西(VXN)	全车放弃
G3240	红安西(VXN)	麻城北(MBN)	未爬取
G3240	麻城北(MBN)	六安(UAH)	未爬取
G3240	六安(UAH)	合肥西(HFU)	未爬取
G3240	合肥西(HFU)	定远东(DEU)	未爬取
G3240	定远东(DEU)	明光西(MXU)	未爬取
G3240	明光西(MXU)	五河(WHU)	未爬取
G3240	五河(WHU)	泗县东(ODU)	未爬取
G3277	江阴(KYH)	金坛(JTU)	全车放弃
G3277	金坛(JTU)	南京南(NKH)	未爬取
G3277	南京南(NKH)	马鞍山东(OMH)	未爬取
G3277	马鞍山东(OMH)	芜湖(WHH)	未爬取
G3277	芜湖(WHH)	安庆(AQH)	未爬取
G3277	安庆(AQH)	合肥西(HFU)	未爬取
G3277	合肥西(HFU)	淮南南(HNU)	未爬取
G3277	淮南南(HNU)	阜阳西(FXU)	未爬取
G3277	阜阳西(FXU)	商丘(SQF)	未爬取
G3277	商丘(SQF)	郑州东(ZAF)	未爬取
G3277	郑州东(ZAF)	西安北(EAY)	未爬取
G3278	西安北(EAY)	渭南北(WBY)	全车放弃
G3278	渭南北(WBY)	洛阳龙门(LLF)	未爬取
G3278	洛阳龙门(LLF)	郑州东(ZAF)	未爬取
G3278	郑州东(ZAF)	商丘(SQF)	未爬取
G3278	商丘(SQF)	阜阳西(FXU)	未爬取
G3278	阜阳西(FXU)	合肥西(HFU)	未爬取
G3278	合肥西(HFU)	安庆(AQH)	未爬取
G3278	安庆(AQH)	芜湖(WHH)	未爬取
G3278	芜湖(WHH)	南京南(NKH)	未爬取
G3278	南京南(NKH)	金坛(JTU)	未爬取
G3278	金坛(JTU)	江阴(KYH)	未爬取
G3332	厦门北(XKS)	泉州南(QNS)	全车放弃
G3332	泉州南(QNS)	莆田(PTS)	未爬取
G3332	莆田(PTS)	福州南(FYS)	未爬取
G3332	福州南(FYS)	福州(FZS)	未爬取
G3332	福州(FZS)	延平(YPS)	未爬取
G3332	延平(YPS)	南平市(NOS)	未爬取
G3332	南平市(NOS)	武夷山北(WBS)	未爬取
G3332	武夷山北(WBS)	上饶(SRG)	未爬取
G3332	上饶(SRG)	婺源(WYG)	未爬取
G3332	婺源(WYG)	黄山北(NYH)	未爬取
G3332	黄山北(NYH)	绩溪北(NRH)	未爬取
G3332	绩溪北(NRH)	宁国南(NIU)	未爬取
G3332	宁国南(NIU)	宣城(ECH)	未爬取
G3332	宣城(ECH)	芜湖(WHH)	未爬取
G3332	芜湖(WHH)	南京南(NKH)	未爬取
G3332	南京南(NKH)	句容(JRU)	未爬取
G3332	句容(JRU)	金坛(JTU)	未爬取
G3332	金坛(JTU)	武进(WJU)	未爬取
G3332	武进(WJU)	江阴(KYH)	未爬取
G3771	福州南(FYS)	莆田(PTS)	全车放弃
G3771	莆田(PTS)	泉州东(QRS)	未爬取
G3771	泉州东(QRS)	厦门北(XKS)	未爬取
G3771	厦门北(XKS)	漳州(ZUS)	未爬取
G3771	漳州(ZUS)	云霄(YBS)	未爬取
G3771	云霄(YBS)	诏安(ZDS)	未爬取
G3771	诏安(ZDS)	潮安(CMQ)	未爬取
G3771	潮安(CMQ)	汕头(OTQ)	未爬取
G3771	汕头(OTQ)	潮南(CHA)	未爬取
G3771	潮南(CHA)	惠来(HGA)	未爬取
G3771	惠来(HGA)	陆丰东(LDA)	未爬取
G3771	陆丰东(LDA)	汕尾(OGQ)	未爬取
G3771	汕尾(OGQ)	惠州南(KNA)	未爬取
G3771	惠州南(KNA)	博罗(BOA)	未爬取
G3771	博罗(BOA)	罗浮山(LVA)	未爬取
G3771	罗浮山(LVA)	广州新塘(XWQ)	未爬取
G3772	广州新塘(XWQ)	惠州南(KNA)	全车放弃
G3772	惠州南(KNA)	惠东(KDA)	未爬取
G3772	惠东(KDA)	汕尾(OGQ)	未爬取
G3772	汕尾(OGQ)	陆丰东(LDA)	未爬取
G3772	陆丰东(LDA)	惠来(HGA)	未爬取
G3772	惠来(HGA)	潮南(CHA)	未爬取
G3772	潮南(CHA)	汕头(OTQ)	未爬取
G3772	汕头(OTQ)	诏安(ZDS)	未爬取
G3772	诏安(ZDS)	漳浦(ZCS)	未爬取
G3772	漳浦(ZCS)	漳州(ZUS)	未爬取
G3772	漳州(ZUS)	厦门北(XKS)	未爬取
G3772	厦门北(XKS)	泉州南(QNS)	未爬取
G3772	泉州南(QNS)	莆田(PTS)	未爬取
G3772	莆田(PTS)	福州南(FYS)	未爬取
G5037	鹰潭北(YKG)	南昌(@南昌)	全车放弃
G5038	永修(ACG)	南昌(@南昌)	全车放弃
G5133	汕头(OTQ)	汕头南(SNA)	全车放弃
G5133	汕头南(SNA)	惠来(HGA)	未爬取
G5133	惠来(HGA)	陆丰东(LDA)	未爬取
G5133	陆丰东(LDA)	陆丰南(LAA)	未爬取
G5133	陆丰南(LAA)	惠东(KDA)	未爬取
G5133	惠东(KDA)	惠州南(KNA)	未爬取
G5133	惠州南(KNA)	博罗(BOA)	未爬取
G5133	博罗(BOA)	广州新塘(XWQ)	未爬取
G5133	广州新塘(XWQ)	广州(GZQ)	未爬取
G5133	广州(GZQ)	佛山(FSQ)	未爬取
G5133	佛山(FSQ)	阳春东(YBQ)	未爬取
G5133	阳春东(YBQ)	马踏(PWQ)	未爬取
G5133	马踏(PWQ)	茂名南(MRQ)	未爬取
G5133	茂名南(MRQ)	吴川(WAQ)	未爬取
G5133	吴川(WAQ)	湛江北(ZMQ)	未爬取
G5138	湛江北(ZMQ)	吴川(WAQ)	全车放弃
G5138	吴川(WAQ)	茂名南(MRQ)	未爬取
G5138	茂名南(MRQ)	阳江北(YLQ)	未爬取
G5138	阳江北(YLQ)	新兴南(XPQ)	未爬取
G5138	新兴南(XPQ)	佛山(FSQ)	未爬取
G5138	佛山(FSQ)	广州(GZQ)	未爬取
G5138	广州(GZQ)	广州新塘(XWQ)	未爬取
G5138	广州新塘(XWQ)	惠州南(KNA)	未爬取
G5138	惠州南(KNA)	汕尾(OGQ)	未爬取
G5138	汕尾(OGQ)	陆丰南(LAA)	未爬取
G5138	陆丰南(LAA)	陆丰东(LDA)	未爬取
G5138	陆丰东(LDA)	惠来(HGA)	未爬取
G5138	惠来(HGA)	汕头南(SNA)	未爬取
G5138	汕头南(SNA)	汕头(OTQ)	未爬取
G5180	湛江北(ZMQ)	茂名南(MRQ)	全车放弃
G5180	茂名南(MRQ)	阳江北(YLQ)	未爬取
G5180	阳江北(YLQ)	阳春东(YBQ)	未爬取
G5180	阳春东(YBQ)	佛山(FSQ)	未爬取
G5180	佛山(FSQ)	广州(GZQ)	未爬取
G5183	广州(GZQ)	佛山(FSQ)	全车放弃
G5183	佛山(FSQ)	新兴南(XPQ)	未爬取
G5183	新兴南(XPQ)	阳江北(YLQ)	未爬取
G5183	阳江北(YLQ)	茂名南(MRQ)	未爬取
G5183	茂名南(MRQ)	湛江北(ZMQ)	未爬取
G5184	湛江北(ZMQ)	茂名南(MRQ)	全车放弃
G5184	茂名南(MRQ)	马踏(PWQ)	未爬取
G5184	马踏(PWQ)	阳江北(YLQ)	未爬取
G5184	阳江北(YLQ)	阳春东(YBQ)	未爬取
G5184	阳春东(YBQ)	佛山(FSQ)	未爬取
G5184	佛山(FSQ)	广州白云(GBA)	未爬取
G5185	广州白云(GBA)	新兴南(XPQ)	全车放弃
G5185	新兴南(XPQ)	阳春东(YBQ)	未爬取
G5185	阳春东(YBQ)	马踏(PWQ)	未爬取
G5185	马踏(PWQ)	茂名南(MRQ)	未爬取
G5185	茂名南(MRQ)	湛江北(ZMQ)	未爬取
G5186	湛江北(ZMQ)	茂名南(MRQ)	全车放弃
G5186	茂名南(MRQ)	马踏(PWQ)	未爬取
G5186	马踏(PWQ)	阳江北(YLQ)	未爬取
G5186	阳江北(YLQ)	阳春东(YBQ)	未爬取
G5186	阳春东(YBQ)	新兴南(XPQ)	未爬取
G5186	新兴南(XPQ)	佛山(FSQ)	未爬取
G5186	佛山(FSQ)	广州(GZQ)	未爬取
G5187	广州(GZQ)	佛山(FSQ)	全车放弃
G5187	佛山(FSQ)	阳春东(YBQ)	未爬取
G5187	阳春东(YBQ)	茂名南(MRQ)	未爬取
G5187	茂名南(MRQ)	湛江北(ZMQ)	未爬取
G5252	广州(GZQ)	广州新塘(XWQ)	全车放弃
G5252	广州新塘(XWQ)	惠州北(HUA)	未爬取
G5252	惠州北(HUA)	五华(WHA)	未爬取
G5252	五华(WHA)	梅州西(MXA)	未爬取
G5252	梅州西(MXA)	丰顺东(FDA)	未爬取
G5252	丰顺东(FDA)	揭阳(JYA)	未爬取
G5252	揭阳(JYA)	揭阳机场(JUA)	未爬取
G5252	揭阳机场(JUA)	潮汕(CBQ)	未爬取
G5252	潮汕(CBQ)	潮安(CMQ)	未爬取
G5252	潮安(CMQ)	汕头(OTQ)	未爬取
G5252	汕头(OTQ)	潮南(CHA)	未爬取
G5252	潮南(CHA)	惠来(HGA)	未爬取
G5252	惠来(HGA)	陆丰东(LDA)	未爬取
G5252	陆丰东(LDA)	陆丰南(LAA)	未爬取
G5252	陆丰南(LAA)	汕尾(OGQ)	未爬取
G5252	汕尾(OGQ)	惠东(KDA)	未爬取
G5252	惠东(KDA)	惠州南(KNA)	未爬取
G5252	惠州南(KNA)	仲恺(ZKA)	未爬取
G5252	仲恺(ZKA)	深圳(SZQ)	未爬取
G5255	深圳(SZQ)	汕尾(OGQ)	全车放弃
G5255	汕尾(OGQ)	惠来(HGA)	未爬取
G5255	惠来(HGA)	汕头(OTQ)	未爬取
G5255	汕头(OTQ)	潮汕(CBQ)	未爬取
G5255	潮汕(CBQ)	揭阳机场(JUA)	未爬取
G5255	揭阳机场(JUA)	揭阳(JYA)	未爬取
G5255	揭阳(JYA)	丰顺东(FDA)	未爬取
G5255	丰顺东(FDA)	梅州西(MXA)	未爬取
G5255	梅州西(MXA)	兴宁南(XNA)	未爬取
G5255	兴宁南(XNA)	五华(WHA)	未爬取
G5255	五华(WHA)	龙川西(LCA)	未爬取
G5255	龙川西(LCA)	惠州北(HUA)	未爬取
G5255	惠州北(HUA)	深圳(@深圳)	未爬取
G5256	深圳(SZQ)	仲恺(ZKA)	全车放弃
G5256	仲恺(ZKA)	惠州北(HUA)	未爬取
G5256	惠州北(HUA)	河源东(HEA)	未爬取
G5256	河源东(HEA)	龙川西(LCA)	未爬取
G5256	龙川西(LCA)	五华(WHA)	未爬取
G5256	五华(WHA)	兴宁南(XNA)	未爬取
G5256	兴宁南(XNA)	梅州西(MXA)	未爬取
G5256	梅州西(MXA)	丰顺东(FDA)	未爬取
G5256	丰顺东(FDA)	揭阳(JYA)	未爬取
G5256	揭阳(JYA)	揭阳机场(JUA)	未爬取
G5256	揭阳机场(JUA)	潮汕(CBQ)	未爬取
G5256	潮汕(CBQ)	汕头(OTQ)	未爬取
G5256	汕头(OTQ)	汕头南(SNA)	未爬取
G5256	汕头南(SNA)	潮南(CHA)	未爬取
G5256	潮南(CHA)	惠来(HGA)	未爬取
G5256	惠来(HGA)	汕尾(OGQ)	未爬取
G5256	汕尾(OGQ)	惠东(KDA)	未爬取
G5256	惠东(KDA)	惠州南(KNA)	未爬取
G5256	惠州南(KNA)	深圳(@深圳)	未爬取
G5260	深圳(SZQ)	惠州南(KNA)	全车放弃
G5260	惠州南(KNA)	惠东(KDA)	未爬取
G5260	惠东(KDA)	汕尾(OGQ)	未爬取
G5260	汕尾(OGQ)	惠来(HGA)	未爬取
G5260	惠来(HGA)	汕头(OTQ)	未爬取
G5260	汕头(OTQ)	潮汕(CBQ)	未爬取
G5260	潮汕(CBQ)	揭阳机场(JUA)	未爬取
G5260	揭阳机场(JUA)	揭阳(JYA)	未爬取
G5260	揭阳(JYA)	梅州西(MXA)	未爬取
G5260	梅州西(MXA)	兴宁南(XNA)	未爬取
G5260	兴宁南(XNA)	五华(WHA)	未爬取
G5260	五华(WHA)	河源东(HEA)	未爬取
G5260	河源东(HEA)	惠州北(HUA)	未爬取
G5260	惠州北(HUA)	增城(ZCA)	未爬取
G5260	增城(ZCA)	广州新塘(XWQ)	未爬取
G5260	广州新塘(XWQ)	广州东(GGQ)	未爬取
G5266	深圳(SZQ)	惠州北(HUA)	全车放弃
G5266	惠州北(HUA)	河源东(HEA)	未爬取
G5266	河源东(HEA)	龙川西(LCA)	未爬取
G5266	龙川西(LCA)	五华(WHA)	未爬取
G5266	五华(WHA)	兴宁南(XNA)	未爬取
G5266	兴宁南(XNA)	梅州西(MXA)	未爬取
G5266	梅州西(MXA)	丰顺东(FDA)	未爬取
G5266	丰顺东(FDA)	揭阳(JYA)	未爬取
G5266	揭阳(JYA)	揭阳机场(JUA)	未爬取
G5266	揭阳机场(JUA)	潮汕(CBQ)	未爬取
G5266	潮汕(CBQ)	汕头(OTQ)	未爬取
G5266	汕头(OTQ)	汕头南(SNA)	未爬取
G5266	汕头南(SNA)	潮南(CHA)	未爬取
G5266	潮南(CHA)	惠来(HGA)	未爬取
G5266	惠来(HGA)	汕尾(OGQ)	未爬取
G5266	汕尾(OGQ)	惠东(KDA)	未爬取
G5266	惠东(KDA)	惠州南(KNA)	未爬取
G5266	惠州南(KNA)	深圳(@深圳)	未爬取
G5557	淄博(ZBK)	济南(@济南)	全车放弃
G5558	曲阜东(QAK)	济南(@济南)	全车放弃
G5600	莒南北(VNK)	临沂北(@临沂北)	全车放弃
G6227	广州南(IZQ)	深圳北(IOQ)	全车放弃
G6229	清远(QBQ)	广州南(IZQ)	全车放弃
G6229	广州南(IZQ)	虎门(IUQ)	未爬取
G6229	虎门(IUQ)	深圳北(IOQ)	未爬取
G6250	深圳北(IOQ)	虎门(IUQ)	全车放弃
G6250	虎门(IUQ)	广州南(IZQ)	未爬取
G6250	广州南(IZQ)	广州北(GBQ)	未爬取
G6250	广州北(GBQ)	清远(QBQ)	未爬取
G6344	普宁(PEQ)	潮汕(CBQ)	全车放弃
G6344	潮汕(CBQ)	汕头(OTQ)	未爬取
G6423	长沙南(CWQ)	娄底南(UOQ)	全车放弃
G6423	娄底南(UOQ)	怀化南(KAQ)	未爬取
G6423	怀化南(KAQ)	凤凰古城(FCA)	未爬取
G6423	凤凰古城(FCA)	吉首东(JDA)	未爬取
G6423	吉首东(JDA)	芙蓉镇(FRA)	未爬取
G6423	芙蓉镇(FRA)	张家界西(JXA)	未爬取
G6424	张家界西(JXA)	芙蓉镇(FRA)	全车放弃
G6424	芙蓉镇(FRA)	吉首东(JDA)	未爬取
G6424	吉首东(JDA)	凤凰古城(FCA)	未爬取
G6424	凤凰古城(FCA)	怀化南(KAQ)	未爬取
G6424	怀化南(KAQ)	娄底南(UOQ)	未爬取
G6424	娄底南(UOQ)	长沙南(CWQ)	未爬取
G6773	枝江北(ZIN)	宜昌东(@宜昌东)	全车放弃
G6774	随县(OVN)	襄阳东(@襄阳东)	全车放弃
G6777	潜江(QJN)	宜昌东(@宜昌东)	全车放弃
G6778	天河机场(TJN)	襄阳东(@襄阳东)	全车放弃
G6894	宜昌北(ABN)	荆门西(MXN)	全车放弃
G6894	荆门西(MXN)	天门(TKN)	未爬取
G6894	天门(TKN)	汉口(HKN)	未爬取
G6895	汉口(HKN)	汉川北(KFN)	全车放弃
G6895	汉川北(KFN)	天门(TKN)	未爬取
G6895	天门(TKN)	荆门西(MXN)	未爬取
G6895	荆门西(MXN)	宜昌北(ABN)	未爬取
G6957	红岛(HQK)	青岛北(@青岛北)	全车放弃
G6958	红岛(HQK)	青岛北(@青岛北)	全车放弃
G6967	济南东(MDK)	济南西(@济南西)	全车放弃
G6968	曲阜东(QAK)	济南西(@济南西)	全车放弃
G6977	青岛西(QUK)	青岛北(@青岛北)	全车放弃
G6978	邹平(ZLK)	青岛北(@青岛北)	全车放弃
G7298	上海西(SXH)	上海(SHH)	全车放弃
G7649	平阳(ARH)	苍南(CEH)	全车放弃
G7703	合肥南(ENH)	芜湖(WHH)	全车放弃
G7703	芜湖(WHH)	宣城(ECH)	未爬取
G7703	宣城(ECH)	宁国南(NIU)	未爬取
G7703	宁国南(NIU)	黄山北(NYH)	未爬取
G7704	黄山北(NYH)	绩溪北(NRH)	全车放弃
G7704	绩溪北(NRH)	宁国南(NIU)	未爬取
G7704	宁国南(NIU)	宣城(ECH)	未爬取
G7704	宣城(ECH)	芜湖(WHH)	未爬取
G7704	芜湖(WHH)	合肥南(ENH)	未爬取
G7705	合肥南(ENH)	巢湖东(GUH)	全车放弃
G7705	巢湖东(GUH)	芜湖(WHH)	未爬取
G7705	芜湖(WHH)	宣城(ECH)	未爬取
G7705	宣城(ECH)	宁国南(NIU)	未爬取
G7705	宁国南(NIU)	黄山北(NYH)	未爬取
G7705	黄山北(NYH)	黟县东(YIU)	未爬取
G7705	黟县东(YIU)	祁门南(QNU)	未爬取
G7706	祁门南(QNU)	黟县东(YIU)	全车放弃
G7706	黟县东(YIU)	黄山北(NYH)	未爬取
G7706	黄山北(NYH)	绩溪北(NRH)	未爬取
G7706	绩溪北(NRH)	宁国南(NIU)	未爬取
G7706	宁国南(NIU)	宣城(ECH)	未爬取
G7706	宣城(ECH)	芜湖(WHH)	未爬取
G7706	芜湖(WHH)	合肥南(ENH)	未爬取
G7737	合肥南(ENH)	芜湖(WHH)	全车放弃
G7738	芜湖(WHH)	巢湖东(GUH)	全车放弃
G7738	巢湖东(GUH)	合肥南(ENH)	未爬取
G7888	张家口(ZMP)	宣化北(VJP)	全车放弃
G7888	宣化北(VJP)	下花园北(OKP)	未爬取
G7888	下花园北(OKP)	怀来(VQP)	未爬取
G7888	怀来(VQP)	八达岭长城(VLP)	未爬取
G7888	八达岭长城(VLP)	清河(QIP)	未爬取
G8133	铁岭西(PXT)	沈阳北(@沈阳北)	全车放弃
G8134	通化(THL)	沈阳北(@沈阳北)	全车放弃
G8158	长白山(CUL)	长白山西(SJL)	全车放弃
G8158	长白山西(SJL)	白山东(BDL)	未爬取
G8158	白山东(BDL)	通化(THL)	未爬取
G8158	通化(THL)	抚顺(FET)	未爬取
G8158	抚顺(FET)	沈阳北(SBT)	未爬取
G8334	无为(IIH)	合肥南(@合肥南)	全车放弃
G8345	舒城东(SDU)	合肥南(@合肥南)	全车放弃
G8348	安庆(AQH)	桐城东(TOU)	全车放弃
G8348	桐城东(TOU)	庐江西(LUU)	未爬取
G8348	庐江西(LUU)	舒城东(SDU)	未爬取
G8348	舒城东(SDU)	肥西(FAH)	未爬取
G8348	肥西(FAH)	合肥南(ENH)	未爬取
G8350	合肥南(ENH)	肥西(FAH)	全车放弃
G8350	肥西(FAH)	舒城东(SDU)	未爬取
G8350	舒城东(SDU)	庐江西(LUU)	未爬取
G8350	庐江西(LUU)	桐城东(TOU)	未爬取
G8350	桐城东(TOU)	安庆(AQH)	未爬取
G8350	安庆(AQH)	池州(IYH)	未爬取
G8350	池州(IYH)	芜湖(WHH)	未爬取
G8350	芜湖(WHH)	南京南(NKH)	未爬取
G8432	广州东(GGQ)	广州新塘(XWQ)	全车放弃
G8432	广州新塘(XWQ)	惠州南(KNA)	未爬取
G8432	惠州南(KNA)	汕尾(OGQ)	未爬取
G8432	汕尾(OGQ)	陆丰东(LDA)	未爬取
G8432	陆丰东(LDA)	汕头(OTQ)	未爬取
G8432	汕头(OTQ)	潮汕(CBQ)	未爬取
G8432	潮汕(CBQ)	揭阳机场(JUA)	未爬取
G8432	揭阳机场(JUA)	揭阳(JYA)	未爬取
G8432	揭阳(JYA)	丰顺东(FDA)	未爬取
G8432	丰顺东(FDA)	建桥(JQA)	未爬取
G8432	建桥(JQA)	梅州西(MXA)	未爬取
G8432	梅州西(MXA)	五华(WHA)	未爬取
G8432	五华(WHA)	河源东(HEA)	未爬取
G8432	河源东(HEA)	深圳(SZQ)	未爬取
G8467	揭阳(JYA)	揭阳机场(JUA)	全车放弃
G8467	揭阳机场(JUA)	潮汕(CBQ)	未爬取
G8482	深圳(SZQ)	惠州南(KNA)	全车放弃
G8482	惠州南(KNA)	汕尾(OGQ)	未爬取
G8482	汕尾(OGQ)	惠来(HGA)	未爬取
G8482	惠来(HGA)	汕头南(SNA)	未爬取
G8482	汕头南(SNA)	汕头(OTQ)	未爬取
G8482	汕头(OTQ)	潮汕(CBQ)	未爬取
G8482	潮汕(CBQ)	揭阳机场(JUA)	未爬取
G8482	揭阳机场(JUA)	丰顺东(FDA)	未爬取
G8482	丰顺东(FDA)	梅州西(MXA)	未爬取
G8482	梅州西(MXA)	五华(WHA)	未爬取
G8482	五华(WHA)	龙川西(LCA)	未爬取
G8482	龙川西(LCA)	河源东(HEA)	未爬取
G8482	河源东(HEA)	惠州北(HUA)	未爬取
G8482	惠州北(HUA)	增城(ZCA)	未爬取
G8482	增城(ZCA)	广州新塘(XWQ)	未爬取
G8482	广州新塘(XWQ)	广州(GZQ)	未爬取
G8505	重庆西(CXW)	重庆东(COE)	全车放弃
G8505	重庆东(COE)	南川北(NUE)	未爬取
G8505	南川北(NUE)	武隆南(WLE)	未爬取
G8505	武隆南(WLE)	黔江(QNW)	未爬取
G8533	荣昌北(RQW)	重庆西(@重庆西)	全车放弃
G8534	宜宾东(EDE)	重庆西(@重庆西)	全车放弃
G8539	泸县(LXE)	泸州(@泸州)	全车放弃
G8540	宜宾东(EDE)	泸州(@泸州)	全车放弃
G8608	黔江(QNW)	武隆南(WLE)	全车放弃
G8608	武隆南(WLE)	重庆东(COE)	未爬取
G8608	重庆东(COE)	重庆西(CXW)	未爬取
G8608	重庆西(CXW)	成都东(ICW)	未爬取
G8611	成都东(ICW)	沙坪坝(CYW)	全车放弃
G8618	沙坪坝(CYW)	成都东(ICW)	全车放弃
G8621	成都东(ICW)	内江北(NKW)	全车放弃
G8621	内江北(NKW)	永川东(WMW)	未爬取
G8621	永川东(WMW)	重庆北(CUW)	未爬取
G8621	重庆北(CUW)	江北机场(JCE)	未爬取
G8628	江北机场(JCE)	重庆北(CUW)	全车放弃
G8628	重庆北(CUW)	永川东(WMW)	未爬取
G8628	永川东(WMW)	资中北(WZW)	未爬取
G8628	资中北(WZW)	成都东(ICW)	未爬取
G8631	成都东(ICW)	沙坪坝(CYW)	全车放弃
G8640	沙坪坝(CYW)	资阳北(FYW)	全车放弃
G8640	资阳北(FYW)	成都东(ICW)	未爬取
G8641	成都东(ICW)	内江北(NKW)	全车放弃
G8641	内江北(NKW)	重庆西(CXW)	未爬取
G8729	桐梓东(TDE)	重庆西(@重庆西)	全车放弃
G8739	彭山北(PPW)	成都东(@成都东)	全车放弃
G8740	内江北(NKW)	成都东(@成都东)	全车放弃
G8743	眉山东(IUW)	成都东(@成都东)	全车放弃
G8744	天府机场(TIE)	成都东(@成都东)	全车放弃
G8748	遵义(ZYE)	贵阳北(@贵阳北)	全车放弃
G8753	清镇西(QUE)	贵阳北(@贵阳北)	全车放弃
G8754	遵义(ZYE)	贵阳北(@贵阳北)	全车放弃
G8977	南京南(NKH)	武进(WJU)	全车放弃
G8977	武进(WJU)	江阴(KYH)	未爬取
G8977	江阴(KYH)	张家港(ZAU)	未爬取
G8977	张家港(ZAU)	常熟(CAU)	未爬取
G8977	常熟(CAU)	太仓(TCU)	未爬取
G8978	太仓(TCU)	常熟(CAU)	全车放弃
G8978	常熟(CAU)	张家港(ZAU)	未爬取
G8978	张家港(ZAU)	武进(WJU)	未爬取
G8978	武进(WJU)	南京南(NKH)	未爬取
G8991	南京南(NKH)	句容(JRU)	全车放弃
G8991	句容(JRU)	张家港(ZAU)	未爬取
G8991	张家港(ZAU)	常熟(CAU)	未爬取
G8991	常熟(CAU)	太仓(TCU)	未爬取
G8994	张家港(ZAU)	武进(WJU)	全车放弃
G8994	武进(WJU)	金坛(JTU)	未爬取
G8994	金坛(JTU)	句容(JRU)	未爬取
G8994	句容(JRU)	南京南(NKH)	未爬取
G9645	邵阳(SYQ)	邵东(FIQ)	全车放弃
G9645	邵东(FIQ)	衡阳东(HVQ)	未爬取
G9645	衡阳东(HVQ)	郴州西(ICQ)	未爬取
G9645	郴州西(ICQ)	韶关(SNQ)	未爬取
G9645	韶关(SNQ)	广州南(IZQ)	未爬取
G9646	广州南(IZQ)	韶关(SNQ)	全车放弃
G9646	韶关(SNQ)	郴州西(ICQ)	未爬取
G9646	郴州西(ICQ)	衡阳东(HVQ)	未爬取
G9646	衡阳东(HVQ)	西渡(XDA)	未爬取
G9646	西渡(XDA)	邵东(FIQ)	未爬取
G9646	邵东(FIQ)	邵阳(SYQ)	未爬取
G9656	惠来(HGA)	汕头南(SNA)	全车放弃
G9656	汕头南(SNA)	汕头(OTQ)	未爬取
G9799	深圳北(IOQ)	福田(NZQ)	全车放弃
G9799	福田(NZQ)	香港西九龙(XJA)	未爬取
G9821	南昌西(NXG)	宜春(YEG)	全车放弃
G9821	宜春(YEG)	萍乡北(PBG)	未爬取
G9822	萍乡北(PBG)	宜春(YEG)	全车放弃
G9822	宜春(YEG)	高安(GCG)	未爬取
G9822	高安(GCG)	南昌西(NXG)	未爬取

--- 2026-07-29 07:23:16 ---
G2122	昆明南(KOM)	曲靖北(QBM)	全车放弃
G2122	曲靖北(QBM)	盘州(PAE)	未爬取
G2122	盘州(PAE)	贵阳北(KQW)	未爬取
G2122	贵阳北(KQW)	贵定北(FMW)	未爬取
G2122	贵定北(FMW)	凯里南(QKW)	未爬取
G2122	凯里南(QKW)	铜仁南(TNW)	未爬取
G2122	铜仁南(TNW)	怀化南(KAQ)	未爬取
G2122	怀化南(KAQ)	娄底南(UOQ)	未爬取
G2122	娄底南(UOQ)	长沙南(CWQ)	未爬取

--- 2026-07-29 07:31:45 ---
G1401	石家庄(SJP)	邯郸东(HPP)	全车放弃
G1401	邯郸东(HPP)	鹤壁东(HFF)	未爬取
G1401	鹤壁东(HFF)	新乡东(EGF)	未爬取
G1401	新乡东(EGF)	郑州东(ZAF)	未爬取
G1401	郑州东(ZAF)	漯河西(LBN)	未爬取
G1401	漯河西(LBN)	驻马店西(ZLN)	未爬取
G1401	驻马店西(ZLN)	信阳东(OYN)	未爬取
G1401	信阳东(OYN)	武汉(WHN)	未爬取
G1401	武汉(WHN)	岳阳东(YIQ)	未爬取
G1401	岳阳东(YIQ)	长沙南(CWQ)	未爬取
G1401	长沙南(CWQ)	株洲西(ZAQ)	未爬取
G1401	株洲西(ZAQ)	衡阳东(HVQ)	未爬取
G1401	衡阳东(HVQ)	祁东(QMQ)	未爬取
G1401	祁东(QMQ)	祁阳(QWQ)	未爬取
G1401	祁阳(QWQ)	永州(AOQ)	未爬取
G1401	永州(AOQ)	东安东(DCZ)	未爬取
G1401	东安东(DCZ)	桂林北(GBZ)	未爬取
G1401	桂林北(GBZ)	柳州(LZZ)	未爬取
G1401	柳州(LZZ)	来宾北(UCZ)	未爬取
G1401	来宾北(UCZ)	南宁东(NFZ)	未爬取
G1402	南宁东(NFZ)	来宾北(UCZ)	全车放弃
G1402	来宾北(UCZ)	柳州(LZZ)	未爬取
G1402	柳州(LZZ)	永福南(YBZ)	未爬取
G1402	永福南(YBZ)	桂林北(GBZ)	未爬取
G1402	桂林北(GBZ)	全州南(QNZ)	未爬取
G1402	全州南(QNZ)	东安东(DCZ)	未爬取
G1402	东安东(DCZ)	永州(AOQ)	未爬取
G1402	永州(AOQ)	祁阳(QWQ)	未爬取
G1402	祁阳(QWQ)	祁东(QMQ)	未爬取
G1402	祁东(QMQ)	衡阳东(HVQ)	未爬取
G1402	衡阳东(HVQ)	株洲西(ZAQ)	未爬取
G1402	株洲西(ZAQ)	长沙南(CWQ)	未爬取
G1402	长沙南(CWQ)	岳阳东(YIQ)	未爬取
G1402	岳阳东(YIQ)	赤壁北(CIN)	未爬取
G1402	赤壁北(CIN)	武汉(WHN)	未爬取
G1402	武汉(WHN)	漯河西(LBN)	未爬取
G1402	漯河西(LBN)	许昌东(XVF)	未爬取
G1402	许昌东(XVF)	郑州东(ZAF)	未爬取
G1402	郑州东(ZAF)	新乡东(EGF)	未爬取
G1402	新乡东(EGF)	邯郸东(HPP)	未爬取
G1402	邯郸东(HPP)	石家庄(SJP)	未爬取
G1619	长沙南(CWQ)	韶山南(INQ)	全车放弃
G1619	韶山南(INQ)	怀化南(KAQ)	未爬取
G1619	怀化南(KAQ)	芷江(ZPQ)	未爬取
G1619	芷江(ZPQ)	凯里南(QKW)	未爬取
G1619	凯里南(QKW)	贵阳北(KQW)	未爬取
G1619	贵阳北(KQW)	河池西(HIZ)	未爬取
G1619	河池西(HIZ)	都安(RUZ)	未爬取
G1619	都安(RUZ)	南宁东(NFZ)	未爬取
G1620	南宁东(NFZ)	河池西(HIZ)	全车放弃
G1620	河池西(HIZ)	都匀东(KJW)	未爬取
G1620	都匀东(KJW)	贵阳北(KQW)	未爬取
G1620	贵阳北(KQW)	贵定北(FMW)	未爬取
G1620	贵定北(FMW)	铜仁南(TNW)	未爬取
G1620	铜仁南(TNW)	怀化南(KAQ)	未爬取
G1620	怀化南(KAQ)	新化南(EJQ)	未爬取
G1620	新化南(EJQ)	娄底南(UOQ)	未爬取
G1620	娄底南(UOQ)	韶山南(INQ)	未爬取
G1620	韶山南(INQ)	湘潭北(EDQ)	未爬取
G1620	湘潭北(EDQ)	长沙南(CWQ)	未爬取
G2489	清河(QIP)	怀来(VQP)	全车放弃
G2489	怀来(VQP)	宣化北(VJP)	未爬取
G2489	宣化北(VJP)	张家口(ZMP)	未爬取
G2489	张家口(ZMP)	乌兰察布(WPC)	未爬取
G2489	乌兰察布(WPC)	卓资东(ZDC)	未爬取
G2489	卓资东(ZDC)	呼和浩特东(NDC)	未爬取
G2490	呼和浩特东(NDC)	卓资东(ZDC)	全车放弃
G2490	卓资东(ZDC)	乌兰察布(WPC)	未爬取
G2490	乌兰察布(WPC)	兴和北(EBC)	未爬取
G2490	兴和北(EBC)	张家口(ZMP)	未爬取
G2490	张家口(ZMP)	东花园北(QBP)	未爬取
G2490	东花园北(QBP)	清河(QIP)	未爬取
G2497	北京北(VAP)	东花园北(QBP)	全车放弃
G2497	东花园北(QBP)	张家口(ZMP)	未爬取
G2497	张家口(ZMP)	兴和北(EBC)	未爬取
G2497	兴和北(EBC)	乌兰察布(WPC)	未爬取
G2497	乌兰察布(WPC)	卓资东(ZDC)	未爬取
G2497	卓资东(ZDC)	呼和浩特东(NDC)	未爬取
G2498	呼和浩特东(NDC)	乌兰察布(WPC)	全车放弃
G2498	乌兰察布(WPC)	张家口(ZMP)	未爬取
G2498	张家口(ZMP)	北京北(VAP)	未爬取
G3194	天台山(TIU)	温岭(VHH)	全车放弃
G3197	杭州西(HVU)	广德南(GNU)	全车放弃
G3197	广德南(GNU)	宣城(ECH)	未爬取
G3197	宣城(ECH)	芜湖(WHH)	未爬取
G3197	芜湖(WHH)	巢湖东(GUH)	未爬取
G3197	巢湖东(GUH)	合肥南(ENH)	未爬取
G3197	合肥南(ENH)	淮南南(HNU)	未爬取
G3197	淮南南(HNU)	阜阳西(FXU)	未爬取
G3197	阜阳西(FXU)	亳州南(BNU)	未爬取
G3197	亳州南(BNU)	商丘(SQF)	未爬取
G3197	商丘(SQF)	郑州东(ZAF)	未爬取
G3197	郑州东(ZAF)	洛阳龙门(LLF)	未爬取
G3197	洛阳龙门(LLF)	三门峡南(SCF)	未爬取
G3197	三门峡南(SCF)	西安北(EAY)	未爬取
G3239	泗县东(ODU)	五河(WHU)	全车放弃
G3239	五河(WHU)	明光西(MXU)	未爬取
G3239	明光西(MXU)	定远东(DEU)	未爬取
G3239	定远东(DEU)	合肥西(HFU)	未爬取
G3239	合肥西(HFU)	六安(UAH)	未爬取
G3239	六安(UAH)	麻城北(MBN)	未爬取
G3239	麻城北(MBN)	红安西(VXN)	未爬取
G3239	红安西(VXN)	汉口(HKN)	未爬取
G3240	汉口(HKN)	红安西(VXN)	全车放弃
G3240	红安西(VXN)	麻城北(MBN)	未爬取
G3240	麻城北(MBN)	六安(UAH)	未爬取
G3240	六安(UAH)	合肥西(HFU)	未爬取
G3240	合肥西(HFU)	定远东(DEU)	未爬取
G3240	定远东(DEU)	明光西(MXU)	未爬取
G3240	明光西(MXU)	五河(WHU)	未爬取
G3240	五河(WHU)	泗县东(ODU)	未爬取
G3277	江阴(KYH)	金坛(JTU)	全车放弃
G3277	金坛(JTU)	南京南(NKH)	未爬取
G3277	南京南(NKH)	马鞍山东(OMH)	未爬取
G3277	马鞍山东(OMH)	芜湖(WHH)	未爬取
G3277	芜湖(WHH)	安庆(AQH)	未爬取
G3277	安庆(AQH)	合肥西(HFU)	未爬取
G3277	合肥西(HFU)	淮南南(HNU)	未爬取
G3277	淮南南(HNU)	阜阳西(FXU)	未爬取
G3277	阜阳西(FXU)	商丘(SQF)	未爬取
G3277	商丘(SQF)	郑州东(ZAF)	未爬取
G3277	郑州东(ZAF)	西安北(EAY)	未爬取
G3278	西安北(EAY)	渭南北(WBY)	全车放弃
G3278	渭南北(WBY)	洛阳龙门(LLF)	未爬取
G3278	洛阳龙门(LLF)	郑州东(ZAF)	未爬取
G3278	郑州东(ZAF)	商丘(SQF)	未爬取
G3278	商丘(SQF)	阜阳西(FXU)	未爬取
G3278	阜阳西(FXU)	合肥西(HFU)	未爬取
G3278	合肥西(HFU)	安庆(AQH)	未爬取
G3278	安庆(AQH)	芜湖(WHH)	未爬取
G3278	芜湖(WHH)	南京南(NKH)	未爬取
G3278	南京南(NKH)	金坛(JTU)	未爬取
G3278	金坛(JTU)	江阴(KYH)	未爬取
G3332	厦门北(XKS)	泉州南(QNS)	全车放弃
G3332	泉州南(QNS)	莆田(PTS)	未爬取
G3332	莆田(PTS)	福州南(FYS)	未爬取
G3332	福州南(FYS)	福州(FZS)	未爬取
G3332	福州(FZS)	延平(YPS)	未爬取
G3332	延平(YPS)	南平市(NOS)	未爬取
G3332	南平市(NOS)	武夷山北(WBS)	未爬取
G3332	武夷山北(WBS)	上饶(SRG)	未爬取
G3332	上饶(SRG)	婺源(WYG)	未爬取
G3332	婺源(WYG)	黄山北(NYH)	未爬取
G3332	黄山北(NYH)	绩溪北(NRH)	未爬取
G3332	绩溪北(NRH)	宁国南(NIU)	未爬取
G3332	宁国南(NIU)	宣城(ECH)	未爬取
G3332	宣城(ECH)	芜湖(WHH)	未爬取
G3332	芜湖(WHH)	南京南(NKH)	未爬取
G3332	南京南(NKH)	句容(JRU)	未爬取
G3332	句容(JRU)	金坛(JTU)	未爬取
G3332	金坛(JTU)	武进(WJU)	未爬取
G3332	武进(WJU)	江阴(KYH)	未爬取
G3771	福州南(FYS)	莆田(PTS)	全车放弃
G3771	莆田(PTS)	泉州东(QRS)	未爬取
G3771	泉州东(QRS)	厦门北(XKS)	未爬取
G3771	厦门北(XKS)	漳州(ZUS)	未爬取
G3771	漳州(ZUS)	云霄(YBS)	未爬取
G3771	云霄(YBS)	诏安(ZDS)	未爬取
G3771	诏安(ZDS)	潮安(CMQ)	未爬取
G3771	潮安(CMQ)	汕头(OTQ)	未爬取
G3771	汕头(OTQ)	潮南(CHA)	未爬取
G3771	潮南(CHA)	惠来(HGA)	未爬取
G3771	惠来(HGA)	陆丰东(LDA)	未爬取
G3771	陆丰东(LDA)	汕尾(OGQ)	未爬取
G3771	汕尾(OGQ)	惠州南(KNA)	未爬取
G3771	惠州南(KNA)	博罗(BOA)	未爬取
G3771	博罗(BOA)	罗浮山(LVA)	未爬取
G3771	罗浮山(LVA)	广州新塘(XWQ)	未爬取
G3772	广州新塘(XWQ)	惠州南(KNA)	全车放弃
G3772	惠州南(KNA)	惠东(KDA)	未爬取
G3772	惠东(KDA)	汕尾(OGQ)	未爬取
G3772	汕尾(OGQ)	陆丰东(LDA)	未爬取
G3772	陆丰东(LDA)	惠来(HGA)	未爬取
G3772	惠来(HGA)	潮南(CHA)	未爬取
G3772	潮南(CHA)	汕头(OTQ)	未爬取
G3772	汕头(OTQ)	诏安(ZDS)	未爬取
G3772	诏安(ZDS)	漳浦(ZCS)	未爬取
G3772	漳浦(ZCS)	漳州(ZUS)	未爬取
G3772	漳州(ZUS)	厦门北(XKS)	未爬取
G3772	厦门北(XKS)	泉州南(QNS)	未爬取
G3772	泉州南(QNS)	莆田(PTS)	未爬取
G3772	莆田(PTS)	福州南(FYS)	未爬取
G5037	鹰潭北(YKG)	南昌(@南昌)	全车放弃
G5038	永修(ACG)	南昌(@南昌)	全车放弃
G5133	汕头(OTQ)	汕头南(SNA)	全车放弃
G5133	汕头南(SNA)	惠来(HGA)	未爬取
G5133	惠来(HGA)	陆丰东(LDA)	未爬取
G5133	陆丰东(LDA)	陆丰南(LAA)	未爬取
G5133	陆丰南(LAA)	惠东(KDA)	未爬取
G5133	惠东(KDA)	惠州南(KNA)	未爬取
G5133	惠州南(KNA)	博罗(BOA)	未爬取
G5133	博罗(BOA)	广州新塘(XWQ)	未爬取
G5133	广州新塘(XWQ)	广州(GZQ)	未爬取
G5133	广州(GZQ)	佛山(FSQ)	未爬取
G5133	佛山(FSQ)	阳春东(YBQ)	未爬取
G5133	阳春东(YBQ)	马踏(PWQ)	未爬取
G5133	马踏(PWQ)	茂名南(MRQ)	未爬取
G5133	茂名南(MRQ)	吴川(WAQ)	未爬取
G5133	吴川(WAQ)	湛江北(ZMQ)	未爬取
G5138	湛江北(ZMQ)	吴川(WAQ)	全车放弃
G5138	吴川(WAQ)	茂名南(MRQ)	未爬取
G5138	茂名南(MRQ)	阳江北(YLQ)	未爬取
G5138	阳江北(YLQ)	新兴南(XPQ)	未爬取
G5138	新兴南(XPQ)	佛山(FSQ)	未爬取
G5138	佛山(FSQ)	广州(GZQ)	未爬取
G5138	广州(GZQ)	广州新塘(XWQ)	未爬取
G5138	广州新塘(XWQ)	惠州南(KNA)	未爬取
G5138	惠州南(KNA)	汕尾(OGQ)	未爬取
G5138	汕尾(OGQ)	陆丰南(LAA)	未爬取
G5138	陆丰南(LAA)	陆丰东(LDA)	未爬取
G5138	陆丰东(LDA)	惠来(HGA)	未爬取
G5138	惠来(HGA)	汕头南(SNA)	未爬取
G5138	汕头南(SNA)	汕头(OTQ)	未爬取
G5180	湛江北(ZMQ)	茂名南(MRQ)	全车放弃
G5180	茂名南(MRQ)	阳江北(YLQ)	未爬取
G5180	阳江北(YLQ)	阳春东(YBQ)	未爬取
G5180	阳春东(YBQ)	佛山(FSQ)	未爬取
G5180	佛山(FSQ)	广州(GZQ)	未爬取
G5183	广州(GZQ)	佛山(FSQ)	全车放弃
G5183	佛山(FSQ)	新兴南(XPQ)	未爬取
G5183	新兴南(XPQ)	阳江北(YLQ)	未爬取
G5183	阳江北(YLQ)	茂名南(MRQ)	未爬取
G5183	茂名南(MRQ)	湛江北(ZMQ)	未爬取
G5184	湛江北(ZMQ)	茂名南(MRQ)	全车放弃
G5184	茂名南(MRQ)	马踏(PWQ)	未爬取
G5184	马踏(PWQ)	阳江北(YLQ)	未爬取
G5184	阳江北(YLQ)	阳春东(YBQ)	未爬取
G5184	阳春东(YBQ)	佛山(FSQ)	未爬取
G5184	佛山(FSQ)	广州白云(GBA)	未爬取
G5185	广州白云(GBA)	新兴南(XPQ)	全车放弃
G5185	新兴南(XPQ)	阳春东(YBQ)	未爬取
G5185	阳春东(YBQ)	马踏(PWQ)	未爬取
G5185	马踏(PWQ)	茂名南(MRQ)	未爬取
G5185	茂名南(MRQ)	湛江北(ZMQ)	未爬取
G5186	湛江北(ZMQ)	茂名南(MRQ)	全车放弃
G5186	茂名南(MRQ)	马踏(PWQ)	未爬取
G5186	马踏(PWQ)	阳江北(YLQ)	未爬取
G5186	阳江北(YLQ)	阳春东(YBQ)	未爬取
G5186	阳春东(YBQ)	新兴南(XPQ)	未爬取
G5186	新兴南(XPQ)	佛山(FSQ)	未爬取
G5186	佛山(FSQ)	广州(GZQ)	未爬取
G5187	广州(GZQ)	佛山(FSQ)	全车放弃
G5187	佛山(FSQ)	阳春东(YBQ)	未爬取
G5187	阳春东(YBQ)	茂名南(MRQ)	未爬取
G5187	茂名南(MRQ)	湛江北(ZMQ)	未爬取
G5252	广州(GZQ)	广州新塘(XWQ)	全车放弃
G5252	广州新塘(XWQ)	惠州北(HUA)	未爬取
G5252	惠州北(HUA)	五华(WHA)	未爬取
G5252	五华(WHA)	梅州西(MXA)	未爬取
G5252	梅州西(MXA)	丰顺东(FDA)	未爬取
G5252	丰顺东(FDA)	揭阳(JYA)	未爬取
G5252	揭阳(JYA)	揭阳机场(JUA)	未爬取
G5252	揭阳机场(JUA)	潮汕(CBQ)	未爬取
G5252	潮汕(CBQ)	潮安(CMQ)	未爬取
G5252	潮安(CMQ)	汕头(OTQ)	未爬取
G5252	汕头(OTQ)	潮南(CHA)	未爬取
G5252	潮南(CHA)	惠来(HGA)	未爬取
G5252	惠来(HGA)	陆丰东(LDA)	未爬取
G5252	陆丰东(LDA)	陆丰南(LAA)	未爬取
G5252	陆丰南(LAA)	汕尾(OGQ)	未爬取
G5252	汕尾(OGQ)	惠东(KDA)	未爬取
G5252	惠东(KDA)	惠州南(KNA)	未爬取
G5252	惠州南(KNA)	仲恺(ZKA)	未爬取
G5252	仲恺(ZKA)	深圳(SZQ)	未爬取
G5255	深圳(SZQ)	汕尾(OGQ)	全车放弃
G5255	汕尾(OGQ)	惠来(HGA)	未爬取
G5255	惠来(HGA)	汕头(OTQ)	未爬取
G5255	汕头(OTQ)	潮汕(CBQ)	未爬取
G5255	潮汕(CBQ)	揭阳机场(JUA)	未爬取
G5255	揭阳机场(JUA)	揭阳(JYA)	未爬取
G5255	揭阳(JYA)	丰顺东(FDA)	未爬取
G5255	丰顺东(FDA)	梅州西(MXA)	未爬取
G5255	梅州西(MXA)	兴宁南(XNA)	未爬取
G5255	兴宁南(XNA)	五华(WHA)	未爬取
G5255	五华(WHA)	龙川西(LCA)	未爬取
G5255	龙川西(LCA)	惠州北(HUA)	未爬取
G5255	惠州北(HUA)	深圳(@深圳)	未爬取
G5256	深圳(SZQ)	仲恺(ZKA)	全车放弃
G5256	仲恺(ZKA)	惠州北(HUA)	未爬取
G5256	惠州北(HUA)	河源东(HEA)	未爬取
G5256	河源东(HEA)	龙川西(LCA)	未爬取
G5256	龙川西(LCA)	五华(WHA)	未爬取
G5256	五华(WHA)	兴宁南(XNA)	未爬取
G5256	兴宁南(XNA)	梅州西(MXA)	未爬取
G5256	梅州西(MXA)	丰顺东(FDA)	未爬取
G5256	丰顺东(FDA)	揭阳(JYA)	未爬取
G5256	揭阳(JYA)	揭阳机场(JUA)	未爬取
G5256	揭阳机场(JUA)	潮汕(CBQ)	未爬取
G5256	潮汕(CBQ)	汕头(OTQ)	未爬取
G5256	汕头(OTQ)	汕头南(SNA)	未爬取
G5256	汕头南(SNA)	潮南(CHA)	未爬取
G5256	潮南(CHA)	惠来(HGA)	未爬取
G5256	惠来(HGA)	汕尾(OGQ)	未爬取
G5256	汕尾(OGQ)	惠东(KDA)	未爬取
G5256	惠东(KDA)	惠州南(KNA)	未爬取
G5256	惠州南(KNA)	深圳(@深圳)	未爬取
G5260	深圳(SZQ)	惠州南(KNA)	全车放弃
G5260	惠州南(KNA)	惠东(KDA)	未爬取
G5260	惠东(KDA)	汕尾(OGQ)	未爬取
G5260	汕尾(OGQ)	惠来(HGA)	未爬取
G5260	惠来(HGA)	汕头(OTQ)	未爬取
G5260	汕头(OTQ)	潮汕(CBQ)	未爬取
G5260	潮汕(CBQ)	揭阳机场(JUA)	未爬取
G5260	揭阳机场(JUA)	揭阳(JYA)	未爬取
G5260	揭阳(JYA)	梅州西(MXA)	未爬取
G5260	梅州西(MXA)	兴宁南(XNA)	未爬取
G5260	兴宁南(XNA)	五华(WHA)	未爬取
G5260	五华(WHA)	河源东(HEA)	未爬取
G5260	河源东(HEA)	惠州北(HUA)	未爬取
G5260	惠州北(HUA)	增城(ZCA)	未爬取
G5260	增城(ZCA)	广州新塘(XWQ)	未爬取
G5260	广州新塘(XWQ)	广州东(GGQ)	未爬取

--- 2026-07-29 07:36:39 ---
G1401	石家庄(SJP)	邯郸东(HPP)	全车放弃
G1401	邯郸东(HPP)	鹤壁东(HFF)	未爬取
G1401	鹤壁东(HFF)	新乡东(EGF)	未爬取
G1401	新乡东(EGF)	郑州东(ZAF)	未爬取
G1401	郑州东(ZAF)	漯河西(LBN)	未爬取
G1401	漯河西(LBN)	驻马店西(ZLN)	未爬取
G1401	驻马店西(ZLN)	信阳东(OYN)	未爬取
G1401	信阳东(OYN)	武汉(WHN)	未爬取
G1401	武汉(WHN)	岳阳东(YIQ)	未爬取
G1401	岳阳东(YIQ)	长沙南(CWQ)	未爬取
G1401	长沙南(CWQ)	株洲西(ZAQ)	未爬取
G1401	株洲西(ZAQ)	衡阳东(HVQ)	未爬取
G1401	衡阳东(HVQ)	祁东(QMQ)	未爬取
G1401	祁东(QMQ)	祁阳(QWQ)	未爬取
G1401	祁阳(QWQ)	永州(AOQ)	未爬取
G1401	永州(AOQ)	东安东(DCZ)	未爬取
G1401	东安东(DCZ)	桂林北(GBZ)	未爬取
G1401	桂林北(GBZ)	柳州(LZZ)	未爬取
G1401	柳州(LZZ)	来宾北(UCZ)	未爬取
G1401	来宾北(UCZ)	南宁东(NFZ)	未爬取
G1402	南宁东(NFZ)	来宾北(UCZ)	全车放弃
G1402	来宾北(UCZ)	柳州(LZZ)	未爬取
G1402	柳州(LZZ)	永福南(YBZ)	未爬取
G1402	永福南(YBZ)	桂林北(GBZ)	未爬取
G1402	桂林北(GBZ)	全州南(QNZ)	未爬取
G1402	全州南(QNZ)	东安东(DCZ)	未爬取
G1402	东安东(DCZ)	永州(AOQ)	未爬取
G1402	永州(AOQ)	祁阳(QWQ)	未爬取
G1402	祁阳(QWQ)	祁东(QMQ)	未爬取
G1402	祁东(QMQ)	衡阳东(HVQ)	未爬取
G1402	衡阳东(HVQ)	株洲西(ZAQ)	未爬取
G1402	株洲西(ZAQ)	长沙南(CWQ)	未爬取
G1402	长沙南(CWQ)	岳阳东(YIQ)	未爬取
G1402	岳阳东(YIQ)	赤壁北(CIN)	未爬取
G1402	赤壁北(CIN)	武汉(WHN)	未爬取
G1402	武汉(WHN)	漯河西(LBN)	未爬取
G1402	漯河西(LBN)	许昌东(XVF)	未爬取
G1402	许昌东(XVF)	郑州东(ZAF)	未爬取
G1402	郑州东(ZAF)	新乡东(EGF)	未爬取
G1402	新乡东(EGF)	邯郸东(HPP)	未爬取
G1402	邯郸东(HPP)	石家庄(SJP)	未爬取
G1619	长沙南(CWQ)	韶山南(INQ)	全车放弃
G1619	韶山南(INQ)	怀化南(KAQ)	未爬取
G1619	怀化南(KAQ)	芷江(ZPQ)	未爬取
G1619	芷江(ZPQ)	凯里南(QKW)	未爬取
G1619	凯里南(QKW)	贵阳北(KQW)	未爬取
G1619	贵阳北(KQW)	河池西(HIZ)	未爬取
G1619	河池西(HIZ)	都安(RUZ)	未爬取
G1619	都安(RUZ)	南宁东(NFZ)	未爬取
G1620	南宁东(NFZ)	河池西(HIZ)	全车放弃
G1620	河池西(HIZ)	都匀东(KJW)	未爬取
G1620	都匀东(KJW)	贵阳北(KQW)	未爬取
G1620	贵阳北(KQW)	贵定北(FMW)	未爬取
G1620	贵定北(FMW)	铜仁南(TNW)	未爬取
G1620	铜仁南(TNW)	怀化南(KAQ)	未爬取
G1620	怀化南(KAQ)	新化南(EJQ)	未爬取
G1620	新化南(EJQ)	娄底南(UOQ)	未爬取
G1620	娄底南(UOQ)	韶山南(INQ)	未爬取
G1620	韶山南(INQ)	湘潭北(EDQ)	未爬取
G1620	湘潭北(EDQ)	长沙南(CWQ)	未爬取
G2489	清河(QIP)	怀来(VQP)	全车放弃
G2489	怀来(VQP)	宣化北(VJP)	未爬取
G2489	宣化北(VJP)	张家口(ZMP)	未爬取
G2489	张家口(ZMP)	乌兰察布(WPC)	未爬取
G2489	乌兰察布(WPC)	卓资东(ZDC)	未爬取
G2489	卓资东(ZDC)	呼和浩特东(NDC)	未爬取
G2490	呼和浩特东(NDC)	卓资东(ZDC)	全车放弃
G2490	卓资东(ZDC)	乌兰察布(WPC)	未爬取
G2490	乌兰察布(WPC)	兴和北(EBC)	未爬取
G2490	兴和北(EBC)	张家口(ZMP)	未爬取
G2490	张家口(ZMP)	东花园北(QBP)	未爬取
G2490	东花园北(QBP)	清河(QIP)	未爬取
G2497	北京北(VAP)	东花园北(QBP)	全车放弃
G2497	东花园北(QBP)	张家口(ZMP)	未爬取
G2497	张家口(ZMP)	兴和北(EBC)	未爬取
G2497	兴和北(EBC)	乌兰察布(WPC)	未爬取
G2497	乌兰察布(WPC)	卓资东(ZDC)	未爬取
G2497	卓资东(ZDC)	呼和浩特东(NDC)	未爬取
G2498	呼和浩特东(NDC)	乌兰察布(WPC)	全车放弃
G2498	乌兰察布(WPC)	张家口(ZMP)	未爬取
G2498	张家口(ZMP)	北京北(VAP)	未爬取
G3194	天台山(TIU)	温岭(VHH)	全车放弃
G3239	泗县东(ODU)	五河(WHU)	全车放弃
G3239	五河(WHU)	明光西(MXU)	未爬取
G3239	明光西(MXU)	定远东(DEU)	未爬取
G3239	定远东(DEU)	合肥西(HFU)	未爬取
G3239	合肥西(HFU)	六安(UAH)	未爬取
G3239	六安(UAH)	麻城北(MBN)	未爬取
G3239	麻城北(MBN)	红安西(VXN)	未爬取
G3239	红安西(VXN)	汉口(HKN)	未爬取
G3240	汉口(HKN)	红安西(VXN)	全车放弃
G3240	红安西(VXN)	麻城北(MBN)	未爬取
G3240	麻城北(MBN)	六安(UAH)	未爬取
G3240	六安(UAH)	合肥西(HFU)	未爬取
G3240	合肥西(HFU)	定远东(DEU)	未爬取
G3240	定远东(DEU)	明光西(MXU)	未爬取
G3240	明光西(MXU)	五河(WHU)	未爬取
G3240	五河(WHU)	泗县东(ODU)	未爬取
G3277	江阴(KYH)	金坛(JTU)	全车放弃
G3277	金坛(JTU)	南京南(NKH)	未爬取
G3277	南京南(NKH)	马鞍山东(OMH)	未爬取
G3277	马鞍山东(OMH)	芜湖(WHH)	未爬取
G3277	芜湖(WHH)	安庆(AQH)	未爬取
G3277	安庆(AQH)	合肥西(HFU)	未爬取
G3277	合肥西(HFU)	淮南南(HNU)	未爬取
G3277	淮南南(HNU)	阜阳西(FXU)	未爬取
G3277	阜阳西(FXU)	商丘(SQF)	未爬取
G3277	商丘(SQF)	郑州东(ZAF)	未爬取
G3277	郑州东(ZAF)	西安北(EAY)	未爬取
G3278	西安北(EAY)	渭南北(WBY)	全车放弃
G3278	渭南北(WBY)	洛阳龙门(LLF)	未爬取
G3278	洛阳龙门(LLF)	郑州东(ZAF)	未爬取
G3278	郑州东(ZAF)	商丘(SQF)	未爬取
G3278	商丘(SQF)	阜阳西(FXU)	未爬取
G3278	阜阳西(FXU)	合肥西(HFU)	未爬取
G3278	合肥西(HFU)	安庆(AQH)	未爬取
G3278	安庆(AQH)	芜湖(WHH)	未爬取
G3278	芜湖(WHH)	南京南(NKH)	未爬取
G3278	南京南(NKH)	金坛(JTU)	未爬取
G3278	金坛(JTU)	江阴(KYH)	未爬取
G3332	厦门北(XKS)	泉州南(QNS)	全车放弃
G3332	泉州南(QNS)	莆田(PTS)	未爬取
G3332	莆田(PTS)	福州南(FYS)	未爬取
G3332	福州南(FYS)	福州(FZS)	未爬取
G3332	福州(FZS)	延平(YPS)	未爬取
G3332	延平(YPS)	南平市(NOS)	未爬取
G3332	南平市(NOS)	武夷山北(WBS)	未爬取
G3332	武夷山北(WBS)	上饶(SRG)	未爬取
G3332	上饶(SRG)	婺源(WYG)	未爬取
G3332	婺源(WYG)	黄山北(NYH)	未爬取
G3332	黄山北(NYH)	绩溪北(NRH)	未爬取
G3332	绩溪北(NRH)	宁国南(NIU)	未爬取
G3332	宁国南(NIU)	宣城(ECH)	未爬取
G3332	宣城(ECH)	芜湖(WHH)	未爬取
G3332	芜湖(WHH)	南京南(NKH)	未爬取
G3332	南京南(NKH)	句容(JRU)	未爬取
G3332	句容(JRU)	金坛(JTU)	未爬取
G3332	金坛(JTU)	武进(WJU)	未爬取
G3332	武进(WJU)	江阴(KYH)	未爬取
G3771	福州南(FYS)	莆田(PTS)	全车放弃
G3771	莆田(PTS)	泉州东(QRS)	未爬取
G3771	泉州东(QRS)	厦门北(XKS)	未爬取
G3771	厦门北(XKS)	漳州(ZUS)	未爬取
G3771	漳州(ZUS)	云霄(YBS)	未爬取
G3771	云霄(YBS)	诏安(ZDS)	未爬取
G3771	诏安(ZDS)	潮安(CMQ)	未爬取
G3771	潮安(CMQ)	汕头(OTQ)	未爬取
G3771	汕头(OTQ)	潮南(CHA)	未爬取
G3771	潮南(CHA)	惠来(HGA)	未爬取
G3771	惠来(HGA)	陆丰东(LDA)	未爬取
G3771	陆丰东(LDA)	汕尾(OGQ)	未爬取
G3771	汕尾(OGQ)	惠州南(KNA)	未爬取
G3771	惠州南(KNA)	博罗(BOA)	未爬取
G3771	博罗(BOA)	罗浮山(LVA)	未爬取
G3771	罗浮山(LVA)	广州新塘(XWQ)	未爬取
G3772	广州新塘(XWQ)	惠州南(KNA)	全车放弃
G3772	惠州南(KNA)	惠东(KDA)	未爬取
G3772	惠东(KDA)	汕尾(OGQ)	未爬取
G3772	汕尾(OGQ)	陆丰东(LDA)	未爬取
G3772	陆丰东(LDA)	惠来(HGA)	未爬取
G3772	惠来(HGA)	潮南(CHA)	未爬取
G3772	潮南(CHA)	汕头(OTQ)	未爬取
G3772	汕头(OTQ)	诏安(ZDS)	未爬取
G3772	诏安(ZDS)	漳浦(ZCS)	未爬取
G3772	漳浦(ZCS)	漳州(ZUS)	未爬取
G3772	漳州(ZUS)	厦门北(XKS)	未爬取
G3772	厦门北(XKS)	泉州南(QNS)	未爬取
G3772	泉州南(QNS)	莆田(PTS)	未爬取
G3772	莆田(PTS)	福州南(FYS)	未爬取
G5037	鹰潭北(YKG)	南昌(@南昌)	全车放弃
G5038	永修(ACG)	南昌(@南昌)	全车放弃
G5133	汕头(OTQ)	汕头南(SNA)	全车放弃
G5133	汕头南(SNA)	惠来(HGA)	未爬取
G5133	惠来(HGA)	陆丰东(LDA)	未爬取
G5133	陆丰东(LDA)	陆丰南(LAA)	未爬取
G5133	陆丰南(LAA)	惠东(KDA)	未爬取
G5133	惠东(KDA)	惠州南(KNA)	未爬取
G5133	惠州南(KNA)	博罗(BOA)	未爬取
G5133	博罗(BOA)	广州新塘(XWQ)	未爬取
G5133	广州新塘(XWQ)	广州(GZQ)	未爬取
G5133	广州(GZQ)	佛山(FSQ)	未爬取
G5133	佛山(FSQ)	阳春东(YBQ)	未爬取
G5133	阳春东(YBQ)	马踏(PWQ)	未爬取
G5133	马踏(PWQ)	茂名南(MRQ)	未爬取
G5133	茂名南(MRQ)	吴川(WAQ)	未爬取
G5133	吴川(WAQ)	湛江北(ZMQ)	未爬取
G5138	湛江北(ZMQ)	吴川(WAQ)	全车放弃
G5138	吴川(WAQ)	茂名南(MRQ)	未爬取
G5138	茂名南(MRQ)	阳江北(YLQ)	未爬取
G5138	阳江北(YLQ)	新兴南(XPQ)	未爬取
G5138	新兴南(XPQ)	佛山(FSQ)	未爬取
G5138	佛山(FSQ)	广州(GZQ)	未爬取
G5138	广州(GZQ)	广州新塘(XWQ)	未爬取
G5138	广州新塘(XWQ)	惠州南(KNA)	未爬取
G5138	惠州南(KNA)	汕尾(OGQ)	未爬取
G5138	汕尾(OGQ)	陆丰南(LAA)	未爬取
G5138	陆丰南(LAA)	陆丰东(LDA)	未爬取
G5138	陆丰东(LDA)	惠来(HGA)	未爬取
G5138	惠来(HGA)	汕头南(SNA)	未爬取
G5138	汕头南(SNA)	汕头(OTQ)	未爬取
G5180	湛江北(ZMQ)	茂名南(MRQ)	全车放弃
G5180	茂名南(MRQ)	阳江北(YLQ)	未爬取
G5180	阳江北(YLQ)	阳春东(YBQ)	未爬取
G5180	阳春东(YBQ)	佛山(FSQ)	未爬取
G5180	佛山(FSQ)	广州(GZQ)	未爬取
G5183	广州(GZQ)	佛山(FSQ)	全车放弃
G5183	佛山(FSQ)	新兴南(XPQ)	未爬取
G5183	新兴南(XPQ)	阳江北(YLQ)	未爬取
G5183	阳江北(YLQ)	茂名南(MRQ)	未爬取
G5183	茂名南(MRQ)	湛江北(ZMQ)	未爬取
G5184	湛江北(ZMQ)	茂名南(MRQ)	全车放弃
G5184	茂名南(MRQ)	马踏(PWQ)	未爬取
G5184	马踏(PWQ)	阳江北(YLQ)	未爬取
G5184	阳江北(YLQ)	阳春东(YBQ)	未爬取
G5184	阳春东(YBQ)	佛山(FSQ)	未爬取
G5184	佛山(FSQ)	广州白云(GBA)	未爬取
G5185	广州白云(GBA)	新兴南(XPQ)	全车放弃
G5185	新兴南(XPQ)	阳春东(YBQ)	未爬取
G5185	阳春东(YBQ)	马踏(PWQ)	未爬取
G5185	马踏(PWQ)	茂名南(MRQ)	未爬取
G5185	茂名南(MRQ)	湛江北(ZMQ)	未爬取
G5186	湛江北(ZMQ)	茂名南(MRQ)	全车放弃
G5186	茂名南(MRQ)	马踏(PWQ)	未爬取
G5186	马踏(PWQ)	阳江北(YLQ)	未爬取
G5186	阳江北(YLQ)	阳春东(YBQ)	未爬取
G5186	阳春东(YBQ)	新兴南(XPQ)	未爬取
G5186	新兴南(XPQ)	佛山(FSQ)	未爬取
G5186	佛山(FSQ)	广州(GZQ)	未爬取
G5187	广州(GZQ)	佛山(FSQ)	全车放弃
G5187	佛山(FSQ)	阳春东(YBQ)	未爬取
G5187	阳春东(YBQ)	茂名南(MRQ)	未爬取
G5187	茂名南(MRQ)	湛江北(ZMQ)	未爬取
G5252	广州(GZQ)	广州新塘(XWQ)	全车放弃
G5252	广州新塘(XWQ)	惠州北(HUA)	未爬取
G5252	惠州北(HUA)	五华(WHA)	未爬取
G5252	五华(WHA)	梅州西(MXA)	未爬取
G5252	梅州西(MXA)	丰顺东(FDA)	未爬取
G5252	丰顺东(FDA)	揭阳(JYA)	未爬取
G5252	揭阳(JYA)	揭阳机场(JUA)	未爬取
G5252	揭阳机场(JUA)	潮汕(CBQ)	未爬取
G5252	潮汕(CBQ)	潮安(CMQ)	未爬取
G5252	潮安(CMQ)	汕头(OTQ)	未爬取
G5252	汕头(OTQ)	潮南(CHA)	未爬取
G5252	潮南(CHA)	惠来(HGA)	未爬取
G5252	惠来(HGA)	陆丰东(LDA)	未爬取
G5252	陆丰东(LDA)	陆丰南(LAA)	未爬取
G5252	陆丰南(LAA)	汕尾(OGQ)	未爬取
G5252	汕尾(OGQ)	惠东(KDA)	未爬取
G5252	惠东(KDA)	惠州南(KNA)	未爬取
G5252	惠州南(KNA)	仲恺(ZKA)	未爬取
G5252	仲恺(ZKA)	深圳(SZQ)	未爬取
G5255	深圳(SZQ)	汕尾(OGQ)	全车放弃
G5255	汕尾(OGQ)	惠来(HGA)	未爬取
G5255	惠来(HGA)	汕头(OTQ)	未爬取
G5255	汕头(OTQ)	潮汕(CBQ)	未爬取
G5255	潮汕(CBQ)	揭阳机场(JUA)	未爬取
G5255	揭阳机场(JUA)	揭阳(JYA)	未爬取
G5255	揭阳(JYA)	丰顺东(FDA)	未爬取
G5255	丰顺东(FDA)	梅州西(MXA)	未爬取
G5255	梅州西(MXA)	兴宁南(XNA)	未爬取
G5255	兴宁南(XNA)	五华(WHA)	未爬取
G5255	五华(WHA)	龙川西(LCA)	未爬取
G5255	龙川西(LCA)	惠州北(HUA)	未爬取
G5255	惠州北(HUA)	深圳(@深圳)	未爬取
G5256	深圳(SZQ)	仲恺(ZKA)	全车放弃
G5256	仲恺(ZKA)	惠州北(HUA)	未爬取
G5256	惠州北(HUA)	河源东(HEA)	未爬取
G5256	河源东(HEA)	龙川西(LCA)	未爬取
G5256	龙川西(LCA)	五华(WHA)	未爬取
G5256	五华(WHA)	兴宁南(XNA)	未爬取
G5256	兴宁南(XNA)	梅州西(MXA)	未爬取
G5256	梅州西(MXA)	丰顺东(FDA)	未爬取
G5256	丰顺东(FDA)	揭阳(JYA)	未爬取
G5256	揭阳(JYA)	揭阳机场(JUA)	未爬取
G5256	揭阳机场(JUA)	潮汕(CBQ)	未爬取
G5256	潮汕(CBQ)	汕头(OTQ)	未爬取
G5256	汕头(OTQ)	汕头南(SNA)	未爬取
G5256	汕头南(SNA)	潮南(CHA)	未爬取
G5256	潮南(CHA)	惠来(HGA)	未爬取
G5256	惠来(HGA)	汕尾(OGQ)	未爬取
G5256	汕尾(OGQ)	惠东(KDA)	未爬取
G5256	惠东(KDA)	惠州南(KNA)	未爬取
G5256	惠州南(KNA)	深圳(@深圳)	未爬取
G5260	深圳(SZQ)	惠州南(KNA)	全车放弃
G5260	惠州南(KNA)	惠东(KDA)	未爬取
G5260	惠东(KDA)	汕尾(OGQ)	未爬取
G5260	汕尾(OGQ)	惠来(HGA)	未爬取
G5260	惠来(HGA)	汕头(OTQ)	未爬取
G5260	汕头(OTQ)	潮汕(CBQ)	未爬取
G5260	潮汕(CBQ)	揭阳机场(JUA)	未爬取
G5260	揭阳机场(JUA)	揭阳(JYA)	未爬取
G5260	揭阳(JYA)	梅州西(MXA)	未爬取
G5260	梅州西(MXA)	兴宁南(XNA)	未爬取
G5260	兴宁南(XNA)	五华(WHA)	未爬取
G5260	五华(WHA)	河源东(HEA)	未爬取
G5260	河源东(HEA)	惠州北(HUA)	未爬取
G5260	惠州北(HUA)	增城(ZCA)	未爬取
G5260	增城(ZCA)	广州新塘(XWQ)	未爬取
G5260	广州新塘(XWQ)	广州东(GGQ)	未爬取
G5266	深圳(SZQ)	惠州北(HUA)	全车放弃
G5266	惠州北(HUA)	河源东(HEA)	未爬取
G5266	河源东(HEA)	龙川西(LCA)	未爬取
G5266	龙川西(LCA)	五华(WHA)	未爬取
G5266	五华(WHA)	兴宁南(XNA)	未爬取
G5266	兴宁南(XNA)	梅州西(MXA)	未爬取
G5266	梅州西(MXA)	丰顺东(FDA)	未爬取
G5266	丰顺东(FDA)	揭阳(JYA)	未爬取
G5266	揭阳(JYA)	揭阳机场(JUA)	未爬取
G5266	揭阳机场(JUA)	潮汕(CBQ)	未爬取
G5266	潮汕(CBQ)	汕头(OTQ)	未爬取
G5266	汕头(OTQ)	汕头南(SNA)	未爬取
G5266	汕头南(SNA)	潮南(CHA)	未爬取
G5266	潮南(CHA)	惠来(HGA)	未爬取
G5266	惠来(HGA)	汕尾(OGQ)	未爬取
G5266	汕尾(OGQ)	惠东(KDA)	未爬取
G5266	惠东(KDA)	惠州南(KNA)	未爬取
G5266	惠州南(KNA)	深圳(@深圳)	未爬取
G5557	淄博(ZBK)	济南(@济南)	全车放弃
G5558	曲阜东(QAK)	济南(@济南)	全车放弃
G5600	莒南北(VNK)	临沂北(@临沂北)	全车放弃
G6227	广州南(IZQ)	深圳北(IOQ)	全车放弃
G6229	清远(QBQ)	广州南(IZQ)	全车放弃
G6229	广州南(IZQ)	虎门(IUQ)	未爬取
G6229	虎门(IUQ)	深圳北(IOQ)	未爬取
G6250	深圳北(IOQ)	虎门(IUQ)	全车放弃
G6250	虎门(IUQ)	广州南(IZQ)	未爬取
G6250	广州南(IZQ)	广州北(GBQ)	未爬取
G6250	广州北(GBQ)	清远(QBQ)	未爬取
G6344	普宁(PEQ)	潮汕(CBQ)	全车放弃
G6344	潮汕(CBQ)	汕头(OTQ)	未爬取
G6423	长沙南(CWQ)	娄底南(UOQ)	全车放弃
G6423	娄底南(UOQ)	怀化南(KAQ)	未爬取
G6423	怀化南(KAQ)	凤凰古城(FCA)	未爬取
G6423	凤凰古城(FCA)	吉首东(JDA)	未爬取
G6423	吉首东(JDA)	芙蓉镇(FRA)	未爬取
G6423	芙蓉镇(FRA)	张家界西(JXA)	未爬取
G6424	张家界西(JXA)	芙蓉镇(FRA)	全车放弃
G6424	芙蓉镇(FRA)	吉首东(JDA)	未爬取
G6424	吉首东(JDA)	凤凰古城(FCA)	未爬取
G6424	凤凰古城(FCA)	怀化南(KAQ)	未爬取
G6424	怀化南(KAQ)	娄底南(UOQ)	未爬取
G6424	娄底南(UOQ)	长沙南(CWQ)	未爬取
G6773	枝江北(ZIN)	宜昌东(@宜昌东)	全车放弃
G6774	随县(OVN)	襄阳东(@襄阳东)	全车放弃
G6777	潜江(QJN)	宜昌东(@宜昌东)	全车放弃
G6778	天河机场(TJN)	襄阳东(@襄阳东)	全车放弃
G6894	宜昌北(ABN)	荆门西(MXN)	全车放弃
G6894	荆门西(MXN)	天门(TKN)	未爬取
G6894	天门(TKN)	汉口(HKN)	未爬取
G6895	汉口(HKN)	汉川北(KFN)	全车放弃
G6895	汉川北(KFN)	天门(TKN)	未爬取
G6895	天门(TKN)	荆门西(MXN)	未爬取
G6895	荆门西(MXN)	宜昌北(ABN)	未爬取
G6957	红岛(HQK)	青岛北(@青岛北)	全车放弃
G6958	红岛(HQK)	青岛北(@青岛北)	全车放弃
G6967	济南东(MDK)	济南西(@济南西)	全车放弃
G6968	曲阜东(QAK)	济南西(@济南西)	全车放弃
G6977	青岛西(QUK)	青岛北(@青岛北)	全车放弃
G6978	邹平(ZLK)	青岛北(@青岛北)	全车放弃
G7298	上海西(SXH)	上海(SHH)	全车放弃
G7649	平阳(ARH)	苍南(CEH)	全车放弃
G7703	合肥南(ENH)	芜湖(WHH)	全车放弃
G7703	芜湖(WHH)	宣城(ECH)	未爬取
G7703	宣城(ECH)	宁国南(NIU)	未爬取
G7703	宁国南(NIU)	黄山北(NYH)	未爬取
G7704	黄山北(NYH)	绩溪北(NRH)	全车放弃
G7704	绩溪北(NRH)	宁国南(NIU)	未爬取
G7704	宁国南(NIU)	宣城(ECH)	未爬取
G7704	宣城(ECH)	芜湖(WHH)	未爬取
G7704	芜湖(WHH)	合肥南(ENH)	未爬取
G7705	合肥南(ENH)	巢湖东(GUH)	全车放弃
G7705	巢湖东(GUH)	芜湖(WHH)	未爬取
G7705	芜湖(WHH)	宣城(ECH)	未爬取
G7705	宣城(ECH)	宁国南(NIU)	未爬取
G7705	宁国南(NIU)	黄山北(NYH)	未爬取
G7705	黄山北(NYH)	黟县东(YIU)	未爬取
G7705	黟县东(YIU)	祁门南(QNU)	未爬取
G7706	祁门南(QNU)	黟县东(YIU)	全车放弃
G7706	黟县东(YIU)	黄山北(NYH)	未爬取
G7706	黄山北(NYH)	绩溪北(NRH)	未爬取
G7706	绩溪北(NRH)	宁国南(NIU)	未爬取
G7706	宁国南(NIU)	宣城(ECH)	未爬取
G7706	宣城(ECH)	芜湖(WHH)	未爬取
G7706	芜湖(WHH)	合肥南(ENH)	未爬取
G7737	合肥南(ENH)	芜湖(WHH)	全车放弃
G7738	芜湖(WHH)	巢湖东(GUH)	全车放弃
G7738	巢湖东(GUH)	合肥南(ENH)	未爬取
G7888	张家口(ZMP)	宣化北(VJP)	全车放弃
G7888	宣化北(VJP)	下花园北(OKP)	未爬取
G7888	下花园北(OKP)	怀来(VQP)	未爬取
G7888	怀来(VQP)	八达岭长城(VLP)	未爬取
G7888	八达岭长城(VLP)	清河(QIP)	未爬取
G8133	铁岭西(PXT)	沈阳北(@沈阳北)	全车放弃
G8134	通化(THL)	沈阳北(@沈阳北)	全车放弃
G8158	长白山(CUL)	长白山西(SJL)	全车放弃
G8158	长白山西(SJL)	白山东(BDL)	未爬取
G8158	白山东(BDL)	通化(THL)	未爬取
G8158	通化(THL)	抚顺(FET)	未爬取
G8158	抚顺(FET)	沈阳北(SBT)	未爬取
G8334	无为(IIH)	合肥南(@合肥南)	全车放弃
G8345	舒城东(SDU)	合肥南(@合肥南)	全车放弃
G8348	安庆(AQH)	桐城东(TOU)	全车放弃
G8348	桐城东(TOU)	庐江西(LUU)	未爬取
G8348	庐江西(LUU)	舒城东(SDU)	未爬取
G8348	舒城东(SDU)	肥西(FAH)	未爬取
G8348	肥西(FAH)	合肥南(ENH)	未爬取
G8350	合肥南(ENH)	肥西(FAH)	全车放弃
G8350	肥西(FAH)	舒城东(SDU)	未爬取
G8350	舒城东(SDU)	庐江西(LUU)	未爬取
G8350	庐江西(LUU)	桐城东(TOU)	未爬取
G8350	桐城东(TOU)	安庆(AQH)	未爬取
G8350	安庆(AQH)	池州(IYH)	未爬取
G8350	池州(IYH)	芜湖(WHH)	未爬取
G8350	芜湖(WHH)	南京南(NKH)	未爬取
G8432	广州东(GGQ)	广州新塘(XWQ)	全车放弃
G8432	广州新塘(XWQ)	惠州南(KNA)	未爬取
G8432	惠州南(KNA)	汕尾(OGQ)	未爬取
G8432	汕尾(OGQ)	陆丰东(LDA)	未爬取
G8432	陆丰东(LDA)	汕头(OTQ)	未爬取
G8432	汕头(OTQ)	潮汕(CBQ)	未爬取
G8432	潮汕(CBQ)	揭阳机场(JUA)	未爬取
G8432	揭阳机场(JUA)	揭阳(JYA)	未爬取
G8432	揭阳(JYA)	丰顺东(FDA)	未爬取
G8432	丰顺东(FDA)	建桥(JQA)	未爬取
G8432	建桥(JQA)	梅州西(MXA)	未爬取
G8432	梅州西(MXA)	五华(WHA)	未爬取
G8432	五华(WHA)	河源东(HEA)	未爬取
G8432	河源东(HEA)	深圳(SZQ)	未爬取
G8467	揭阳(JYA)	揭阳机场(JUA)	全车放弃
G8467	揭阳机场(JUA)	潮汕(CBQ)	未爬取
G8482	深圳(SZQ)	惠州南(KNA)	全车放弃
G8482	惠州南(KNA)	汕尾(OGQ)	未爬取
G8482	汕尾(OGQ)	惠来(HGA)	未爬取
G8482	惠来(HGA)	汕头南(SNA)	未爬取
G8482	汕头南(SNA)	汕头(OTQ)	未爬取
G8482	汕头(OTQ)	潮汕(CBQ)	未爬取
G8482	潮汕(CBQ)	揭阳机场(JUA)	未爬取
G8482	揭阳机场(JUA)	丰顺东(FDA)	未爬取
G8482	丰顺东(FDA)	梅州西(MXA)	未爬取
G8482	梅州西(MXA)	五华(WHA)	未爬取
G8482	五华(WHA)	龙川西(LCA)	未爬取
G8482	龙川西(LCA)	河源东(HEA)	未爬取
G8482	河源东(HEA)	惠州北(HUA)	未爬取
G8482	惠州北(HUA)	增城(ZCA)	未爬取
G8482	增城(ZCA)	广州新塘(XWQ)	未爬取
G8482	广州新塘(XWQ)	广州(GZQ)	未爬取
G8505	重庆西(CXW)	重庆东(COE)	全车放弃
G8505	重庆东(COE)	南川北(NUE)	未爬取
G8505	南川北(NUE)	武隆南(WLE)	未爬取
G8505	武隆南(WLE)	黔江(QNW)	未爬取
G8533	荣昌北(RQW)	重庆西(@重庆西)	全车放弃
G8534	宜宾东(EDE)	重庆西(@重庆西)	全车放弃
G8539	泸县(LXE)	泸州(@泸州)	全车放弃
G8540	宜宾东(EDE)	泸州(@泸州)	全车放弃
G8608	黔江(QNW)	武隆南(WLE)	全车放弃
G8608	武隆南(WLE)	重庆东(COE)	未爬取
G8608	重庆东(COE)	重庆西(CXW)	未爬取
G8608	重庆西(CXW)	成都东(ICW)	未爬取
G8611	成都东(ICW)	沙坪坝(CYW)	全车放弃
G8618	沙坪坝(CYW)	成都东(ICW)	全车放弃
G8621	成都东(ICW)	内江北(NKW)	全车放弃
G8621	内江北(NKW)	永川东(WMW)	未爬取
G8621	永川东(WMW)	重庆北(CUW)	未爬取
G8621	重庆北(CUW)	江北机场(JCE)	未爬取
G8628	江北机场(JCE)	重庆北(CUW)	全车放弃
G8628	重庆北(CUW)	永川东(WMW)	未爬取
G8628	永川东(WMW)	资中北(WZW)	未爬取
G8628	资中北(WZW)	成都东(ICW)	未爬取
G8631	成都东(ICW)	沙坪坝(CYW)	全车放弃
G8640	沙坪坝(CYW)	资阳北(FYW)	全车放弃
G8640	资阳北(FYW)	成都东(ICW)	未爬取
G8641	成都东(ICW)	内江北(NKW)	全车放弃
G8641	内江北(NKW)	重庆西(CXW)	未爬取
G8729	桐梓东(TDE)	重庆西(@重庆西)	全车放弃
G8739	彭山北(PPW)	成都东(@成都东)	全车放弃
G8740	内江北(NKW)	成都东(@成都东)	全车放弃
G8743	眉山东(IUW)	成都东(@成都东)	全车放弃
G8744	天府机场(TIE)	成都东(@成都东)	全车放弃
G8748	遵义(ZYE)	贵阳北(@贵阳北)	全车放弃
G8753	清镇西(QUE)	贵阳北(@贵阳北)	全车放弃
G8754	遵义(ZYE)	贵阳北(@贵阳北)	全车放弃
G8977	南京南(NKH)	武进(WJU)	全车放弃
G8977	武进(WJU)	江阴(KYH)	未爬取
G8977	江阴(KYH)	张家港(ZAU)	未爬取
G8977	张家港(ZAU)	常熟(CAU)	未爬取
G8977	常熟(CAU)	太仓(TCU)	未爬取
G8978	太仓(TCU)	常熟(CAU)	全车放弃
G8978	常熟(CAU)	张家港(ZAU)	未爬取
G8978	张家港(ZAU)	武进(WJU)	未爬取
G8978	武进(WJU)	南京南(NKH)	未爬取
G8991	南京南(NKH)	句容(JRU)	全车放弃
G8991	句容(JRU)	张家港(ZAU)	未爬取
G8991	张家港(ZAU)	常熟(CAU)	未爬取
G8991	常熟(CAU)	太仓(TCU)	未爬取
G8994	张家港(ZAU)	武进(WJU)	全车放弃
G8994	武进(WJU)	金坛(JTU)	未爬取
G8994	金坛(JTU)	句容(JRU)	未爬取
G8994	句容(JRU)	南京南(NKH)	未爬取
G9645	邵阳(SYQ)	邵东(FIQ)	全车放弃
G9645	邵东(FIQ)	衡阳东(HVQ)	未爬取
G9645	衡阳东(HVQ)	郴州西(ICQ)	未爬取
G9645	郴州西(ICQ)	韶关(SNQ)	未爬取
G9645	韶关(SNQ)	广州南(IZQ)	未爬取
G9646	广州南(IZQ)	韶关(SNQ)	全车放弃
G9646	韶关(SNQ)	郴州西(ICQ)	未爬取
G9646	郴州西(ICQ)	衡阳东(HVQ)	未爬取
G9646	衡阳东(HVQ)	西渡(XDA)	未爬取
G9646	西渡(XDA)	邵东(FIQ)	未爬取
G9646	邵东(FIQ)	邵阳(SYQ)	未爬取
G9656	惠来(HGA)	汕头南(SNA)	全车放弃
G9656	汕头南(SNA)	汕头(OTQ)	未爬取
G9799	深圳北(IOQ)	福田(NZQ)	全车放弃
G9799	福田(NZQ)	香港西九龙(XJA)	未爬取
G9821	南昌西(NXG)	宜春(YEG)	全车放弃
G9821	宜春(YEG)	萍乡北(PBG)	未爬取
G9822	萍乡北(PBG)	宜春(YEG)	全车放弃
G9822	宜春(YEG)	高安(GCG)	未爬取
G9822	高安(GCG)	南昌西(NXG)	未爬取

--- 2026-07-29 08:30:25 ---
G1401	石家庄(SJP)	邯郸东(HPP)	全车放弃
G1401	邯郸东(HPP)	鹤壁东(HFF)	未爬取
G1401	鹤壁东(HFF)	新乡东(EGF)	未爬取
G1401	新乡东(EGF)	郑州东(ZAF)	未爬取
G1401	郑州东(ZAF)	漯河西(LBN)	未爬取
G1401	漯河西(LBN)	驻马店西(ZLN)	未爬取
G1401	驻马店西(ZLN)	信阳东(OYN)	未爬取
G1401	信阳东(OYN)	武汉(WHN)	未爬取
G1401	武汉(WHN)	岳阳东(YIQ)	未爬取
G1401	岳阳东(YIQ)	长沙南(CWQ)	未爬取
G1401	长沙南(CWQ)	株洲西(ZAQ)	未爬取
G1401	株洲西(ZAQ)	衡阳东(HVQ)	未爬取
G1401	衡阳东(HVQ)	祁东(QMQ)	未爬取
G1401	祁东(QMQ)	祁阳(QWQ)	未爬取
G1401	祁阳(QWQ)	永州(AOQ)	未爬取
G1401	永州(AOQ)	东安东(DCZ)	未爬取
G1401	东安东(DCZ)	桂林北(GBZ)	未爬取
G1401	桂林北(GBZ)	柳州(LZZ)	未爬取
G1401	柳州(LZZ)	来宾北(UCZ)	未爬取
G1401	来宾北(UCZ)	南宁东(NFZ)	未爬取
G1402	南宁东(NFZ)	来宾北(UCZ)	全车放弃
G1402	来宾北(UCZ)	柳州(LZZ)	未爬取
G1402	柳州(LZZ)	永福南(YBZ)	未爬取
G1402	永福南(YBZ)	桂林北(GBZ)	未爬取
G1402	桂林北(GBZ)	全州南(QNZ)	未爬取
G1402	全州南(QNZ)	东安东(DCZ)	未爬取
G1402	东安东(DCZ)	永州(AOQ)	未爬取
G1402	永州(AOQ)	祁阳(QWQ)	未爬取
G1402	祁阳(QWQ)	祁东(QMQ)	未爬取
G1402	祁东(QMQ)	衡阳东(HVQ)	未爬取
G1402	衡阳东(HVQ)	株洲西(ZAQ)	未爬取
G1402	株洲西(ZAQ)	长沙南(CWQ)	未爬取
G1402	长沙南(CWQ)	岳阳东(YIQ)	未爬取
G1402	岳阳东(YIQ)	赤壁北(CIN)	未爬取
G1402	赤壁北(CIN)	武汉(WHN)	未爬取
G1402	武汉(WHN)	漯河西(LBN)	未爬取
G1402	漯河西(LBN)	许昌东(XVF)	未爬取
G1402	许昌东(XVF)	郑州东(ZAF)	未爬取
G1402	郑州东(ZAF)	新乡东(EGF)	未爬取
G1402	新乡东(EGF)	邯郸东(HPP)	未爬取
G1402	邯郸东(HPP)	石家庄(SJP)	未爬取
G1619	长沙南(CWQ)	韶山南(INQ)	全车放弃
G1619	韶山南(INQ)	怀化南(KAQ)	未爬取
G1619	怀化南(KAQ)	芷江(ZPQ)	未爬取
G1619	芷江(ZPQ)	凯里南(QKW)	未爬取
G1619	凯里南(QKW)	贵阳北(KQW)	未爬取
G1619	贵阳北(KQW)	河池西(HIZ)	未爬取
G1619	河池西(HIZ)	都安(RUZ)	未爬取
G1619	都安(RUZ)	南宁东(NFZ)	未爬取
G1620	南宁东(NFZ)	河池西(HIZ)	全车放弃
G1620	河池西(HIZ)	都匀东(KJW)	未爬取
G1620	都匀东(KJW)	贵阳北(KQW)	未爬取
G1620	贵阳北(KQW)	贵定北(FMW)	未爬取
G1620	贵定北(FMW)	铜仁南(TNW)	未爬取
G1620	铜仁南(TNW)	怀化南(KAQ)	未爬取
G1620	怀化南(KAQ)	新化南(EJQ)	未爬取
G1620	新化南(EJQ)	娄底南(UOQ)	未爬取
G1620	娄底南(UOQ)	韶山南(INQ)	未爬取
G1620	韶山南(INQ)	湘潭北(EDQ)	未爬取
G1620	湘潭北(EDQ)	长沙南(CWQ)	未爬取
G2489	清河(QIP)	怀来(VQP)	全车放弃
G2489	怀来(VQP)	宣化北(VJP)	未爬取
G2489	宣化北(VJP)	张家口(ZMP)	未爬取
G2489	张家口(ZMP)	乌兰察布(WPC)	未爬取
G2489	乌兰察布(WPC)	卓资东(ZDC)	未爬取
G2489	卓资东(ZDC)	呼和浩特东(NDC)	未爬取
G2490	呼和浩特东(NDC)	卓资东(ZDC)	全车放弃
G2490	卓资东(ZDC)	乌兰察布(WPC)	未爬取
G2490	乌兰察布(WPC)	兴和北(EBC)	未爬取
G2490	兴和北(EBC)	张家口(ZMP)	未爬取
G2490	张家口(ZMP)	东花园北(QBP)	未爬取
G2490	东花园北(QBP)	清河(QIP)	未爬取
G2497	北京北(VAP)	东花园北(QBP)	全车放弃
G2497	东花园北(QBP)	张家口(ZMP)	未爬取
G2497	张家口(ZMP)	兴和北(EBC)	未爬取
G2497	兴和北(EBC)	乌兰察布(WPC)	未爬取
G2497	乌兰察布(WPC)	卓资东(ZDC)	未爬取
G2497	卓资东(ZDC)	呼和浩特东(NDC)	未爬取
G2498	呼和浩特东(NDC)	乌兰察布(WPC)	全车放弃
G2498	乌兰察布(WPC)	张家口(ZMP)	未爬取
G2498	张家口(ZMP)	北京北(VAP)	未爬取
G3194	天台山(TIU)	温岭(VHH)	全车放弃
G3239	泗县东(ODU)	五河(WHU)	全车放弃
G3239	五河(WHU)	明光西(MXU)	未爬取
G3239	明光西(MXU)	定远东(DEU)	未爬取
G3239	定远东(DEU)	合肥西(HFU)	未爬取
G3239	合肥西(HFU)	六安(UAH)	未爬取
G3239	六安(UAH)	麻城北(MBN)	未爬取
G3239	麻城北(MBN)	红安西(VXN)	未爬取
G3239	红安西(VXN)	汉口(HKN)	未爬取
G3240	汉口(HKN)	红安西(VXN)	全车放弃
G3240	红安西(VXN)	麻城北(MBN)	未爬取
G3240	麻城北(MBN)	六安(UAH)	未爬取
G3240	六安(UAH)	合肥西(HFU)	未爬取
G3240	合肥西(HFU)	定远东(DEU)	未爬取
G3240	定远东(DEU)	明光西(MXU)	未爬取
G3240	明光西(MXU)	五河(WHU)	未爬取
G3240	五河(WHU)	泗县东(ODU)	未爬取
G3277	江阴(KYH)	金坛(JTU)	全车放弃
G3277	金坛(JTU)	南京南(NKH)	未爬取
G3277	南京南(NKH)	马鞍山东(OMH)	未爬取
G3277	马鞍山东(OMH)	芜湖(WHH)	未爬取
G3277	芜湖(WHH)	安庆(AQH)	未爬取
G3277	安庆(AQH)	合肥西(HFU)	未爬取
G3277	合肥西(HFU)	淮南南(HNU)	未爬取
G3277	淮南南(HNU)	阜阳西(FXU)	未爬取
G3277	阜阳西(FXU)	商丘(SQF)	未爬取
G3277	商丘(SQF)	郑州东(ZAF)	未爬取
G3277	郑州东(ZAF)	西安北(EAY)	未爬取
G3278	西安北(EAY)	渭南北(WBY)	全车放弃
G3278	渭南北(WBY)	洛阳龙门(LLF)	未爬取
G3278	洛阳龙门(LLF)	郑州东(ZAF)	未爬取
G3278	郑州东(ZAF)	商丘(SQF)	未爬取
G3278	商丘(SQF)	阜阳西(FXU)	未爬取
G3278	阜阳西(FXU)	合肥西(HFU)	未爬取
G3278	合肥西(HFU)	安庆(AQH)	未爬取
G3278	安庆(AQH)	芜湖(WHH)	未爬取
G3278	芜湖(WHH)	南京南(NKH)	未爬取
G3278	南京南(NKH)	金坛(JTU)	未爬取
G3278	金坛(JTU)	江阴(KYH)	未爬取
G3332	厦门北(XKS)	泉州南(QNS)	全车放弃
G3332	泉州南(QNS)	莆田(PTS)	未爬取
G3332	莆田(PTS)	福州南(FYS)	未爬取
G3332	福州南(FYS)	福州(FZS)	未爬取
G3332	福州(FZS)	延平(YPS)	未爬取
G3332	延平(YPS)	南平市(NOS)	未爬取
G3332	南平市(NOS)	武夷山北(WBS)	未爬取
G3332	武夷山北(WBS)	上饶(SRG)	未爬取
G3332	上饶(SRG)	婺源(WYG)	未爬取
G3332	婺源(WYG)	黄山北(NYH)	未爬取
G3332	黄山北(NYH)	绩溪北(NRH)	未爬取
G3332	绩溪北(NRH)	宁国南(NIU)	未爬取
G3332	宁国南(NIU)	宣城(ECH)	未爬取
G3332	宣城(ECH)	芜湖(WHH)	未爬取
G3332	芜湖(WHH)	南京南(NKH)	未爬取
G3332	南京南(NKH)	句容(JRU)	未爬取
G3332	句容(JRU)	金坛(JTU)	未爬取
G3332	金坛(JTU)	武进(WJU)	未爬取
G3332	武进(WJU)	江阴(KYH)	未爬取
G3771	福州南(FYS)	莆田(PTS)	全车放弃
G3771	莆田(PTS)	泉州东(QRS)	未爬取
G3771	泉州东(QRS)	厦门北(XKS)	未爬取
G3771	厦门北(XKS)	漳州(ZUS)	未爬取
G3771	漳州(ZUS)	云霄(YBS)	未爬取
G3771	云霄(YBS)	诏安(ZDS)	未爬取
G3771	诏安(ZDS)	潮安(CMQ)	未爬取
G3771	潮安(CMQ)	汕头(OTQ)	未爬取
G3771	汕头(OTQ)	潮南(CHA)	未爬取
G3771	潮南(CHA)	惠来(HGA)	未爬取
G3771	惠来(HGA)	陆丰东(LDA)	未爬取
G3771	陆丰东(LDA)	汕尾(OGQ)	未爬取
G3771	汕尾(OGQ)	惠州南(KNA)	未爬取
G3771	惠州南(KNA)	博罗(BOA)	未爬取
G3771	博罗(BOA)	罗浮山(LVA)	未爬取
G3771	罗浮山(LVA)	广州新塘(XWQ)	未爬取
G3772	广州新塘(XWQ)	惠州南(KNA)	全车放弃
G3772	惠州南(KNA)	惠东(KDA)	未爬取
G3772	惠东(KDA)	汕尾(OGQ)	未爬取
G3772	汕尾(OGQ)	陆丰东(LDA)	未爬取
G3772	陆丰东(LDA)	惠来(HGA)	未爬取
G3772	惠来(HGA)	潮南(CHA)	未爬取
G3772	潮南(CHA)	汕头(OTQ)	未爬取
G3772	汕头(OTQ)	诏安(ZDS)	未爬取
G3772	诏安(ZDS)	漳浦(ZCS)	未爬取
G3772	漳浦(ZCS)	漳州(ZUS)	未爬取
G3772	漳州(ZUS)	厦门北(XKS)	未爬取
G3772	厦门北(XKS)	泉州南(QNS)	未爬取
G3772	泉州南(QNS)	莆田(PTS)	未爬取
G3772	莆田(PTS)	福州南(FYS)	未爬取
G5037	鹰潭北(YKG)	南昌(@南昌)	全车放弃
G5038	永修(ACG)	南昌(@南昌)	全车放弃
G5133	汕头(OTQ)	汕头南(SNA)	全车放弃
G5133	汕头南(SNA)	惠来(HGA)	未爬取
G5133	惠来(HGA)	陆丰东(LDA)	未爬取
G5133	陆丰东(LDA)	陆丰南(LAA)	未爬取
G5133	陆丰南(LAA)	惠东(KDA)	未爬取
G5133	惠东(KDA)	惠州南(KNA)	未爬取
G5133	惠州南(KNA)	博罗(BOA)	未爬取
G5133	博罗(BOA)	广州新塘(XWQ)	未爬取
G5133	广州新塘(XWQ)	广州(GZQ)	未爬取
G5133	广州(GZQ)	佛山(FSQ)	未爬取
G5133	佛山(FSQ)	阳春东(YBQ)	未爬取
G5133	阳春东(YBQ)	马踏(PWQ)	未爬取
G5133	马踏(PWQ)	茂名南(MRQ)	未爬取
G5133	茂名南(MRQ)	吴川(WAQ)	未爬取
G5133	吴川(WAQ)	湛江北(ZMQ)	未爬取
G5138	湛江北(ZMQ)	吴川(WAQ)	全车放弃
G5138	吴川(WAQ)	茂名南(MRQ)	未爬取
G5138	茂名南(MRQ)	阳江北(YLQ)	未爬取
G5138	阳江北(YLQ)	新兴南(XPQ)	未爬取
G5138	新兴南(XPQ)	佛山(FSQ)	未爬取
G5138	佛山(FSQ)	广州(GZQ)	未爬取
G5138	广州(GZQ)	广州新塘(XWQ)	未爬取
G5138	广州新塘(XWQ)	惠州南(KNA)	未爬取
G5138	惠州南(KNA)	汕尾(OGQ)	未爬取
G5138	汕尾(OGQ)	陆丰南(LAA)	未爬取
G5138	陆丰南(LAA)	陆丰东(LDA)	未爬取
G5138	陆丰东(LDA)	惠来(HGA)	未爬取
G5138	惠来(HGA)	汕头南(SNA)	未爬取
G5138	汕头南(SNA)	汕头(OTQ)	未爬取
G5180	湛江北(ZMQ)	茂名南(MRQ)	全车放弃
G5180	茂名南(MRQ)	阳江北(YLQ)	未爬取
G5180	阳江北(YLQ)	阳春东(YBQ)	未爬取
G5180	阳春东(YBQ)	佛山(FSQ)	未爬取
G5180	佛山(FSQ)	广州(GZQ)	未爬取
G5183	广州(GZQ)	佛山(FSQ)	全车放弃
G5183	佛山(FSQ)	新兴南(XPQ)	未爬取
G5183	新兴南(XPQ)	阳江北(YLQ)	未爬取
G5183	阳江北(YLQ)	茂名南(MRQ)	未爬取
G5183	茂名南(MRQ)	湛江北(ZMQ)	未爬取
G5184	湛江北(ZMQ)	茂名南(MRQ)	全车放弃
G5184	茂名南(MRQ)	马踏(PWQ)	未爬取
G5184	马踏(PWQ)	阳江北(YLQ)	未爬取
G5184	阳江北(YLQ)	阳春东(YBQ)	未爬取
G5184	阳春东(YBQ)	佛山(FSQ)	未爬取
G5184	佛山(FSQ)	广州白云(GBA)	未爬取
G5185	广州白云(GBA)	新兴南(XPQ)	全车放弃
G5185	新兴南(XPQ)	阳春东(YBQ)	未爬取
G5185	阳春东(YBQ)	马踏(PWQ)	未爬取
G5185	马踏(PWQ)	茂名南(MRQ)	未爬取
G5185	茂名南(MRQ)	湛江北(ZMQ)	未爬取
G5186	湛江北(ZMQ)	茂名南(MRQ)	全车放弃
G5186	茂名南(MRQ)	马踏(PWQ)	未爬取
G5186	马踏(PWQ)	阳江北(YLQ)	未爬取
G5186	阳江北(YLQ)	阳春东(YBQ)	未爬取
G5186	阳春东(YBQ)	新兴南(XPQ)	未爬取
G5186	新兴南(XPQ)	佛山(FSQ)	未爬取
G5186	佛山(FSQ)	广州(GZQ)	未爬取
G5187	广州(GZQ)	佛山(FSQ)	全车放弃
G5187	佛山(FSQ)	阳春东(YBQ)	未爬取
G5187	阳春东(YBQ)	茂名南(MRQ)	未爬取
G5187	茂名南(MRQ)	湛江北(ZMQ)	未爬取
G5252	广州(GZQ)	广州新塘(XWQ)	全车放弃
G5252	广州新塘(XWQ)	惠州北(HUA)	未爬取
G5252	惠州北(HUA)	五华(WHA)	未爬取
G5252	五华(WHA)	梅州西(MXA)	未爬取
G5252	梅州西(MXA)	丰顺东(FDA)	未爬取
G5252	丰顺东(FDA)	揭阳(JYA)	未爬取
G5252	揭阳(JYA)	揭阳机场(JUA)	未爬取
G5252	揭阳机场(JUA)	潮汕(CBQ)	未爬取
G5252	潮汕(CBQ)	潮安(CMQ)	未爬取
G5252	潮安(CMQ)	汕头(OTQ)	未爬取
G5252	汕头(OTQ)	潮南(CHA)	未爬取
G5252	潮南(CHA)	惠来(HGA)	未爬取
G5252	惠来(HGA)	陆丰东(LDA)	未爬取
G5252	陆丰东(LDA)	陆丰南(LAA)	未爬取
G5252	陆丰南(LAA)	汕尾(OGQ)	未爬取
G5252	汕尾(OGQ)	惠东(KDA)	未爬取
G5252	惠东(KDA)	惠州南(KNA)	未爬取
G5252	惠州南(KNA)	仲恺(ZKA)	未爬取
G5252	仲恺(ZKA)	深圳(SZQ)	未爬取
G5255	深圳(SZQ)	汕尾(OGQ)	全车放弃
G5255	汕尾(OGQ)	惠来(HGA)	未爬取
G5255	惠来(HGA)	汕头(OTQ)	未爬取
G5255	汕头(OTQ)	潮汕(CBQ)	未爬取
G5255	潮汕(CBQ)	揭阳机场(JUA)	未爬取
G5255	揭阳机场(JUA)	揭阳(JYA)	未爬取
G5255	揭阳(JYA)	丰顺东(FDA)	未爬取
G5255	丰顺东(FDA)	梅州西(MXA)	未爬取
G5255	梅州西(MXA)	兴宁南(XNA)	未爬取
G5255	兴宁南(XNA)	五华(WHA)	未爬取
G5255	五华(WHA)	龙川西(LCA)	未爬取
G5255	龙川西(LCA)	惠州北(HUA)	未爬取
G5255	惠州北(HUA)	深圳(@深圳)	未爬取
G5256	深圳(SZQ)	仲恺(ZKA)	全车放弃
G5256	仲恺(ZKA)	惠州北(HUA)	未爬取
G5256	惠州北(HUA)	河源东(HEA)	未爬取
G5256	河源东(HEA)	龙川西(LCA)	未爬取
G5256	龙川西(LCA)	五华(WHA)	未爬取
G5256	五华(WHA)	兴宁南(XNA)	未爬取
G5256	兴宁南(XNA)	梅州西(MXA)	未爬取
G5256	梅州西(MXA)	丰顺东(FDA)	未爬取
G5256	丰顺东(FDA)	揭阳(JYA)	未爬取
G5256	揭阳(JYA)	揭阳机场(JUA)	未爬取
G5256	揭阳机场(JUA)	潮汕(CBQ)	未爬取
G5256	潮汕(CBQ)	汕头(OTQ)	未爬取
G5256	汕头(OTQ)	汕头南(SNA)	未爬取
G5256	汕头南(SNA)	潮南(CHA)	未爬取
G5256	潮南(CHA)	惠来(HGA)	未爬取
G5256	惠来(HGA)	汕尾(OGQ)	未爬取
G5256	汕尾(OGQ)	惠东(KDA)	未爬取
G5256	惠东(KDA)	惠州南(KNA)	未爬取
G5256	惠州南(KNA)	深圳(@深圳)	未爬取
G5260	深圳(SZQ)	惠州南(KNA)	全车放弃
G5260	惠州南(KNA)	惠东(KDA)	未爬取
G5260	惠东(KDA)	汕尾(OGQ)	未爬取
G5260	汕尾(OGQ)	惠来(HGA)	未爬取
G5260	惠来(HGA)	汕头(OTQ)	未爬取
G5260	汕头(OTQ)	潮汕(CBQ)	未爬取
G5260	潮汕(CBQ)	揭阳机场(JUA)	未爬取
G5260	揭阳机场(JUA)	揭阳(JYA)	未爬取
G5260	揭阳(JYA)	梅州西(MXA)	未爬取
G5260	梅州西(MXA)	兴宁南(XNA)	未爬取
G5260	兴宁南(XNA)	五华(WHA)	未爬取
G5260	五华(WHA)	河源东(HEA)	未爬取
G5260	河源东(HEA)	惠州北(HUA)	未爬取
G5260	惠州北(HUA)	增城(ZCA)	未爬取
G5260	增城(ZCA)	广州新塘(XWQ)	未爬取
G5260	广州新塘(XWQ)	广州东(GGQ)	未爬取
G5266	深圳(SZQ)	惠州北(HUA)	全车放弃
G5266	惠州北(HUA)	河源东(HEA)	未爬取
G5266	河源东(HEA)	龙川西(LCA)	未爬取
G5266	龙川西(LCA)	五华(WHA)	未爬取
G5266	五华(WHA)	兴宁南(XNA)	未爬取
G5266	兴宁南(XNA)	梅州西(MXA)	未爬取
G5266	梅州西(MXA)	丰顺东(FDA)	未爬取
G5266	丰顺东(FDA)	揭阳(JYA)	未爬取
G5266	揭阳(JYA)	揭阳机场(JUA)	未爬取
G5266	揭阳机场(JUA)	潮汕(CBQ)	未爬取
G5266	潮汕(CBQ)	汕头(OTQ)	未爬取
G5266	汕头(OTQ)	汕头南(SNA)	未爬取
G5266	汕头南(SNA)	潮南(CHA)	未爬取
G5266	潮南(CHA)	惠来(HGA)	未爬取
G5266	惠来(HGA)	汕尾(OGQ)	未爬取
G5266	汕尾(OGQ)	惠东(KDA)	未爬取
G5266	惠东(KDA)	惠州南(KNA)	未爬取
G5266	惠州南(KNA)	深圳(@深圳)	未爬取
G5557	淄博(ZBK)	济南(@济南)	全车放弃
G5558	曲阜东(QAK)	济南(@济南)	全车放弃
G5600	莒南北(VNK)	临沂北(@临沂北)	全车放弃
G6227	广州南(IZQ)	深圳北(IOQ)	全车放弃
G6229	清远(QBQ)	广州南(IZQ)	全车放弃
G6229	广州南(IZQ)	虎门(IUQ)	未爬取
G6229	虎门(IUQ)	深圳北(IOQ)	未爬取
G6250	深圳北(IOQ)	虎门(IUQ)	全车放弃
G6250	虎门(IUQ)	广州南(IZQ)	未爬取
G6250	广州南(IZQ)	广州北(GBQ)	未爬取
G6250	广州北(GBQ)	清远(QBQ)	未爬取
G6344	普宁(PEQ)	潮汕(CBQ)	全车放弃
G6344	潮汕(CBQ)	汕头(OTQ)	未爬取
G6423	长沙南(CWQ)	娄底南(UOQ)	全车放弃
G6423	娄底南(UOQ)	怀化南(KAQ)	未爬取
G6423	怀化南(KAQ)	凤凰古城(FCA)	未爬取
G6423	凤凰古城(FCA)	吉首东(JDA)	未爬取
G6423	吉首东(JDA)	芙蓉镇(FRA)	未爬取
G6423	芙蓉镇(FRA)	张家界西(JXA)	未爬取
G6424	张家界西(JXA)	芙蓉镇(FRA)	全车放弃
G6424	芙蓉镇(FRA)	吉首东(JDA)	未爬取
G6424	吉首东(JDA)	凤凰古城(FCA)	未爬取
G6424	凤凰古城(FCA)	怀化南(KAQ)	未爬取
G6424	怀化南(KAQ)	娄底南(UOQ)	未爬取
G6424	娄底南(UOQ)	长沙南(CWQ)	未爬取
G6773	枝江北(ZIN)	宜昌东(@宜昌东)	全车放弃
G6774	随县(OVN)	襄阳东(@襄阳东)	全车放弃
G6777	潜江(QJN)	宜昌东(@宜昌东)	全车放弃
G6778	天河机场(TJN)	襄阳东(@襄阳东)	全车放弃
G6894	宜昌北(ABN)	荆门西(MXN)	全车放弃
G6894	荆门西(MXN)	天门(TKN)	未爬取
G6894	天门(TKN)	汉口(HKN)	未爬取
G6895	汉口(HKN)	汉川北(KFN)	全车放弃
G6895	汉川北(KFN)	天门(TKN)	未爬取
G6895	天门(TKN)	荆门西(MXN)	未爬取
G6895	荆门西(MXN)	宜昌北(ABN)	未爬取
G6957	红岛(HQK)	青岛北(@青岛北)	全车放弃
G6958	红岛(HQK)	青岛北(@青岛北)	全车放弃
G6967	济南东(MDK)	济南西(@济南西)	全车放弃
G6968	曲阜东(QAK)	济南西(@济南西)	全车放弃
G6977	青岛西(QUK)	青岛北(@青岛北)	全车放弃
G6978	邹平(ZLK)	青岛北(@青岛北)	全车放弃
G7298	上海西(SXH)	上海(SHH)	全车放弃
G7649	平阳(ARH)	苍南(CEH)	全车放弃
G7703	合肥南(ENH)	芜湖(WHH)	全车放弃
G7703	芜湖(WHH)	宣城(ECH)	未爬取
G7703	宣城(ECH)	宁国南(NIU)	未爬取
G7703	宁国南(NIU)	黄山北(NYH)	未爬取
G7704	黄山北(NYH)	绩溪北(NRH)	全车放弃
G7704	绩溪北(NRH)	宁国南(NIU)	未爬取
G7704	宁国南(NIU)	宣城(ECH)	未爬取
G7704	宣城(ECH)	芜湖(WHH)	未爬取
G7704	芜湖(WHH)	合肥南(ENH)	未爬取
G7705	合肥南(ENH)	巢湖东(GUH)	全车放弃
G7705	巢湖东(GUH)	芜湖(WHH)	未爬取
G7705	芜湖(WHH)	宣城(ECH)	未爬取
G7705	宣城(ECH)	宁国南(NIU)	未爬取
G7705	宁国南(NIU)	黄山北(NYH)	未爬取
G7705	黄山北(NYH)	黟县东(YIU)	未爬取
G7705	黟县东(YIU)	祁门南(QNU)	未爬取
G7706	祁门南(QNU)	黟县东(YIU)	全车放弃
G7706	黟县东(YIU)	黄山北(NYH)	未爬取
G7706	黄山北(NYH)	绩溪北(NRH)	未爬取
G7706	绩溪北(NRH)	宁国南(NIU)	未爬取
G7706	宁国南(NIU)	宣城(ECH)	未爬取
G7706	宣城(ECH)	芜湖(WHH)	未爬取
G7706	芜湖(WHH)	合肥南(ENH)	未爬取
G7737	合肥南(ENH)	芜湖(WHH)	全车放弃
G7738	芜湖(WHH)	巢湖东(GUH)	全车放弃
G7738	巢湖东(GUH)	合肥南(ENH)	未爬取
G7888	张家口(ZMP)	宣化北(VJP)	全车放弃
G7888	宣化北(VJP)	下花园北(OKP)	未爬取
G7888	下花园北(OKP)	怀来(VQP)	未爬取
G7888	怀来(VQP)	八达岭长城(VLP)	未爬取
G7888	八达岭长城(VLP)	清河(QIP)	未爬取
G8133	铁岭西(PXT)	沈阳北(@沈阳北)	全车放弃
G8134	通化(THL)	沈阳北(@沈阳北)	全车放弃
G8158	长白山(CUL)	长白山西(SJL)	全车放弃
G8158	长白山西(SJL)	白山东(BDL)	未爬取
G8158	白山东(BDL)	通化(THL)	未爬取
G8158	通化(THL)	抚顺(FET)	未爬取
G8158	抚顺(FET)	沈阳北(SBT)	未爬取
G8334	无为(IIH)	合肥南(@合肥南)	全车放弃
G8345	舒城东(SDU)	合肥南(@合肥南)	全车放弃
G8348	安庆(AQH)	桐城东(TOU)	全车放弃
G8348	桐城东(TOU)	庐江西(LUU)	未爬取
G8348	庐江西(LUU)	舒城东(SDU)	未爬取
G8348	舒城东(SDU)	肥西(FAH)	未爬取
G8348	肥西(FAH)	合肥南(ENH)	未爬取
G8350	合肥南(ENH)	肥西(FAH)	全车放弃
G8350	肥西(FAH)	舒城东(SDU)	未爬取
G8350	舒城东(SDU)	庐江西(LUU)	未爬取
G8350	庐江西(LUU)	桐城东(TOU)	未爬取
G8350	桐城东(TOU)	安庆(AQH)	未爬取
G8350	安庆(AQH)	池州(IYH)	未爬取
G8350	池州(IYH)	芜湖(WHH)	未爬取
G8350	芜湖(WHH)	南京南(NKH)	未爬取
G8432	广州东(GGQ)	广州新塘(XWQ)	全车放弃
G8432	广州新塘(XWQ)	惠州南(KNA)	未爬取
G8432	惠州南(KNA)	汕尾(OGQ)	未爬取
G8432	汕尾(OGQ)	陆丰东(LDA)	未爬取
G8432	陆丰东(LDA)	汕头(OTQ)	未爬取
G8432	汕头(OTQ)	潮汕(CBQ)	未爬取
G8432	潮汕(CBQ)	揭阳机场(JUA)	未爬取
G8432	揭阳机场(JUA)	揭阳(JYA)	未爬取
G8432	揭阳(JYA)	丰顺东(FDA)	未爬取
G8432	丰顺东(FDA)	建桥(JQA)	未爬取
G8432	建桥(JQA)	梅州西(MXA)	未爬取
G8432	梅州西(MXA)	五华(WHA)	未爬取
G8432	五华(WHA)	河源东(HEA)	未爬取
G8432	河源东(HEA)	深圳(SZQ)	未爬取
G8467	揭阳(JYA)	揭阳机场(JUA)	全车放弃
G8467	揭阳机场(JUA)	潮汕(CBQ)	未爬取
G8482	深圳(SZQ)	惠州南(KNA)	全车放弃
G8482	惠州南(KNA)	汕尾(OGQ)	未爬取
G8482	汕尾(OGQ)	惠来(HGA)	未爬取
G8482	惠来(HGA)	汕头南(SNA)	未爬取
G8482	汕头南(SNA)	汕头(OTQ)	未爬取
G8482	汕头(OTQ)	潮汕(CBQ)	未爬取
G8482	潮汕(CBQ)	揭阳机场(JUA)	未爬取
G8482	揭阳机场(JUA)	丰顺东(FDA)	未爬取
G8482	丰顺东(FDA)	梅州西(MXA)	未爬取
G8482	梅州西(MXA)	五华(WHA)	未爬取
G8482	五华(WHA)	龙川西(LCA)	未爬取
G8482	龙川西(LCA)	河源东(HEA)	未爬取
G8482	河源东(HEA)	惠州北(HUA)	未爬取
G8482	惠州北(HUA)	增城(ZCA)	未爬取
G8482	增城(ZCA)	广州新塘(XWQ)	未爬取
G8482	广州新塘(XWQ)	广州(GZQ)	未爬取
G8505	重庆西(CXW)	重庆东(COE)	全车放弃
G8505	重庆东(COE)	南川北(NUE)	未爬取
G8505	南川北(NUE)	武隆南(WLE)	未爬取
G8505	武隆南(WLE)	黔江(QNW)	未爬取
G8533	荣昌北(RQW)	重庆西(@重庆西)	全车放弃
G8534	宜宾东(EDE)	重庆西(@重庆西)	全车放弃
G8539	泸县(LXE)	泸州(@泸州)	全车放弃
G8540	宜宾东(EDE)	泸州(@泸州)	全车放弃
G8608	黔江(QNW)	武隆南(WLE)	全车放弃
G8608	武隆南(WLE)	重庆东(COE)	未爬取
G8608	重庆东(COE)	重庆西(CXW)	未爬取
G8608	重庆西(CXW)	成都东(ICW)	未爬取
G8729	桐梓东(TDE)	重庆西(@重庆西)	全车放弃
G8739	彭山北(PPW)	成都东(@成都东)	全车放弃
G8740	内江北(NKW)	成都东(@成都东)	全车放弃
G8743	眉山东(IUW)	成都东(@成都东)	全车放弃
G8744	天府机场(TIE)	成都东(@成都东)	全车放弃
G8748	遵义(ZYE)	贵阳北(@贵阳北)	全车放弃
G8753	清镇西(QUE)	贵阳北(@贵阳北)	全车放弃
G8754	遵义(ZYE)	贵阳北(@贵阳北)	全车放弃
G8977	南京南(NKH)	武进(WJU)	全车放弃
G8977	武进(WJU)	江阴(KYH)	未爬取
G8977	江阴(KYH)	张家港(ZAU)	未爬取
G8977	张家港(ZAU)	常熟(CAU)	未爬取
G8977	常熟(CAU)	太仓(TCU)	未爬取
G8978	太仓(TCU)	常熟(CAU)	全车放弃
G8978	常熟(CAU)	张家港(ZAU)	未爬取
G8978	张家港(ZAU)	武进(WJU)	未爬取
G8978	武进(WJU)	南京南(NKH)	未爬取
G8991	南京南(NKH)	句容(JRU)	全车放弃
G8991	句容(JRU)	张家港(ZAU)	未爬取
G8991	张家港(ZAU)	常熟(CAU)	未爬取
G8991	常熟(CAU)	太仓(TCU)	未爬取
G8994	张家港(ZAU)	武进(WJU)	全车放弃
G8994	武进(WJU)	金坛(JTU)	未爬取
G8994	金坛(JTU)	句容(JRU)	未爬取
G8994	句容(JRU)	南京南(NKH)	未爬取
G9645	邵阳(SYQ)	邵东(FIQ)	全车放弃
G9645	邵东(FIQ)	衡阳东(HVQ)	未爬取
G9645	衡阳东(HVQ)	郴州西(ICQ)	未爬取
G9645	郴州西(ICQ)	韶关(SNQ)	未爬取
G9645	韶关(SNQ)	广州南(IZQ)	未爬取
G9646	广州南(IZQ)	韶关(SNQ)	全车放弃
G9646	韶关(SNQ)	郴州西(ICQ)	未爬取
G9646	郴州西(ICQ)	衡阳东(HVQ)	未爬取
G9646	衡阳东(HVQ)	西渡(XDA)	未爬取
G9646	西渡(XDA)	邵东(FIQ)	未爬取
G9646	邵东(FIQ)	邵阳(SYQ)	未爬取
G9656	惠来(HGA)	汕头南(SNA)	全车放弃
G9656	汕头南(SNA)	汕头(OTQ)	未爬取
G9799	深圳北(IOQ)	福田(NZQ)	全车放弃
G9799	福田(NZQ)	香港西九龙(XJA)	未爬取
G9821	南昌西(NXG)	宜春(YEG)	全车放弃
G9821	宜春(YEG)	萍乡北(PBG)	未爬取
G9822	萍乡北(PBG)	宜春(YEG)	全车放弃
G9822	宜春(YEG)	高安(GCG)	未爬取
G9822	高安(GCG)	南昌西(NXG)	未爬取

--- 2026-07-29 15:37:47 ---
G1401	石家庄(SJP)	邯郸东(HPP)	全车放弃
G1401	邯郸东(HPP)	鹤壁东(HFF)	未爬取
G1401	鹤壁东(HFF)	新乡东(EGF)	未爬取
G1401	新乡东(EGF)	郑州东(ZAF)	未爬取
G1401	郑州东(ZAF)	漯河西(LBN)	未爬取
G1401	漯河西(LBN)	驻马店西(ZLN)	未爬取
G1401	驻马店西(ZLN)	信阳东(OYN)	未爬取
G1401	信阳东(OYN)	武汉(WHN)	未爬取
G1401	武汉(WHN)	岳阳东(YIQ)	未爬取
G1401	岳阳东(YIQ)	长沙南(CWQ)	未爬取
G1401	长沙南(CWQ)	株洲西(ZAQ)	未爬取
G1401	株洲西(ZAQ)	衡阳东(HVQ)	未爬取
G1401	衡阳东(HVQ)	祁东(QMQ)	未爬取
G1401	祁东(QMQ)	祁阳(QWQ)	未爬取
G1401	祁阳(QWQ)	永州(AOQ)	未爬取
G1401	永州(AOQ)	东安东(DCZ)	未爬取
G1401	东安东(DCZ)	桂林北(GBZ)	未爬取
G1401	桂林北(GBZ)	柳州(LZZ)	未爬取
G1401	柳州(LZZ)	来宾北(UCZ)	未爬取
G1401	来宾北(UCZ)	南宁东(NFZ)	未爬取
G1402	南宁东(NFZ)	来宾北(UCZ)	全车放弃
G1402	来宾北(UCZ)	柳州(LZZ)	未爬取
G1402	柳州(LZZ)	永福南(YBZ)	未爬取
G1402	永福南(YBZ)	桂林北(GBZ)	未爬取
G1402	桂林北(GBZ)	全州南(QNZ)	未爬取
G1402	全州南(QNZ)	东安东(DCZ)	未爬取
G1402	东安东(DCZ)	永州(AOQ)	未爬取
G1402	永州(AOQ)	祁阳(QWQ)	未爬取
G1402	祁阳(QWQ)	祁东(QMQ)	未爬取
G1402	祁东(QMQ)	衡阳东(HVQ)	未爬取
G1402	衡阳东(HVQ)	株洲西(ZAQ)	未爬取
G1402	株洲西(ZAQ)	长沙南(CWQ)	未爬取
G1402	长沙南(CWQ)	岳阳东(YIQ)	未爬取
G1402	岳阳东(YIQ)	赤壁北(CIN)	未爬取
G1402	赤壁北(CIN)	武汉(WHN)	未爬取
G1402	武汉(WHN)	漯河西(LBN)	未爬取
G1402	漯河西(LBN)	许昌东(XVF)	未爬取
G1402	许昌东(XVF)	郑州东(ZAF)	未爬取
G1402	郑州东(ZAF)	新乡东(EGF)	未爬取
G1402	新乡东(EGF)	邯郸东(HPP)	未爬取
G1402	邯郸东(HPP)	石家庄(SJP)	未爬取
G1619	长沙南(CWQ)	韶山南(INQ)	全车放弃
G1619	韶山南(INQ)	怀化南(KAQ)	未爬取
G1619	怀化南(KAQ)	芷江(ZPQ)	未爬取
G1619	芷江(ZPQ)	凯里南(QKW)	未爬取
G1619	凯里南(QKW)	贵阳北(KQW)	未爬取
G1619	贵阳北(KQW)	河池西(HIZ)	未爬取
G1619	河池西(HIZ)	都安(RUZ)	未爬取
G1619	都安(RUZ)	南宁东(NFZ)	未爬取
G1620	南宁东(NFZ)	河池西(HIZ)	全车放弃
G1620	河池西(HIZ)	都匀东(KJW)	未爬取
G1620	都匀东(KJW)	贵阳北(KQW)	未爬取
G1620	贵阳北(KQW)	贵定北(FMW)	未爬取
G1620	贵定北(FMW)	铜仁南(TNW)	未爬取
G1620	铜仁南(TNW)	怀化南(KAQ)	未爬取
G1620	怀化南(KAQ)	新化南(EJQ)	未爬取
G1620	新化南(EJQ)	娄底南(UOQ)	未爬取
G1620	娄底南(UOQ)	韶山南(INQ)	未爬取
G1620	韶山南(INQ)	湘潭北(EDQ)	未爬取
G1620	湘潭北(EDQ)	长沙南(CWQ)	未爬取
G2489	清河(QIP)	怀来(VQP)	全车放弃
G2489	怀来(VQP)	宣化北(VJP)	未爬取
G2489	宣化北(VJP)	张家口(ZMP)	未爬取
G2489	张家口(ZMP)	乌兰察布(WPC)	未爬取
G2489	乌兰察布(WPC)	卓资东(ZDC)	未爬取
G2489	卓资东(ZDC)	呼和浩特东(NDC)	未爬取
G2490	呼和浩特东(NDC)	卓资东(ZDC)	全车放弃
G2490	卓资东(ZDC)	乌兰察布(WPC)	未爬取
G2490	乌兰察布(WPC)	兴和北(EBC)	未爬取
G2490	兴和北(EBC)	张家口(ZMP)	未爬取
G2490	张家口(ZMP)	东花园北(QBP)	未爬取
G2490	东花园北(QBP)	清河(QIP)	未爬取
G2497	北京北(VAP)	东花园北(QBP)	全车放弃
G2497	东花园北(QBP)	张家口(ZMP)	未爬取
G2497	张家口(ZMP)	兴和北(EBC)	未爬取
G2497	兴和北(EBC)	乌兰察布(WPC)	未爬取
G2497	乌兰察布(WPC)	卓资东(ZDC)	未爬取
G2497	卓资东(ZDC)	呼和浩特东(NDC)	未爬取
G2498	呼和浩特东(NDC)	乌兰察布(WPC)	全车放弃
G2498	乌兰察布(WPC)	张家口(ZMP)	未爬取
G2498	张家口(ZMP)	北京北(VAP)	未爬取
G3194	天台山(TIU)	温岭(VHH)	全车放弃
G3239	泗县东(ODU)	五河(WHU)	全车放弃
G3239	五河(WHU)	明光西(MXU)	未爬取
G3239	明光西(MXU)	定远东(DEU)	未爬取
G3239	定远东(DEU)	合肥西(HFU)	未爬取
G3239	合肥西(HFU)	六安(UAH)	未爬取
G3239	六安(UAH)	麻城北(MBN)	未爬取
G3239	麻城北(MBN)	红安西(VXN)	未爬取
G3239	红安西(VXN)	汉口(HKN)	未爬取
G3240	汉口(HKN)	红安西(VXN)	全车放弃
G3240	红安西(VXN)	麻城北(MBN)	未爬取
G3240	麻城北(MBN)	六安(UAH)	未爬取
G3240	六安(UAH)	合肥西(HFU)	未爬取
G3240	合肥西(HFU)	定远东(DEU)	未爬取
G3240	定远东(DEU)	明光西(MXU)	未爬取
G3240	明光西(MXU)	五河(WHU)	未爬取
G3240	五河(WHU)	泗县东(ODU)	未爬取
G3277	江阴(KYH)	金坛(JTU)	全车放弃
G3277	金坛(JTU)	南京南(NKH)	未爬取
G3277	南京南(NKH)	马鞍山东(OMH)	未爬取
G3277	马鞍山东(OMH)	芜湖(WHH)	未爬取
G3277	芜湖(WHH)	安庆(AQH)	未爬取
G3277	安庆(AQH)	合肥西(HFU)	未爬取
G3277	合肥西(HFU)	淮南南(HNU)	未爬取
G3277	淮南南(HNU)	阜阳西(FXU)	未爬取
G3277	阜阳西(FXU)	商丘(SQF)	未爬取
G3277	商丘(SQF)	郑州东(ZAF)	未爬取
G3277	郑州东(ZAF)	西安北(EAY)	未爬取
G3278	西安北(EAY)	渭南北(WBY)	全车放弃
G3278	渭南北(WBY)	洛阳龙门(LLF)	未爬取
G3278	洛阳龙门(LLF)	郑州东(ZAF)	未爬取
G3278	郑州东(ZAF)	商丘(SQF)	未爬取
G3278	商丘(SQF)	阜阳西(FXU)	未爬取
G3278	阜阳西(FXU)	合肥西(HFU)	未爬取
G3278	合肥西(HFU)	安庆(AQH)	未爬取
G3278	安庆(AQH)	芜湖(WHH)	未爬取
G3278	芜湖(WHH)	南京南(NKH)	未爬取
G3278	南京南(NKH)	金坛(JTU)	未爬取
G3278	金坛(JTU)	江阴(KYH)	未爬取
G3771	福州南(FYS)	莆田(PTS)	全车放弃
G3771	莆田(PTS)	泉州东(QRS)	未爬取
G3771	泉州东(QRS)	厦门北(XKS)	未爬取
G3771	厦门北(XKS)	漳州(ZUS)	未爬取
G3771	漳州(ZUS)	云霄(YBS)	未爬取
G3771	云霄(YBS)	诏安(ZDS)	未爬取
G3771	诏安(ZDS)	潮安(CMQ)	未爬取
G3771	潮安(CMQ)	汕头(OTQ)	未爬取
G3771	汕头(OTQ)	潮南(CHA)	未爬取
G3771	潮南(CHA)	惠来(HGA)	未爬取
G3771	惠来(HGA)	陆丰东(LDA)	未爬取
G3771	陆丰东(LDA)	汕尾(OGQ)	未爬取
G3771	汕尾(OGQ)	惠州南(KNA)	未爬取
G3771	惠州南(KNA)	博罗(BOA)	未爬取
G3771	博罗(BOA)	罗浮山(LVA)	未爬取
G3771	罗浮山(LVA)	广州新塘(XWQ)	未爬取
G3772	广州新塘(XWQ)	惠州南(KNA)	全车放弃
G3772	惠州南(KNA)	惠东(KDA)	未爬取
G3772	惠东(KDA)	汕尾(OGQ)	未爬取
G3772	汕尾(OGQ)	陆丰东(LDA)	未爬取
G3772	陆丰东(LDA)	惠来(HGA)	未爬取
G3772	惠来(HGA)	潮南(CHA)	未爬取
G3772	潮南(CHA)	汕头(OTQ)	未爬取
G3772	汕头(OTQ)	诏安(ZDS)	未爬取
G3772	诏安(ZDS)	漳浦(ZCS)	未爬取
G3772	漳浦(ZCS)	漳州(ZUS)	未爬取
G3772	漳州(ZUS)	厦门北(XKS)	未爬取
G3772	厦门北(XKS)	泉州南(QNS)	未爬取
G3772	泉州南(QNS)	莆田(PTS)	未爬取
G3772	莆田(PTS)	福州南(FYS)	未爬取
G5037	鹰潭北(YKG)	南昌(@南昌)	全车放弃
G5038	永修(ACG)	南昌(@南昌)	全车放弃
G5133	汕头(OTQ)	汕头南(SNA)	全车放弃
G5133	汕头南(SNA)	惠来(HGA)	未爬取
G5133	惠来(HGA)	陆丰东(LDA)	未爬取
G5133	陆丰东(LDA)	陆丰南(LAA)	未爬取
G5133	陆丰南(LAA)	惠东(KDA)	未爬取
G5133	惠东(KDA)	惠州南(KNA)	未爬取
G5133	惠州南(KNA)	博罗(BOA)	未爬取
G5133	博罗(BOA)	广州新塘(XWQ)	未爬取
G5133	广州新塘(XWQ)	广州(GZQ)	未爬取
G5133	广州(GZQ)	佛山(FSQ)	未爬取
G5133	佛山(FSQ)	阳春东(YBQ)	未爬取
G5133	阳春东(YBQ)	马踏(PWQ)	未爬取
G5133	马踏(PWQ)	茂名南(MRQ)	未爬取
G5133	茂名南(MRQ)	吴川(WAQ)	未爬取
G5133	吴川(WAQ)	湛江北(ZMQ)	未爬取
G5138	湛江北(ZMQ)	吴川(WAQ)	全车放弃
G5138	吴川(WAQ)	茂名南(MRQ)	未爬取
G5138	茂名南(MRQ)	阳江北(YLQ)	未爬取
G5138	阳江北(YLQ)	新兴南(XPQ)	未爬取
G5138	新兴南(XPQ)	佛山(FSQ)	未爬取
G5138	佛山(FSQ)	广州(GZQ)	未爬取
G5138	广州(GZQ)	广州新塘(XWQ)	未爬取
G5138	广州新塘(XWQ)	惠州南(KNA)	未爬取
G5138	惠州南(KNA)	汕尾(OGQ)	未爬取
G5138	汕尾(OGQ)	陆丰南(LAA)	未爬取
G5138	陆丰南(LAA)	陆丰东(LDA)	未爬取
G5138	陆丰东(LDA)	惠来(HGA)	未爬取
G5138	惠来(HGA)	汕头南(SNA)	未爬取
G5138	汕头南(SNA)	汕头(OTQ)	未爬取
G5180	湛江北(ZMQ)	茂名南(MRQ)	全车放弃
G5180	茂名南(MRQ)	阳江北(YLQ)	未爬取
G5180	阳江北(YLQ)	阳春东(YBQ)	未爬取
G5180	阳春东(YBQ)	佛山(FSQ)	未爬取
G5180	佛山(FSQ)	广州(GZQ)	未爬取
G5183	广州(GZQ)	佛山(FSQ)	全车放弃
G5183	佛山(FSQ)	新兴南(XPQ)	未爬取
G5183	新兴南(XPQ)	阳江北(YLQ)	未爬取
G5183	阳江北(YLQ)	茂名南(MRQ)	未爬取
G5183	茂名南(MRQ)	湛江北(ZMQ)	未爬取
G5184	湛江北(ZMQ)	茂名南(MRQ)	全车放弃
G5184	茂名南(MRQ)	马踏(PWQ)	未爬取
G5184	马踏(PWQ)	阳江北(YLQ)	未爬取
G5184	阳江北(YLQ)	阳春东(YBQ)	未爬取
G5184	阳春东(YBQ)	佛山(FSQ)	未爬取
G5184	佛山(FSQ)	广州白云(GBA)	未爬取
G5185	广州白云(GBA)	新兴南(XPQ)	全车放弃
G5185	新兴南(XPQ)	阳春东(YBQ)	未爬取
G5185	阳春东(YBQ)	马踏(PWQ)	未爬取
G5185	马踏(PWQ)	茂名南(MRQ)	未爬取
G5185	茂名南(MRQ)	湛江北(ZMQ)	未爬取
G5186	湛江北(ZMQ)	茂名南(MRQ)	全车放弃
G5186	茂名南(MRQ)	马踏(PWQ)	未爬取
G5186	马踏(PWQ)	阳江北(YLQ)	未爬取
G5186	阳江北(YLQ)	阳春东(YBQ)	未爬取
G5186	阳春东(YBQ)	新兴南(XPQ)	未爬取
G5186	新兴南(XPQ)	佛山(FSQ)	未爬取
G5186	佛山(FSQ)	广州(GZQ)	未爬取
G5187	广州(GZQ)	佛山(FSQ)	全车放弃
G5187	佛山(FSQ)	阳春东(YBQ)	未爬取
G5187	阳春东(YBQ)	茂名南(MRQ)	未爬取
G5187	茂名南(MRQ)	湛江北(ZMQ)	未爬取
G5252	广州(GZQ)	广州新塘(XWQ)	全车放弃
G5252	广州新塘(XWQ)	惠州北(HUA)	未爬取
G5252	惠州北(HUA)	五华(WHA)	未爬取
G5252	五华(WHA)	梅州西(MXA)	未爬取
G5252	梅州西(MXA)	丰顺东(FDA)	未爬取
G5252	丰顺东(FDA)	揭阳(JYA)	未爬取
G5252	揭阳(JYA)	揭阳机场(JUA)	未爬取
G5252	揭阳机场(JUA)	潮汕(CBQ)	未爬取
G5252	潮汕(CBQ)	潮安(CMQ)	未爬取
G5252	潮安(CMQ)	汕头(OTQ)	未爬取
G5252	汕头(OTQ)	潮南(CHA)	未爬取
G5252	潮南(CHA)	惠来(HGA)	未爬取
G5252	惠来(HGA)	陆丰东(LDA)	未爬取
G5252	陆丰东(LDA)	陆丰南(LAA)	未爬取
G5252	陆丰南(LAA)	汕尾(OGQ)	未爬取
G5252	汕尾(OGQ)	惠东(KDA)	未爬取
G5252	惠东(KDA)	惠州南(KNA)	未爬取
G5252	惠州南(KNA)	仲恺(ZKA)	未爬取
G5252	仲恺(ZKA)	深圳(SZQ)	未爬取
G5255	深圳(SZQ)	汕尾(OGQ)	全车放弃
G5255	汕尾(OGQ)	惠来(HGA)	未爬取
G5255	惠来(HGA)	汕头(OTQ)	未爬取
G5255	汕头(OTQ)	潮汕(CBQ)	未爬取
G5255	潮汕(CBQ)	揭阳机场(JUA)	未爬取
G5255	揭阳机场(JUA)	揭阳(JYA)	未爬取
G5255	揭阳(JYA)	丰顺东(FDA)	未爬取
G5255	丰顺东(FDA)	梅州西(MXA)	未爬取
G5255	梅州西(MXA)	兴宁南(XNA)	未爬取
G5255	兴宁南(XNA)	五华(WHA)	未爬取
G5255	五华(WHA)	龙川西(LCA)	未爬取
G5255	龙川西(LCA)	惠州北(HUA)	未爬取
G5255	惠州北(HUA)	深圳(@深圳)	未爬取
G5256	深圳(SZQ)	仲恺(ZKA)	全车放弃
G5256	仲恺(ZKA)	惠州北(HUA)	未爬取
G5256	惠州北(HUA)	河源东(HEA)	未爬取
G5256	河源东(HEA)	龙川西(LCA)	未爬取
G5256	龙川西(LCA)	五华(WHA)	未爬取
G5256	五华(WHA)	兴宁南(XNA)	未爬取
G5256	兴宁南(XNA)	梅州西(MXA)	未爬取
G5256	梅州西(MXA)	丰顺东(FDA)	未爬取
G5256	丰顺东(FDA)	揭阳(JYA)	未爬取
G5256	揭阳(JYA)	揭阳机场(JUA)	未爬取
G5256	揭阳机场(JUA)	潮汕(CBQ)	未爬取
G5256	潮汕(CBQ)	汕头(OTQ)	未爬取
G5256	汕头(OTQ)	汕头南(SNA)	未爬取
G5256	汕头南(SNA)	潮南(CHA)	未爬取
G5256	潮南(CHA)	惠来(HGA)	未爬取
G5256	惠来(HGA)	汕尾(OGQ)	未爬取
G5256	汕尾(OGQ)	惠东(KDA)	未爬取
G5256	惠东(KDA)	惠州南(KNA)	未爬取
G5256	惠州南(KNA)	深圳(@深圳)	未爬取
G5260	深圳(SZQ)	惠州南(KNA)	全车放弃
G5260	惠州南(KNA)	惠东(KDA)	未爬取
G5260	惠东(KDA)	汕尾(OGQ)	未爬取
G5260	汕尾(OGQ)	惠来(HGA)	未爬取
G5260	惠来(HGA)	汕头(OTQ)	未爬取
G5260	汕头(OTQ)	潮汕(CBQ)	未爬取
G5260	潮汕(CBQ)	揭阳机场(JUA)	未爬取
G5260	揭阳机场(JUA)	揭阳(JYA)	未爬取
G5260	揭阳(JYA)	梅州西(MXA)	未爬取
G5260	梅州西(MXA)	兴宁南(XNA)	未爬取
G5260	兴宁南(XNA)	五华(WHA)	未爬取
G5260	五华(WHA)	河源东(HEA)	未爬取
G5260	河源东(HEA)	惠州北(HUA)	未爬取
G5260	惠州北(HUA)	增城(ZCA)	未爬取
G5260	增城(ZCA)	广州新塘(XWQ)	未爬取
G5260	广州新塘(XWQ)	广州东(GGQ)	未爬取
G5266	深圳(SZQ)	惠州北(HUA)	全车放弃
G5266	惠州北(HUA)	河源东(HEA)	未爬取
G5266	河源东(HEA)	龙川西(LCA)	未爬取
G5266	龙川西(LCA)	五华(WHA)	未爬取
G5266	五华(WHA)	兴宁南(XNA)	未爬取
G5266	兴宁南(XNA)	梅州西(MXA)	未爬取
G5266	梅州西(MXA)	丰顺东(FDA)	未爬取
G5266	丰顺东(FDA)	揭阳(JYA)	未爬取
G5266	揭阳(JYA)	揭阳机场(JUA)	未爬取
G5266	揭阳机场(JUA)	潮汕(CBQ)	未爬取
G5266	潮汕(CBQ)	汕头(OTQ)	未爬取
G5266	汕头(OTQ)	汕头南(SNA)	未爬取
G5266	汕头南(SNA)	潮南(CHA)	未爬取
G5266	潮南(CHA)	惠来(HGA)	未爬取
G5266	惠来(HGA)	汕尾(OGQ)	未爬取
G5266	汕尾(OGQ)	惠东(KDA)	未爬取
G5266	惠东(KDA)	惠州南(KNA)	未爬取
G5266	惠州南(KNA)	深圳(@深圳)	未爬取
G5557	淄博(ZBK)	济南(@济南)	全车放弃
G5558	曲阜东(QAK)	济南(@济南)	全车放弃
G5600	莒南北(VNK)	临沂北(@临沂北)	全车放弃
G6227	广州南(IZQ)	深圳北(IOQ)	全车放弃
G6229	清远(QBQ)	广州南(IZQ)	全车放弃
G6229	广州南(IZQ)	虎门(IUQ)	未爬取
G6229	虎门(IUQ)	深圳北(IOQ)	未爬取
G6250	深圳北(IOQ)	虎门(IUQ)	全车放弃
G6250	虎门(IUQ)	广州南(IZQ)	未爬取
G6250	广州南(IZQ)	广州北(GBQ)	未爬取
G6250	广州北(GBQ)	清远(QBQ)	未爬取
G6344	普宁(PEQ)	潮汕(CBQ)	全车放弃
G6344	潮汕(CBQ)	汕头(OTQ)	未爬取
G6423	长沙南(CWQ)	娄底南(UOQ)	全车放弃
G6423	娄底南(UOQ)	怀化南(KAQ)	未爬取
G6423	怀化南(KAQ)	凤凰古城(FCA)	未爬取
G6423	凤凰古城(FCA)	吉首东(JDA)	未爬取
G6423	吉首东(JDA)	芙蓉镇(FRA)	未爬取
G6423	芙蓉镇(FRA)	张家界西(JXA)	未爬取
G6424	张家界西(JXA)	芙蓉镇(FRA)	全车放弃
G6424	芙蓉镇(FRA)	吉首东(JDA)	未爬取
G6424	吉首东(JDA)	凤凰古城(FCA)	未爬取
G6424	凤凰古城(FCA)	怀化南(KAQ)	未爬取
G6424	怀化南(KAQ)	娄底南(UOQ)	未爬取
G6424	娄底南(UOQ)	长沙南(CWQ)	未爬取
G6773	枝江北(ZIN)	宜昌东(@宜昌东)	全车放弃
G6774	随县(OVN)	襄阳东(@襄阳东)	全车放弃
G6777	潜江(QJN)	宜昌东(@宜昌东)	全车放弃
G6778	天河机场(TJN)	襄阳东(@襄阳东)	全车放弃
G6894	宜昌北(ABN)	荆门西(MXN)	全车放弃
G6894	荆门西(MXN)	天门(TKN)	未爬取
G6894	天门(TKN)	汉口(HKN)	未爬取
G6895	汉口(HKN)	汉川北(KFN)	全车放弃
G6895	汉川北(KFN)	天门(TKN)	未爬取
G6895	天门(TKN)	荆门西(MXN)	未爬取
G6895	荆门西(MXN)	宜昌北(ABN)	未爬取
G6957	红岛(HQK)	青岛北(@青岛北)	全车放弃
G6958	红岛(HQK)	青岛北(@青岛北)	全车放弃
G6967	济南东(MDK)	济南西(@济南西)	全车放弃
G6968	曲阜东(QAK)	济南西(@济南西)	全车放弃
G6977	青岛西(QUK)	青岛北(@青岛北)	全车放弃
G6978	邹平(ZLK)	青岛北(@青岛北)	全车放弃
G7298	上海西(SXH)	上海(SHH)	全车放弃
G7649	平阳(ARH)	苍南(CEH)	全车放弃
G7703	合肥南(ENH)	芜湖(WHH)	全车放弃
G7703	芜湖(WHH)	宣城(ECH)	未爬取
G7703	宣城(ECH)	宁国南(NIU)	未爬取
G7703	宁国南(NIU)	黄山北(NYH)	未爬取
G7704	黄山北(NYH)	绩溪北(NRH)	全车放弃
G7704	绩溪北(NRH)	宁国南(NIU)	未爬取
G7704	宁国南(NIU)	宣城(ECH)	未爬取
G7704	宣城(ECH)	芜湖(WHH)	未爬取
G7704	芜湖(WHH)	合肥南(ENH)	未爬取
G7705	合肥南(ENH)	巢湖东(GUH)	全车放弃
G7705	巢湖东(GUH)	芜湖(WHH)	未爬取
G7705	芜湖(WHH)	宣城(ECH)	未爬取
G7705	宣城(ECH)	宁国南(NIU)	未爬取
G7705	宁国南(NIU)	黄山北(NYH)	未爬取
G7705	黄山北(NYH)	黟县东(YIU)	未爬取
G7705	黟县东(YIU)	祁门南(QNU)	未爬取
G7706	祁门南(QNU)	黟县东(YIU)	全车放弃
G7706	黟县东(YIU)	黄山北(NYH)	未爬取
G7706	黄山北(NYH)	绩溪北(NRH)	未爬取
G7706	绩溪北(NRH)	宁国南(NIU)	未爬取
G7706	宁国南(NIU)	宣城(ECH)	未爬取
G7706	宣城(ECH)	芜湖(WHH)	未爬取
G7706	芜湖(WHH)	合肥南(ENH)	未爬取
G7737	合肥南(ENH)	芜湖(WHH)	全车放弃
G7738	芜湖(WHH)	巢湖东(GUH)	全车放弃
G7738	巢湖东(GUH)	合肥南(ENH)	未爬取
G7888	张家口(ZMP)	宣化北(VJP)	全车放弃
G7888	宣化北(VJP)	下花园北(OKP)	未爬取
G7888	下花园北(OKP)	怀来(VQP)	未爬取
G7888	怀来(VQP)	八达岭长城(VLP)	未爬取
G7888	八达岭长城(VLP)	清河(QIP)	未爬取
G8133	铁岭西(PXT)	沈阳北(@沈阳北)	全车放弃
G8134	通化(THL)	沈阳北(@沈阳北)	全车放弃
G8158	长白山(CUL)	长白山西(SJL)	全车放弃
G8158	长白山西(SJL)	白山东(BDL)	未爬取
G8158	白山东(BDL)	通化(THL)	未爬取
G8158	通化(THL)	抚顺(FET)	未爬取
G8158	抚顺(FET)	沈阳北(SBT)	未爬取
G8334	无为(IIH)	合肥南(@合肥南)	全车放弃
G8345	舒城东(SDU)	合肥南(@合肥南)	全车放弃
G8348	安庆(AQH)	桐城东(TOU)	全车放弃
G8348	桐城东(TOU)	庐江西(LUU)	未爬取
G8348	庐江西(LUU)	舒城东(SDU)	未爬取
G8348	舒城东(SDU)	肥西(FAH)	未爬取
G8348	肥西(FAH)	合肥南(ENH)	未爬取
G8350	合肥南(ENH)	肥西(FAH)	全车放弃
G8350	肥西(FAH)	舒城东(SDU)	未爬取
G8350	舒城东(SDU)	庐江西(LUU)	未爬取
G8350	庐江西(LUU)	桐城东(TOU)	未爬取
G8350	桐城东(TOU)	安庆(AQH)	未爬取
G8350	安庆(AQH)	池州(IYH)	未爬取
G8350	池州(IYH)	芜湖(WHH)	未爬取
G8350	芜湖(WHH)	南京南(NKH)	未爬取
G8432	广州东(GGQ)	广州新塘(XWQ)	全车放弃
G8432	广州新塘(XWQ)	惠州南(KNA)	未爬取
G8432	惠州南(KNA)	汕尾(OGQ)	未爬取
G8432	汕尾(OGQ)	陆丰东(LDA)	未爬取
G8432	陆丰东(LDA)	汕头(OTQ)	未爬取
G8432	汕头(OTQ)	潮汕(CBQ)	未爬取
G8432	潮汕(CBQ)	揭阳机场(JUA)	未爬取
G8432	揭阳机场(JUA)	揭阳(JYA)	未爬取
G8432	揭阳(JYA)	丰顺东(FDA)	未爬取
G8432	丰顺东(FDA)	建桥(JQA)	未爬取
G8432	建桥(JQA)	梅州西(MXA)	未爬取
G8432	梅州西(MXA)	五华(WHA)	未爬取
G8432	五华(WHA)	河源东(HEA)	未爬取
G8432	河源东(HEA)	深圳(SZQ)	未爬取
G8467	揭阳(JYA)	揭阳机场(JUA)	全车放弃
G8467	揭阳机场(JUA)	潮汕(CBQ)	未爬取
G8482	深圳(SZQ)	惠州南(KNA)	全车放弃
G8482	惠州南(KNA)	汕尾(OGQ)	未爬取
G8482	汕尾(OGQ)	惠来(HGA)	未爬取
G8482	惠来(HGA)	汕头南(SNA)	未爬取
G8482	汕头南(SNA)	汕头(OTQ)	未爬取
G8482	汕头(OTQ)	潮汕(CBQ)	未爬取
G8482	潮汕(CBQ)	揭阳机场(JUA)	未爬取
G8482	揭阳机场(JUA)	丰顺东(FDA)	未爬取
G8482	丰顺东(FDA)	梅州西(MXA)	未爬取
G8482	梅州西(MXA)	五华(WHA)	未爬取
G8482	五华(WHA)	龙川西(LCA)	未爬取
G8482	龙川西(LCA)	河源东(HEA)	未爬取
G8482	河源东(HEA)	惠州北(HUA)	未爬取
G8482	惠州北(HUA)	增城(ZCA)	未爬取
G8482	增城(ZCA)	广州新塘(XWQ)	未爬取
G8482	广州新塘(XWQ)	广州(GZQ)	未爬取
G8505	重庆西(CXW)	重庆东(COE)	全车放弃
G8505	重庆东(COE)	南川北(NUE)	未爬取
G8505	南川北(NUE)	武隆南(WLE)	未爬取
G8505	武隆南(WLE)	黔江(QNW)	未爬取
G8533	荣昌北(RQW)	重庆西(@重庆西)	全车放弃
G8534	宜宾东(EDE)	重庆西(@重庆西)	全车放弃
G8539	泸县(LXE)	泸州(@泸州)	全车放弃
G8540	宜宾东(EDE)	泸州(@泸州)	全车放弃
G8608	黔江(QNW)	武隆南(WLE)	全车放弃
G8608	武隆南(WLE)	重庆东(COE)	未爬取
G8608	重庆东(COE)	重庆西(CXW)	未爬取
G8608	重庆西(CXW)	成都东(ICW)	未爬取
G8729	桐梓东(TDE)	重庆西(@重庆西)	全车放弃
G8739	彭山北(PPW)	成都东(@成都东)	全车放弃
G8740	内江北(NKW)	成都东(@成都东)	全车放弃
G8743	眉山东(IUW)	成都东(@成都东)	全车放弃
G8744	天府机场(TIE)	成都东(@成都东)	全车放弃
G8748	遵义(ZYE)	贵阳北(@贵阳北)	全车放弃
G8753	清镇西(QUE)	贵阳北(@贵阳北)	全车放弃
G8754	遵义(ZYE)	贵阳北(@贵阳北)	全车放弃
G8977	南京南(NKH)	武进(WJU)	全车放弃
G8977	武进(WJU)	江阴(KYH)	未爬取
G8977	江阴(KYH)	张家港(ZAU)	未爬取
G8977	张家港(ZAU)	常熟(CAU)	未爬取
G8977	常熟(CAU)	太仓(TCU)	未爬取
G8978	太仓(TCU)	常熟(CAU)	全车放弃
G8978	常熟(CAU)	张家港(ZAU)	未爬取
G8978	张家港(ZAU)	武进(WJU)	未爬取
G8978	武进(WJU)	南京南(NKH)	未爬取
G8991	南京南(NKH)	句容(JRU)	全车放弃
G8991	句容(JRU)	张家港(ZAU)	未爬取
G8991	张家港(ZAU)	常熟(CAU)	未爬取
G8991	常熟(CAU)	太仓(TCU)	未爬取
G8994	张家港(ZAU)	武进(WJU)	全车放弃
G8994	武进(WJU)	金坛(JTU)	未爬取
G8994	金坛(JTU)	句容(JRU)	未爬取
G8994	句容(JRU)	南京南(NKH)	未爬取
G9645	邵阳(SYQ)	邵东(FIQ)	全车放弃
G9645	邵东(FIQ)	衡阳东(HVQ)	未爬取
G9645	衡阳东(HVQ)	郴州西(ICQ)	未爬取
G9645	郴州西(ICQ)	韶关(SNQ)	未爬取
G9645	韶关(SNQ)	广州南(IZQ)	未爬取
G9646	广州南(IZQ)	韶关(SNQ)	全车放弃
G9646	韶关(SNQ)	郴州西(ICQ)	未爬取
G9646	郴州西(ICQ)	衡阳东(HVQ)	未爬取
G9646	衡阳东(HVQ)	西渡(XDA)	未爬取
G9646	西渡(XDA)	邵东(FIQ)	未爬取
G9646	邵东(FIQ)	邵阳(SYQ)	未爬取
G9656	惠来(HGA)	汕头南(SNA)	全车放弃
G9656	汕头南(SNA)	汕头(OTQ)	未爬取
G9799	深圳北(IOQ)	福田(NZQ)	全车放弃
G9799	福田(NZQ)	香港西九龙(XJA)	未爬取
G9821	南昌西(NXG)	宜春(YEG)	全车放弃
G9821	宜春(YEG)	萍乡北(PBG)	未爬取
G9822	萍乡北(PBG)	宜春(YEG)	全车放弃
G9822	宜春(YEG)	高安(GCG)	未爬取
G9822	高安(GCG)	南昌西(NXG)	未爬取

--- 2026-07-30 08:22:13 ---
G1401	石家庄(SJP)	邯郸东(HPP)	全车放弃
G1401	邯郸东(HPP)	鹤壁东(HFF)	未爬取
G1401	鹤壁东(HFF)	新乡东(EGF)	未爬取
G1401	新乡东(EGF)	郑州东(ZAF)	未爬取
G1401	郑州东(ZAF)	漯河西(LBN)	未爬取
G1401	漯河西(LBN)	驻马店西(ZLN)	未爬取
G1401	驻马店西(ZLN)	信阳东(OYN)	未爬取
G1401	信阳东(OYN)	武汉(WHN)	未爬取
G1401	武汉(WHN)	岳阳东(YIQ)	未爬取
G1401	岳阳东(YIQ)	长沙南(CWQ)	未爬取
G1401	长沙南(CWQ)	株洲西(ZAQ)	未爬取
G1401	株洲西(ZAQ)	衡阳东(HVQ)	未爬取
G1401	衡阳东(HVQ)	祁东(QMQ)	未爬取
G1401	祁东(QMQ)	祁阳(QWQ)	未爬取
G1401	祁阳(QWQ)	永州(AOQ)	未爬取
G1401	永州(AOQ)	东安东(DCZ)	未爬取
G1401	东安东(DCZ)	桂林北(GBZ)	未爬取
G1401	桂林北(GBZ)	柳州(LZZ)	未爬取
G1401	柳州(LZZ)	来宾北(UCZ)	未爬取
G1401	来宾北(UCZ)	南宁东(NFZ)	未爬取
G1402	南宁东(NFZ)	来宾北(UCZ)	全车放弃
G1402	来宾北(UCZ)	柳州(LZZ)	未爬取
G1402	柳州(LZZ)	永福南(YBZ)	未爬取
G1402	永福南(YBZ)	桂林北(GBZ)	未爬取
G1402	桂林北(GBZ)	全州南(QNZ)	未爬取
G1402	全州南(QNZ)	东安东(DCZ)	未爬取
G1402	东安东(DCZ)	永州(AOQ)	未爬取
G1402	永州(AOQ)	祁阳(QWQ)	未爬取
G1402	祁阳(QWQ)	祁东(QMQ)	未爬取
G1402	祁东(QMQ)	衡阳东(HVQ)	未爬取
G1402	衡阳东(HVQ)	株洲西(ZAQ)	未爬取
G1402	株洲西(ZAQ)	长沙南(CWQ)	未爬取
G1402	长沙南(CWQ)	岳阳东(YIQ)	未爬取
G1402	岳阳东(YIQ)	赤壁北(CIN)	未爬取
G1402	赤壁北(CIN)	武汉(WHN)	未爬取
G1402	武汉(WHN)	漯河西(LBN)	未爬取
G1402	漯河西(LBN)	许昌东(XVF)	未爬取
G1402	许昌东(XVF)	郑州东(ZAF)	未爬取
G1402	郑州东(ZAF)	新乡东(EGF)	未爬取
G1402	新乡东(EGF)	邯郸东(HPP)	未爬取
G1402	邯郸东(HPP)	石家庄(SJP)	未爬取
G1619	长沙南(CWQ)	韶山南(INQ)	全车放弃
G1619	韶山南(INQ)	怀化南(KAQ)	未爬取
G1619	怀化南(KAQ)	芷江(ZPQ)	未爬取
G1619	芷江(ZPQ)	凯里南(QKW)	未爬取
G1619	凯里南(QKW)	贵阳北(KQW)	未爬取
G1619	贵阳北(KQW)	河池西(HIZ)	未爬取
G1619	河池西(HIZ)	都安(RUZ)	未爬取
G1619	都安(RUZ)	南宁东(NFZ)	未爬取
G1620	南宁东(NFZ)	河池西(HIZ)	全车放弃
G1620	河池西(HIZ)	都匀东(KJW)	未爬取
G1620	都匀东(KJW)	贵阳北(KQW)	未爬取
G1620	贵阳北(KQW)	贵定北(FMW)	未爬取
G1620	贵定北(FMW)	铜仁南(TNW)	未爬取
G1620	铜仁南(TNW)	怀化南(KAQ)	未爬取
G1620	怀化南(KAQ)	新化南(EJQ)	未爬取
G1620	新化南(EJQ)	娄底南(UOQ)	未爬取
G1620	娄底南(UOQ)	韶山南(INQ)	未爬取
G1620	韶山南(INQ)	湘潭北(EDQ)	未爬取
G1620	湘潭北(EDQ)	长沙南(CWQ)	未爬取
G2489	清河(QIP)	怀来(VQP)	全车放弃
G2489	怀来(VQP)	宣化北(VJP)	未爬取
G2489	宣化北(VJP)	张家口(ZMP)	未爬取
G2489	张家口(ZMP)	乌兰察布(WPC)	未爬取
G2489	乌兰察布(WPC)	卓资东(ZDC)	未爬取
G2489	卓资东(ZDC)	呼和浩特东(NDC)	未爬取
G2490	呼和浩特东(NDC)	卓资东(ZDC)	全车放弃
G2490	卓资东(ZDC)	乌兰察布(WPC)	未爬取
G2490	乌兰察布(WPC)	兴和北(EBC)	未爬取
G2490	兴和北(EBC)	张家口(ZMP)	未爬取
G2490	张家口(ZMP)	东花园北(QBP)	未爬取
G2490	东花园北(QBP)	清河(QIP)	未爬取
G2497	北京北(VAP)	东花园北(QBP)	全车放弃
G2497	东花园北(QBP)	张家口(ZMP)	未爬取
G2497	张家口(ZMP)	兴和北(EBC)	未爬取
G2497	兴和北(EBC)	乌兰察布(WPC)	未爬取
G2497	乌兰察布(WPC)	卓资东(ZDC)	未爬取
G2497	卓资东(ZDC)	呼和浩特东(NDC)	未爬取
G2498	呼和浩特东(NDC)	乌兰察布(WPC)	全车放弃
G2498	乌兰察布(WPC)	张家口(ZMP)	未爬取
G2498	张家口(ZMP)	北京北(VAP)	未爬取
G3194	天台山(TIU)	温岭(VHH)	全车放弃
G3239	泗县东(ODU)	五河(WHU)	全车放弃
G3239	五河(WHU)	明光西(MXU)	未爬取
G3239	明光西(MXU)	定远东(DEU)	未爬取
G3239	定远东(DEU)	合肥西(HFU)	未爬取
G3239	合肥西(HFU)	六安(UAH)	未爬取
G3239	六安(UAH)	麻城北(MBN)	未爬取
G3239	麻城北(MBN)	红安西(VXN)	未爬取
G3239	红安西(VXN)	汉口(HKN)	未爬取
G3240	汉口(HKN)	红安西(VXN)	全车放弃
G3240	红安西(VXN)	麻城北(MBN)	未爬取
G3240	麻城北(MBN)	六安(UAH)	未爬取
G3240	六安(UAH)	合肥西(HFU)	未爬取
G3240	合肥西(HFU)	定远东(DEU)	未爬取
G3240	定远东(DEU)	明光西(MXU)	未爬取
G3240	明光西(MXU)	五河(WHU)	未爬取
G3240	五河(WHU)	泗县东(ODU)	未爬取
G3277	江阴(KYH)	金坛(JTU)	全车放弃
G3277	金坛(JTU)	南京南(NKH)	未爬取
G3277	南京南(NKH)	马鞍山东(OMH)	未爬取
G3277	马鞍山东(OMH)	芜湖(WHH)	未爬取
G3277	芜湖(WHH)	安庆(AQH)	未爬取
G3277	安庆(AQH)	合肥西(HFU)	未爬取
G3277	合肥西(HFU)	淮南南(HNU)	未爬取
G3277	淮南南(HNU)	阜阳西(FXU)	未爬取
G3277	阜阳西(FXU)	商丘(SQF)	未爬取
G3277	商丘(SQF)	郑州东(ZAF)	未爬取
G3277	郑州东(ZAF)	西安北(EAY)	未爬取
G3278	西安北(EAY)	渭南北(WBY)	全车放弃
G3278	渭南北(WBY)	洛阳龙门(LLF)	未爬取
G3278	洛阳龙门(LLF)	郑州东(ZAF)	未爬取
G3278	郑州东(ZAF)	商丘(SQF)	未爬取
G3278	商丘(SQF)	阜阳西(FXU)	未爬取
G3278	阜阳西(FXU)	合肥西(HFU)	未爬取
G3278	合肥西(HFU)	安庆(AQH)	未爬取
G3278	安庆(AQH)	芜湖(WHH)	未爬取
G3278	芜湖(WHH)	南京南(NKH)	未爬取
G3278	南京南(NKH)	金坛(JTU)	未爬取
G3278	金坛(JTU)	江阴(KYH)	未爬取
G3771	福州南(FYS)	莆田(PTS)	全车放弃
G3771	莆田(PTS)	泉州东(QRS)	未爬取
G3771	泉州东(QRS)	厦门北(XKS)	未爬取
G3771	厦门北(XKS)	漳州(ZUS)	未爬取
G3771	漳州(ZUS)	云霄(YBS)	未爬取
G3771	云霄(YBS)	诏安(ZDS)	未爬取
G3771	诏安(ZDS)	潮安(CMQ)	未爬取
G3771	潮安(CMQ)	汕头(OTQ)	未爬取
G3771	汕头(OTQ)	潮南(CHA)	未爬取
G3771	潮南(CHA)	惠来(HGA)	未爬取
G3771	惠来(HGA)	陆丰东(LDA)	未爬取
G3771	陆丰东(LDA)	汕尾(OGQ)	未爬取
G3771	汕尾(OGQ)	惠州南(KNA)	未爬取
G3771	惠州南(KNA)	博罗(BOA)	未爬取
G3771	博罗(BOA)	罗浮山(LVA)	未爬取
G3771	罗浮山(LVA)	广州新塘(XWQ)	未爬取
G3772	广州新塘(XWQ)	惠州南(KNA)	全车放弃
G3772	惠州南(KNA)	惠东(KDA)	未爬取
G3772	惠东(KDA)	汕尾(OGQ)	未爬取
G3772	汕尾(OGQ)	陆丰东(LDA)	未爬取
G3772	陆丰东(LDA)	惠来(HGA)	未爬取
G3772	惠来(HGA)	潮南(CHA)	未爬取
G3772	潮南(CHA)	汕头(OTQ)	未爬取
G3772	汕头(OTQ)	诏安(ZDS)	未爬取
G3772	诏安(ZDS)	漳浦(ZCS)	未爬取
G3772	漳浦(ZCS)	漳州(ZUS)	未爬取
G3772	漳州(ZUS)	厦门北(XKS)	未爬取
G3772	厦门北(XKS)	泉州南(QNS)	未爬取
G3772	泉州南(QNS)	莆田(PTS)	未爬取
G3772	莆田(PTS)	福州南(FYS)	未爬取
G5037	鹰潭北(YKG)	南昌(@南昌)	全车放弃
G5038	永修(ACG)	南昌(@南昌)	全车放弃
G5133	汕头(OTQ)	汕头南(SNA)	全车放弃
G5133	汕头南(SNA)	惠来(HGA)	未爬取
G5133	惠来(HGA)	陆丰东(LDA)	未爬取
G5133	陆丰东(LDA)	陆丰南(LAA)	未爬取
G5133	陆丰南(LAA)	惠东(KDA)	未爬取
G5133	惠东(KDA)	惠州南(KNA)	未爬取
G5133	惠州南(KNA)	博罗(BOA)	未爬取
G5133	博罗(BOA)	广州新塘(XWQ)	未爬取
G5133	广州新塘(XWQ)	广州(GZQ)	未爬取
G5133	广州(GZQ)	佛山(FSQ)	未爬取
G5133	佛山(FSQ)	阳春东(YBQ)	未爬取
G5133	阳春东(YBQ)	马踏(PWQ)	未爬取
G5133	马踏(PWQ)	茂名南(MRQ)	未爬取
G5133	茂名南(MRQ)	吴川(WAQ)	未爬取
G5133	吴川(WAQ)	湛江北(ZMQ)	未爬取
G5138	湛江北(ZMQ)	吴川(WAQ)	全车放弃
G5138	吴川(WAQ)	茂名南(MRQ)	未爬取
G5138	茂名南(MRQ)	阳江北(YLQ)	未爬取
G5138	阳江北(YLQ)	新兴南(XPQ)	未爬取
G5138	新兴南(XPQ)	佛山(FSQ)	未爬取
G5138	佛山(FSQ)	广州(GZQ)	未爬取
G5138	广州(GZQ)	广州新塘(XWQ)	未爬取
G5138	广州新塘(XWQ)	惠州南(KNA)	未爬取
G5138	惠州南(KNA)	汕尾(OGQ)	未爬取
G5138	汕尾(OGQ)	陆丰南(LAA)	未爬取
G5138	陆丰南(LAA)	陆丰东(LDA)	未爬取
G5138	陆丰东(LDA)	惠来(HGA)	未爬取
G5138	惠来(HGA)	汕头南(SNA)	未爬取
G5138	汕头南(SNA)	汕头(OTQ)	未爬取
G5180	湛江北(ZMQ)	茂名南(MRQ)	全车放弃
G5180	茂名南(MRQ)	阳江北(YLQ)	未爬取
G5180	阳江北(YLQ)	阳春东(YBQ)	未爬取
G5180	阳春东(YBQ)	佛山(FSQ)	未爬取
G5180	佛山(FSQ)	广州(GZQ)	未爬取
G5183	广州(GZQ)	佛山(FSQ)	全车放弃
G5183	佛山(FSQ)	新兴南(XPQ)	未爬取
G5183	新兴南(XPQ)	阳江北(YLQ)	未爬取
G5183	阳江北(YLQ)	茂名南(MRQ)	未爬取
G5183	茂名南(MRQ)	湛江北(ZMQ)	未爬取
G5184	湛江北(ZMQ)	茂名南(MRQ)	全车放弃
G5184	茂名南(MRQ)	马踏(PWQ)	未爬取
G5184	马踏(PWQ)	阳江北(YLQ)	未爬取
G5184	阳江北(YLQ)	阳春东(YBQ)	未爬取
G5184	阳春东(YBQ)	佛山(FSQ)	未爬取
G5184	佛山(FSQ)	广州白云(GBA)	未爬取
G5185	广州白云(GBA)	新兴南(XPQ)	全车放弃
G5185	新兴南(XPQ)	阳春东(YBQ)	未爬取
G5185	阳春东(YBQ)	马踏(PWQ)	未爬取
G5185	马踏(PWQ)	茂名南(MRQ)	未爬取
G5185	茂名南(MRQ)	湛江北(ZMQ)	未爬取
G5186	湛江北(ZMQ)	茂名南(MRQ)	全车放弃
G5186	茂名南(MRQ)	马踏(PWQ)	未爬取
G5186	马踏(PWQ)	阳江北(YLQ)	未爬取
G5186	阳江北(YLQ)	阳春东(YBQ)	未爬取
G5186	阳春东(YBQ)	新兴南(XPQ)	未爬取
G5186	新兴南(XPQ)	佛山(FSQ)	未爬取
G5186	佛山(FSQ)	广州(GZQ)	未爬取
G5187	广州(GZQ)	佛山(FSQ)	全车放弃
G5187	佛山(FSQ)	阳春东(YBQ)	未爬取
G5187	阳春东(YBQ)	茂名南(MRQ)	未爬取
G5187	茂名南(MRQ)	湛江北(ZMQ)	未爬取
G5252	广州(GZQ)	广州新塘(XWQ)	全车放弃
G5252	广州新塘(XWQ)	惠州北(HUA)	未爬取
G5252	惠州北(HUA)	五华(WHA)	未爬取
G5252	五华(WHA)	梅州西(MXA)	未爬取
G5252	梅州西(MXA)	丰顺东(FDA)	未爬取
G5252	丰顺东(FDA)	揭阳(JYA)	未爬取
G5252	揭阳(JYA)	揭阳机场(JUA)	未爬取
G5252	揭阳机场(JUA)	潮汕(CBQ)	未爬取
G5252	潮汕(CBQ)	潮安(CMQ)	未爬取
G5252	潮安(CMQ)	汕头(OTQ)	未爬取
G5252	汕头(OTQ)	潮南(CHA)	未爬取
G5252	潮南(CHA)	惠来(HGA)	未爬取
G5252	惠来(HGA)	陆丰东(LDA)	未爬取
G5252	陆丰东(LDA)	陆丰南(LAA)	未爬取
G5252	陆丰南(LAA)	汕尾(OGQ)	未爬取
G5252	汕尾(OGQ)	惠东(KDA)	未爬取
G5252	惠东(KDA)	惠州南(KNA)	未爬取
G5252	惠州南(KNA)	仲恺(ZKA)	未爬取
G5252	仲恺(ZKA)	深圳(SZQ)	未爬取
G5255	深圳(SZQ)	汕尾(OGQ)	全车放弃
G5255	汕尾(OGQ)	惠来(HGA)	未爬取
G5255	惠来(HGA)	汕头(OTQ)	未爬取
G5255	汕头(OTQ)	潮汕(CBQ)	未爬取
G5255	潮汕(CBQ)	揭阳机场(JUA)	未爬取
G5255	揭阳机场(JUA)	揭阳(JYA)	未爬取
G5255	揭阳(JYA)	丰顺东(FDA)	未爬取
G5255	丰顺东(FDA)	梅州西(MXA)	未爬取
G5255	梅州西(MXA)	兴宁南(XNA)	未爬取
G5255	兴宁南(XNA)	五华(WHA)	未爬取
G5255	五华(WHA)	龙川西(LCA)	未爬取
G5255	龙川西(LCA)	惠州北(HUA)	未爬取
G5255	惠州北(HUA)	深圳(@深圳)	未爬取
G5256	深圳(SZQ)	仲恺(ZKA)	全车放弃
G5256	仲恺(ZKA)	惠州北(HUA)	未爬取
G5256	惠州北(HUA)	河源东(HEA)	未爬取
G5256	河源东(HEA)	龙川西(LCA)	未爬取
G5256	龙川西(LCA)	五华(WHA)	未爬取
G5256	五华(WHA)	兴宁南(XNA)	未爬取
G5256	兴宁南(XNA)	梅州西(MXA)	未爬取
G5256	梅州西(MXA)	丰顺东(FDA)	未爬取
G5256	丰顺东(FDA)	揭阳(JYA)	未爬取
G5256	揭阳(JYA)	揭阳机场(JUA)	未爬取
G5256	揭阳机场(JUA)	潮汕(CBQ)	未爬取
G5256	潮汕(CBQ)	汕头(OTQ)	未爬取
G5256	汕头(OTQ)	汕头南(SNA)	未爬取
G5256	汕头南(SNA)	潮南(CHA)	未爬取
G5256	潮南(CHA)	惠来(HGA)	未爬取
G5256	惠来(HGA)	汕尾(OGQ)	未爬取
G5256	汕尾(OGQ)	惠东(KDA)	未爬取
G5256	惠东(KDA)	惠州南(KNA)	未爬取
G5256	惠州南(KNA)	深圳(@深圳)	未爬取
G5260	深圳(SZQ)	惠州南(KNA)	全车放弃
G5260	惠州南(KNA)	惠东(KDA)	未爬取
G5260	惠东(KDA)	汕尾(OGQ)	未爬取
G5260	汕尾(OGQ)	惠来(HGA)	未爬取
G5260	惠来(HGA)	汕头(OTQ)	未爬取
G5260	汕头(OTQ)	潮汕(CBQ)	未爬取
G5260	潮汕(CBQ)	揭阳机场(JUA)	未爬取
G5260	揭阳机场(JUA)	揭阳(JYA)	未爬取
G5260	揭阳(JYA)	梅州西(MXA)	未爬取
G5260	梅州西(MXA)	兴宁南(XNA)	未爬取
G5260	兴宁南(XNA)	五华(WHA)	未爬取
G5260	五华(WHA)	河源东(HEA)	未爬取
G5260	河源东(HEA)	惠州北(HUA)	未爬取
G5260	惠州北(HUA)	增城(ZCA)	未爬取
G5260	增城(ZCA)	广州新塘(XWQ)	未爬取
G5260	广州新塘(XWQ)	广州东(GGQ)	未爬取
G5266	深圳(SZQ)	惠州北(HUA)	全车放弃
G5266	惠州北(HUA)	河源东(HEA)	未爬取
G5266	河源东(HEA)	龙川西(LCA)	未爬取
G5266	龙川西(LCA)	五华(WHA)	未爬取
G5266	五华(WHA)	兴宁南(XNA)	未爬取
G5266	兴宁南(XNA)	梅州西(MXA)	未爬取
G5266	梅州西(MXA)	丰顺东(FDA)	未爬取
G5266	丰顺东(FDA)	揭阳(JYA)	未爬取
G5266	揭阳(JYA)	揭阳机场(JUA)	未爬取
G5266	揭阳机场(JUA)	潮汕(CBQ)	未爬取
G5266	潮汕(CBQ)	汕头(OTQ)	未爬取
G5266	汕头(OTQ)	汕头南(SNA)	未爬取
G5266	汕头南(SNA)	潮南(CHA)	未爬取
G5266	潮南(CHA)	惠来(HGA)	未爬取
G5266	惠来(HGA)	汕尾(OGQ)	未爬取
G5266	汕尾(OGQ)	惠东(KDA)	未爬取
G5266	惠东(KDA)	惠州南(KNA)	未爬取
G5266	惠州南(KNA)	深圳(@深圳)	未爬取
G5557	淄博(ZBK)	济南(@济南)	全车放弃
G5558	曲阜东(QAK)	济南(@济南)	全车放弃
G5600	莒南北(VNK)	临沂北(@临沂北)	全车放弃
G6227	广州南(IZQ)	深圳北(IOQ)	全车放弃
G6229	清远(QBQ)	广州南(IZQ)	全车放弃
G6229	广州南(IZQ)	虎门(IUQ)	未爬取
G6229	虎门(IUQ)	深圳北(IOQ)	未爬取
G6250	深圳北(IOQ)	虎门(IUQ)	全车放弃
G6250	虎门(IUQ)	广州南(IZQ)	未爬取
G6250	广州南(IZQ)	广州北(GBQ)	未爬取
G6250	广州北(GBQ)	清远(QBQ)	未爬取
G6344	普宁(PEQ)	潮汕(CBQ)	全车放弃
G6344	潮汕(CBQ)	汕头(OTQ)	未爬取
G6423	长沙南(CWQ)	娄底南(UOQ)	全车放弃
G6423	娄底南(UOQ)	怀化南(KAQ)	未爬取
G6423	怀化南(KAQ)	凤凰古城(FCA)	未爬取
G6423	凤凰古城(FCA)	吉首东(JDA)	未爬取
G6423	吉首东(JDA)	芙蓉镇(FRA)	未爬取
G6423	芙蓉镇(FRA)	张家界西(JXA)	未爬取
G6424	张家界西(JXA)	芙蓉镇(FRA)	全车放弃
G6424	芙蓉镇(FRA)	吉首东(JDA)	未爬取
G6424	吉首东(JDA)	凤凰古城(FCA)	未爬取
G6424	凤凰古城(FCA)	怀化南(KAQ)	未爬取
G6424	怀化南(KAQ)	娄底南(UOQ)	未爬取
G6424	娄底南(UOQ)	长沙南(CWQ)	未爬取
G6773	枝江北(ZIN)	宜昌东(@宜昌东)	全车放弃
G6774	随县(OVN)	襄阳东(@襄阳东)	全车放弃
G6777	潜江(QJN)	宜昌东(@宜昌东)	全车放弃
G6778	天河机场(TJN)	襄阳东(@襄阳东)	全车放弃
G6894	宜昌北(ABN)	荆门西(MXN)	全车放弃
G6894	荆门西(MXN)	天门(TKN)	未爬取
G6894	天门(TKN)	汉口(HKN)	未爬取
G6895	汉口(HKN)	汉川北(KFN)	全车放弃
G6895	汉川北(KFN)	天门(TKN)	未爬取
G6895	天门(TKN)	荆门西(MXN)	未爬取
G6895	荆门西(MXN)	宜昌北(ABN)	未爬取
G6957	红岛(HQK)	青岛北(@青岛北)	全车放弃
G6958	红岛(HQK)	青岛北(@青岛北)	全车放弃
G6967	济南东(MDK)	济南西(@济南西)	全车放弃
G6968	曲阜东(QAK)	济南西(@济南西)	全车放弃
G6977	青岛西(QUK)	青岛北(@青岛北)	全车放弃
G6978	邹平(ZLK)	青岛北(@青岛北)	全车放弃
G7298	上海西(SXH)	上海(SHH)	全车放弃
G7649	平阳(ARH)	苍南(CEH)	全车放弃
G7703	合肥南(ENH)	芜湖(WHH)	全车放弃
G7703	芜湖(WHH)	宣城(ECH)	未爬取
G7703	宣城(ECH)	宁国南(NIU)	未爬取
G7703	宁国南(NIU)	黄山北(NYH)	未爬取
G7704	黄山北(NYH)	绩溪北(NRH)	全车放弃
G7704	绩溪北(NRH)	宁国南(NIU)	未爬取
G7704	宁国南(NIU)	宣城(ECH)	未爬取
G7704	宣城(ECH)	芜湖(WHH)	未爬取
G7704	芜湖(WHH)	合肥南(ENH)	未爬取
G7705	合肥南(ENH)	巢湖东(GUH)	全车放弃
G7705	巢湖东(GUH)	芜湖(WHH)	未爬取
G7705	芜湖(WHH)	宣城(ECH)	未爬取
G7705	宣城(ECH)	宁国南(NIU)	未爬取
G7705	宁国南(NIU)	黄山北(NYH)	未爬取
G7705	黄山北(NYH)	黟县东(YIU)	未爬取
G7705	黟县东(YIU)	祁门南(QNU)	未爬取
G7706	祁门南(QNU)	黟县东(YIU)	全车放弃
G7706	黟县东(YIU)	黄山北(NYH)	未爬取
G7706	黄山北(NYH)	绩溪北(NRH)	未爬取
G7706	绩溪北(NRH)	宁国南(NIU)	未爬取
G7706	宁国南(NIU)	宣城(ECH)	未爬取
G7706	宣城(ECH)	芜湖(WHH)	未爬取
G7706	芜湖(WHH)	合肥南(ENH)	未爬取
G7737	合肥南(ENH)	芜湖(WHH)	全车放弃
G7738	芜湖(WHH)	巢湖东(GUH)	全车放弃
G7738	巢湖东(GUH)	合肥南(ENH)	未爬取
G7888	张家口(ZMP)	宣化北(VJP)	全车放弃
G7888	宣化北(VJP)	下花园北(OKP)	未爬取
G7888	下花园北(OKP)	怀来(VQP)	未爬取
G7888	怀来(VQP)	八达岭长城(VLP)	未爬取
G7888	八达岭长城(VLP)	清河(QIP)	未爬取
G8133	铁岭西(PXT)	沈阳北(@沈阳北)	全车放弃
G8134	通化(THL)	沈阳北(@沈阳北)	全车放弃
G8158	长白山(CUL)	长白山西(SJL)	全车放弃
G8158	长白山西(SJL)	白山东(BDL)	未爬取
G8158	白山东(BDL)	通化(THL)	未爬取
G8158	通化(THL)	抚顺(FET)	未爬取
G8158	抚顺(FET)	沈阳北(SBT)	未爬取
G8334	无为(IIH)	合肥南(@合肥南)	全车放弃
G8345	舒城东(SDU)	合肥南(@合肥南)	全车放弃
G8348	安庆(AQH)	桐城东(TOU)	全车放弃
G8348	桐城东(TOU)	庐江西(LUU)	未爬取
G8348	庐江西(LUU)	舒城东(SDU)	未爬取
G8348	舒城东(SDU)	肥西(FAH)	未爬取
G8348	肥西(FAH)	合肥南(ENH)	未爬取
G8350	合肥南(ENH)	肥西(FAH)	全车放弃
G8350	肥西(FAH)	舒城东(SDU)	未爬取
G8350	舒城东(SDU)	庐江西(LUU)	未爬取
G8350	庐江西(LUU)	桐城东(TOU)	未爬取
G8350	桐城东(TOU)	安庆(AQH)	未爬取
G8350	安庆(AQH)	池州(IYH)	未爬取
G8350	池州(IYH)	芜湖(WHH)	未爬取
G8350	芜湖(WHH)	南京南(NKH)	未爬取
G8432	广州东(GGQ)	广州新塘(XWQ)	全车放弃
G8432	广州新塘(XWQ)	惠州南(KNA)	未爬取
G8432	惠州南(KNA)	汕尾(OGQ)	未爬取
G8432	汕尾(OGQ)	陆丰东(LDA)	未爬取
G8432	陆丰东(LDA)	汕头(OTQ)	未爬取
G8432	汕头(OTQ)	潮汕(CBQ)	未爬取
G8432	潮汕(CBQ)	揭阳机场(JUA)	未爬取
G8432	揭阳机场(JUA)	揭阳(JYA)	未爬取
G8432	揭阳(JYA)	丰顺东(FDA)	未爬取
G8432	丰顺东(FDA)	建桥(JQA)	未爬取
G8432	建桥(JQA)	梅州西(MXA)	未爬取
G8432	梅州西(MXA)	五华(WHA)	未爬取
G8432	五华(WHA)	河源东(HEA)	未爬取
G8432	河源东(HEA)	深圳(SZQ)	未爬取
G8467	揭阳(JYA)	揭阳机场(JUA)	全车放弃
G8467	揭阳机场(JUA)	潮汕(CBQ)	未爬取
G8482	深圳(SZQ)	惠州南(KNA)	全车放弃
G8482	惠州南(KNA)	汕尾(OGQ)	未爬取
G8482	汕尾(OGQ)	惠来(HGA)	未爬取
G8482	惠来(HGA)	汕头南(SNA)	未爬取
G8482	汕头南(SNA)	汕头(OTQ)	未爬取
G8482	汕头(OTQ)	潮汕(CBQ)	未爬取
G8482	潮汕(CBQ)	揭阳机场(JUA)	未爬取
G8482	揭阳机场(JUA)	丰顺东(FDA)	未爬取
G8482	丰顺东(FDA)	梅州西(MXA)	未爬取
G8482	梅州西(MXA)	五华(WHA)	未爬取
G8482	五华(WHA)	龙川西(LCA)	未爬取
G8482	龙川西(LCA)	河源东(HEA)	未爬取
G8482	河源东(HEA)	惠州北(HUA)	未爬取
G8482	惠州北(HUA)	增城(ZCA)	未爬取
G8482	增城(ZCA)	广州新塘(XWQ)	未爬取
G8482	广州新塘(XWQ)	广州(GZQ)	未爬取
G8505	重庆西(CXW)	重庆东(COE)	全车放弃
G8505	重庆东(COE)	南川北(NUE)	未爬取
G8505	南川北(NUE)	武隆南(WLE)	未爬取
G8505	武隆南(WLE)	黔江(QNW)	未爬取
G8533	荣昌北(RQW)	重庆西(@重庆西)	全车放弃
G8534	宜宾东(EDE)	重庆西(@重庆西)	全车放弃
G8539	泸县(LXE)	泸州(@泸州)	全车放弃
G8540	宜宾东(EDE)	泸州(@泸州)	全车放弃
G8608	黔江(QNW)	武隆南(WLE)	全车放弃
G8608	武隆南(WLE)	重庆东(COE)	未爬取
G8608	重庆东(COE)	重庆西(CXW)	未爬取
G8608	重庆西(CXW)	成都东(ICW)	未爬取
G8729	桐梓东(TDE)	重庆西(@重庆西)	全车放弃
G8739	彭山北(PPW)	成都东(@成都东)	全车放弃
G8740	内江北(NKW)	成都东(@成都东)	全车放弃
G8743	眉山东(IUW)	成都东(@成都东)	全车放弃
G8744	天府机场(TIE)	成都东(@成都东)	全车放弃
G8748	遵义(ZYE)	贵阳北(@贵阳北)	全车放弃
G8753	清镇西(QUE)	贵阳北(@贵阳北)	全车放弃
G8754	遵义(ZYE)	贵阳北(@贵阳北)	全车放弃
G8977	南京南(NKH)	武进(WJU)	全车放弃
G8977	武进(WJU)	江阴(KYH)	未爬取
G8977	江阴(KYH)	张家港(ZAU)	未爬取
G8977	张家港(ZAU)	常熟(CAU)	未爬取
G8977	常熟(CAU)	太仓(TCU)	未爬取
G8978	太仓(TCU)	常熟(CAU)	全车放弃
G8978	常熟(CAU)	张家港(ZAU)	未爬取
G8978	张家港(ZAU)	武进(WJU)	未爬取
G8978	武进(WJU)	南京南(NKH)	未爬取
G8991	南京南(NKH)	句容(JRU)	全车放弃
G8991	句容(JRU)	张家港(ZAU)	未爬取
G8991	张家港(ZAU)	常熟(CAU)	未爬取
G8991	常熟(CAU)	太仓(TCU)	未爬取
G8994	张家港(ZAU)	武进(WJU)	全车放弃
G8994	武进(WJU)	金坛(JTU)	未爬取
G8994	金坛(JTU)	句容(JRU)	未爬取
G8994	句容(JRU)	南京南(NKH)	未爬取
G9645	邵阳(SYQ)	邵东(FIQ)	全车放弃
G9645	邵东(FIQ)	衡阳东(HVQ)	未爬取
G9645	衡阳东(HVQ)	郴州西(ICQ)	未爬取
G9645	郴州西(ICQ)	韶关(SNQ)	未爬取
G9645	韶关(SNQ)	广州南(IZQ)	未爬取
G9646	广州南(IZQ)	韶关(SNQ)	全车放弃
G9646	韶关(SNQ)	郴州西(ICQ)	未爬取
G9646	郴州西(ICQ)	衡阳东(HVQ)	未爬取
G9646	衡阳东(HVQ)	西渡(XDA)	未爬取
G9646	西渡(XDA)	邵东(FIQ)	未爬取
G9646	邵东(FIQ)	邵阳(SYQ)	未爬取
G9656	惠来(HGA)	汕头南(SNA)	全车放弃
G9656	汕头南(SNA)	汕头(OTQ)	未爬取
G9799	深圳北(IOQ)	福田(NZQ)	全车放弃
G9799	福田(NZQ)	香港西九龙(XJA)	未爬取
G9821	南昌西(NXG)	宜春(YEG)	全车放弃
G9821	宜春(YEG)	萍乡北(PBG)	未爬取
G9822	萍乡北(PBG)	宜春(YEG)	全车放弃
G9822	宜春(YEG)	高安(GCG)	未爬取
G9822	高安(GCG)	南昌西(NXG)	未爬取

--- 2026-07-31 10:47:35 ---
G1401	石家庄(SJP)	邯郸东(HPP)	全车放弃
G1401	邯郸东(HPP)	鹤壁东(HFF)	未爬取
G1401	鹤壁东(HFF)	新乡东(EGF)	未爬取
G1401	新乡东(EGF)	郑州东(ZAF)	未爬取
G1401	郑州东(ZAF)	漯河西(LBN)	未爬取
G1401	漯河西(LBN)	驻马店西(ZLN)	未爬取
G1401	驻马店西(ZLN)	信阳东(OYN)	未爬取
G1401	信阳东(OYN)	武汉(WHN)	未爬取
G1401	武汉(WHN)	岳阳东(YIQ)	未爬取
G1401	岳阳东(YIQ)	长沙南(CWQ)	未爬取
G1401	长沙南(CWQ)	株洲西(ZAQ)	未爬取
G1401	株洲西(ZAQ)	衡阳东(HVQ)	未爬取
G1401	衡阳东(HVQ)	祁东(QMQ)	未爬取
G1401	祁东(QMQ)	祁阳(QWQ)	未爬取
G1401	祁阳(QWQ)	永州(AOQ)	未爬取
G1401	永州(AOQ)	东安东(DCZ)	未爬取
G1401	东安东(DCZ)	桂林北(GBZ)	未爬取
G1401	桂林北(GBZ)	柳州(LZZ)	未爬取
G1401	柳州(LZZ)	来宾北(UCZ)	未爬取
G1401	来宾北(UCZ)	南宁东(NFZ)	未爬取
G1402	南宁东(NFZ)	来宾北(UCZ)	全车放弃
G1402	来宾北(UCZ)	柳州(LZZ)	未爬取
G1402	柳州(LZZ)	永福南(YBZ)	未爬取
G1402	永福南(YBZ)	桂林北(GBZ)	未爬取
G1402	桂林北(GBZ)	全州南(QNZ)	未爬取
G1402	全州南(QNZ)	东安东(DCZ)	未爬取
G1402	东安东(DCZ)	永州(AOQ)	未爬取
G1402	永州(AOQ)	祁阳(QWQ)	未爬取
G1402	祁阳(QWQ)	祁东(QMQ)	未爬取
G1402	祁东(QMQ)	衡阳东(HVQ)	未爬取
G1402	衡阳东(HVQ)	株洲西(ZAQ)	未爬取
G1402	株洲西(ZAQ)	长沙南(CWQ)	未爬取
G1402	长沙南(CWQ)	岳阳东(YIQ)	未爬取
G1402	岳阳东(YIQ)	赤壁北(CIN)	未爬取
G1402	赤壁北(CIN)	武汉(WHN)	未爬取
G1402	武汉(WHN)	漯河西(LBN)	未爬取
G1402	漯河西(LBN)	许昌东(XVF)	未爬取
G1402	许昌东(XVF)	郑州东(ZAF)	未爬取
G1402	郑州东(ZAF)	新乡东(EGF)	未爬取
G1402	新乡东(EGF)	邯郸东(HPP)	未爬取
G1402	邯郸东(HPP)	石家庄(SJP)	未爬取
G1619	长沙南(CWQ)	韶山南(INQ)	全车放弃
G1619	韶山南(INQ)	怀化南(KAQ)	未爬取
G1619	怀化南(KAQ)	芷江(ZPQ)	未爬取
G1619	芷江(ZPQ)	凯里南(QKW)	未爬取
G1619	凯里南(QKW)	贵阳北(KQW)	未爬取
G1619	贵阳北(KQW)	河池西(HIZ)	未爬取
G1619	河池西(HIZ)	都安(RUZ)	未爬取
G1619	都安(RUZ)	南宁东(NFZ)	未爬取
G1620	南宁东(NFZ)	河池西(HIZ)	全车放弃
G1620	河池西(HIZ)	都匀东(KJW)	未爬取
G1620	都匀东(KJW)	贵阳北(KQW)	未爬取
G1620	贵阳北(KQW)	贵定北(FMW)	未爬取
G1620	贵定北(FMW)	铜仁南(TNW)	未爬取
G1620	铜仁南(TNW)	怀化南(KAQ)	未爬取
G1620	怀化南(KAQ)	新化南(EJQ)	未爬取
G1620	新化南(EJQ)	娄底南(UOQ)	未爬取
G1620	娄底南(UOQ)	韶山南(INQ)	未爬取
G1620	韶山南(INQ)	湘潭北(EDQ)	未爬取
G1620	湘潭北(EDQ)	长沙南(CWQ)	未爬取
G2489	清河(QIP)	怀来(VQP)	全车放弃
G2489	怀来(VQP)	宣化北(VJP)	未爬取
G2489	宣化北(VJP)	张家口(ZMP)	未爬取
G2489	张家口(ZMP)	乌兰察布(WPC)	未爬取
G2489	乌兰察布(WPC)	卓资东(ZDC)	未爬取
G2489	卓资东(ZDC)	呼和浩特东(NDC)	未爬取
G2490	呼和浩特东(NDC)	卓资东(ZDC)	全车放弃
G2490	卓资东(ZDC)	乌兰察布(WPC)	未爬取
G2490	乌兰察布(WPC)	兴和北(EBC)	未爬取
G2490	兴和北(EBC)	张家口(ZMP)	未爬取
G2490	张家口(ZMP)	东花园北(QBP)	未爬取
G2490	东花园北(QBP)	清河(QIP)	未爬取
G2497	北京北(VAP)	东花园北(QBP)	全车放弃
G2497	东花园北(QBP)	张家口(ZMP)	未爬取
G2497	张家口(ZMP)	兴和北(EBC)	未爬取
G2497	兴和北(EBC)	乌兰察布(WPC)	未爬取
G2497	乌兰察布(WPC)	卓资东(ZDC)	未爬取
G2497	卓资东(ZDC)	呼和浩特东(NDC)	未爬取
G2498	呼和浩特东(NDC)	乌兰察布(WPC)	全车放弃
G2498	乌兰察布(WPC)	张家口(ZMP)	未爬取
G2498	张家口(ZMP)	北京北(VAP)	未爬取
G3194	天台山(TIU)	温岭(VHH)	全车放弃
G3239	泗县东(ODU)	五河(WHU)	全车放弃
G3239	五河(WHU)	明光西(MXU)	未爬取
G3239	明光西(MXU)	定远东(DEU)	未爬取
G3239	定远东(DEU)	合肥西(HFU)	未爬取
G3239	合肥西(HFU)	六安(UAH)	未爬取
G3239	六安(UAH)	麻城北(MBN)	未爬取
G3239	麻城北(MBN)	红安西(VXN)	未爬取
G3239	红安西(VXN)	汉口(HKN)	未爬取
G3240	汉口(HKN)	红安西(VXN)	全车放弃
G3240	红安西(VXN)	麻城北(MBN)	未爬取
G3240	麻城北(MBN)	六安(UAH)	未爬取
G3240	六安(UAH)	合肥西(HFU)	未爬取
G3240	合肥西(HFU)	定远东(DEU)	未爬取
G3240	定远东(DEU)	明光西(MXU)	未爬取
G3240	明光西(MXU)	五河(WHU)	未爬取
G3240	五河(WHU)	泗县东(ODU)	未爬取
G3277	江阴(KYH)	金坛(JTU)	全车放弃
G3277	金坛(JTU)	南京南(NKH)	未爬取
G3277	南京南(NKH)	马鞍山东(OMH)	未爬取
G3277	马鞍山东(OMH)	芜湖(WHH)	未爬取
G3277	芜湖(WHH)	安庆(AQH)	未爬取
G3277	安庆(AQH)	合肥西(HFU)	未爬取
G3277	合肥西(HFU)	淮南南(HNU)	未爬取
G3277	淮南南(HNU)	阜阳西(FXU)	未爬取
G3277	阜阳西(FXU)	商丘(SQF)	未爬取
G3277	商丘(SQF)	郑州东(ZAF)	未爬取
G3277	郑州东(ZAF)	西安北(EAY)	未爬取
G3278	西安北(EAY)	渭南北(WBY)	全车放弃
G3278	渭南北(WBY)	洛阳龙门(LLF)	未爬取
G3278	洛阳龙门(LLF)	郑州东(ZAF)	未爬取
G3278	郑州东(ZAF)	商丘(SQF)	未爬取
G3278	商丘(SQF)	阜阳西(FXU)	未爬取
G3278	阜阳西(FXU)	合肥西(HFU)	未爬取
G3278	合肥西(HFU)	安庆(AQH)	未爬取
G3278	安庆(AQH)	芜湖(WHH)	未爬取
G3278	芜湖(WHH)	南京南(NKH)	未爬取
G3278	南京南(NKH)	金坛(JTU)	未爬取
G3278	金坛(JTU)	江阴(KYH)	未爬取
G3771	福州南(FYS)	莆田(PTS)	全车放弃
G3771	莆田(PTS)	泉州东(QRS)	未爬取
G3771	泉州东(QRS)	厦门北(XKS)	未爬取
G3771	厦门北(XKS)	漳州(ZUS)	未爬取
G3771	漳州(ZUS)	云霄(YBS)	未爬取
G3771	云霄(YBS)	诏安(ZDS)	未爬取
G3771	诏安(ZDS)	潮安(CMQ)	未爬取
G3771	潮安(CMQ)	汕头(OTQ)	未爬取
G3771	汕头(OTQ)	潮南(CHA)	未爬取
G3771	潮南(CHA)	惠来(HGA)	未爬取
G3771	惠来(HGA)	陆丰东(LDA)	未爬取
G3771	陆丰东(LDA)	汕尾(OGQ)	未爬取
G3771	汕尾(OGQ)	惠州南(KNA)	未爬取
G3771	惠州南(KNA)	博罗(BOA)	未爬取
G3771	博罗(BOA)	罗浮山(LVA)	未爬取
G3771	罗浮山(LVA)	广州新塘(XWQ)	未爬取
G3772	广州新塘(XWQ)	惠州南(KNA)	全车放弃
G3772	惠州南(KNA)	惠东(KDA)	未爬取
G3772	惠东(KDA)	汕尾(OGQ)	未爬取
G3772	汕尾(OGQ)	陆丰东(LDA)	未爬取
G3772	陆丰东(LDA)	惠来(HGA)	未爬取
G3772	惠来(HGA)	潮南(CHA)	未爬取
G3772	潮南(CHA)	汕头(OTQ)	未爬取
G3772	汕头(OTQ)	诏安(ZDS)	未爬取
G3772	诏安(ZDS)	漳浦(ZCS)	未爬取
G3772	漳浦(ZCS)	漳州(ZUS)	未爬取
G3772	漳州(ZUS)	厦门北(XKS)	未爬取
G3772	厦门北(XKS)	泉州南(QNS)	未爬取
G3772	泉州南(QNS)	莆田(PTS)	未爬取
G3772	莆田(PTS)	福州南(FYS)	未爬取
G5037	鹰潭北(YKG)	南昌(@南昌)	全车放弃
G5038	永修(ACG)	南昌(@南昌)	全车放弃
G5133	汕头(OTQ)	汕头南(SNA)	全车放弃
G5133	汕头南(SNA)	惠来(HGA)	未爬取
G5133	惠来(HGA)	陆丰东(LDA)	未爬取
G5133	陆丰东(LDA)	陆丰南(LAA)	未爬取
G5133	陆丰南(LAA)	惠东(KDA)	未爬取
G5133	惠东(KDA)	惠州南(KNA)	未爬取
G5133	惠州南(KNA)	博罗(BOA)	未爬取
G5133	博罗(BOA)	广州新塘(XWQ)	未爬取
G5133	广州新塘(XWQ)	广州(GZQ)	未爬取
G5133	广州(GZQ)	佛山(FSQ)	未爬取
G5133	佛山(FSQ)	阳春东(YBQ)	未爬取
G5133	阳春东(YBQ)	马踏(PWQ)	未爬取
G5133	马踏(PWQ)	茂名南(MRQ)	未爬取
G5133	茂名南(MRQ)	吴川(WAQ)	未爬取
G5133	吴川(WAQ)	湛江北(ZMQ)	未爬取
G5138	湛江北(ZMQ)	吴川(WAQ)	全车放弃
G5138	吴川(WAQ)	茂名南(MRQ)	未爬取
G5138	茂名南(MRQ)	阳江北(YLQ)	未爬取
G5138	阳江北(YLQ)	新兴南(XPQ)	未爬取
G5138	新兴南(XPQ)	佛山(FSQ)	未爬取
G5138	佛山(FSQ)	广州(GZQ)	未爬取
G5138	广州(GZQ)	广州新塘(XWQ)	未爬取
G5138	广州新塘(XWQ)	惠州南(KNA)	未爬取
G5138	惠州南(KNA)	汕尾(OGQ)	未爬取
G5138	汕尾(OGQ)	陆丰南(LAA)	未爬取
G5138	陆丰南(LAA)	陆丰东(LDA)	未爬取
G5138	陆丰东(LDA)	惠来(HGA)	未爬取
G5138	惠来(HGA)	汕头南(SNA)	未爬取
G5138	汕头南(SNA)	汕头(OTQ)	未爬取
G5180	湛江北(ZMQ)	茂名南(MRQ)	全车放弃
G5180	茂名南(MRQ)	阳江北(YLQ)	未爬取
G5180	阳江北(YLQ)	阳春东(YBQ)	未爬取
G5180	阳春东(YBQ)	佛山(FSQ)	未爬取
G5180	佛山(FSQ)	广州(GZQ)	未爬取
G5183	广州(GZQ)	佛山(FSQ)	全车放弃
G5183	佛山(FSQ)	新兴南(XPQ)	未爬取
G5183	新兴南(XPQ)	阳江北(YLQ)	未爬取
G5183	阳江北(YLQ)	茂名南(MRQ)	未爬取
G5183	茂名南(MRQ)	湛江北(ZMQ)	未爬取
G5184	湛江北(ZMQ)	茂名南(MRQ)	全车放弃
G5184	茂名南(MRQ)	马踏(PWQ)	未爬取
G5184	马踏(PWQ)	阳江北(YLQ)	未爬取
G5184	阳江北(YLQ)	阳春东(YBQ)	未爬取
G5184	阳春东(YBQ)	佛山(FSQ)	未爬取
G5184	佛山(FSQ)	广州白云(GBA)	未爬取
G5185	广州白云(GBA)	新兴南(XPQ)	全车放弃
G5185	新兴南(XPQ)	阳春东(YBQ)	未爬取
G5185	阳春东(YBQ)	马踏(PWQ)	未爬取
G5185	马踏(PWQ)	茂名南(MRQ)	未爬取
G5185	茂名南(MRQ)	湛江北(ZMQ)	未爬取
G5186	湛江北(ZMQ)	茂名南(MRQ)	全车放弃
G5186	茂名南(MRQ)	马踏(PWQ)	未爬取
G5186	马踏(PWQ)	阳江北(YLQ)	未爬取
G5186	阳江北(YLQ)	阳春东(YBQ)	未爬取
G5186	阳春东(YBQ)	新兴南(XPQ)	未爬取
G5186	新兴南(XPQ)	佛山(FSQ)	未爬取
G5186	佛山(FSQ)	广州(GZQ)	未爬取
G5187	广州(GZQ)	佛山(FSQ)	全车放弃
G5187	佛山(FSQ)	阳春东(YBQ)	未爬取
G5187	阳春东(YBQ)	茂名南(MRQ)	未爬取
G5187	茂名南(MRQ)	湛江北(ZMQ)	未爬取
G5252	广州(GZQ)	广州新塘(XWQ)	全车放弃
G5252	广州新塘(XWQ)	惠州北(HUA)	未爬取
G5252	惠州北(HUA)	五华(WHA)	未爬取
G5252	五华(WHA)	梅州西(MXA)	未爬取
G5252	梅州西(MXA)	丰顺东(FDA)	未爬取
G5252	丰顺东(FDA)	揭阳(JYA)	未爬取
G5252	揭阳(JYA)	揭阳机场(JUA)	未爬取
G5252	揭阳机场(JUA)	潮汕(CBQ)	未爬取
G5252	潮汕(CBQ)	潮安(CMQ)	未爬取
G5252	潮安(CMQ)	汕头(OTQ)	未爬取
G5252	汕头(OTQ)	潮南(CHA)	未爬取
G5252	潮南(CHA)	惠来(HGA)	未爬取
G5252	惠来(HGA)	陆丰东(LDA)	未爬取
G5252	陆丰东(LDA)	陆丰南(LAA)	未爬取
G5252	陆丰南(LAA)	汕尾(OGQ)	未爬取
G5252	汕尾(OGQ)	惠东(KDA)	未爬取
G5252	惠东(KDA)	惠州南(KNA)	未爬取
G5252	惠州南(KNA)	仲恺(ZKA)	未爬取
G5252	仲恺(ZKA)	深圳(SZQ)	未爬取
G5255	深圳(SZQ)	汕尾(OGQ)	全车放弃
G5255	汕尾(OGQ)	惠来(HGA)	未爬取
G5255	惠来(HGA)	汕头(OTQ)	未爬取
G5255	汕头(OTQ)	潮汕(CBQ)	未爬取
G5255	潮汕(CBQ)	揭阳机场(JUA)	未爬取
G5255	揭阳机场(JUA)	揭阳(JYA)	未爬取
G5255	揭阳(JYA)	丰顺东(FDA)	未爬取
G5255	丰顺东(FDA)	梅州西(MXA)	未爬取
G5255	梅州西(MXA)	兴宁南(XNA)	未爬取
G5255	兴宁南(XNA)	五华(WHA)	未爬取
G5255	五华(WHA)	龙川西(LCA)	未爬取
G5255	龙川西(LCA)	惠州北(HUA)	未爬取
G5255	惠州北(HUA)	深圳(@深圳)	未爬取
G5256	深圳(SZQ)	仲恺(ZKA)	全车放弃
G5256	仲恺(ZKA)	惠州北(HUA)	未爬取
G5256	惠州北(HUA)	河源东(HEA)	未爬取
G5256	河源东(HEA)	龙川西(LCA)	未爬取
G5256	龙川西(LCA)	五华(WHA)	未爬取
G5256	五华(WHA)	兴宁南(XNA)	未爬取
G5256	兴宁南(XNA)	梅州西(MXA)	未爬取
G5256	梅州西(MXA)	丰顺东(FDA)	未爬取
G5256	丰顺东(FDA)	揭阳(JYA)	未爬取
G5256	揭阳(JYA)	揭阳机场(JUA)	未爬取
G5256	揭阳机场(JUA)	潮汕(CBQ)	未爬取
G5256	潮汕(CBQ)	汕头(OTQ)	未爬取
G5256	汕头(OTQ)	汕头南(SNA)	未爬取
G5256	汕头南(SNA)	潮南(CHA)	未爬取
G5256	潮南(CHA)	惠来(HGA)	未爬取
G5256	惠来(HGA)	汕尾(OGQ)	未爬取
G5256	汕尾(OGQ)	惠东(KDA)	未爬取
G5256	惠东(KDA)	惠州南(KNA)	未爬取
G5256	惠州南(KNA)	深圳(@深圳)	未爬取
G5260	深圳(SZQ)	惠州南(KNA)	全车放弃
G5260	惠州南(KNA)	惠东(KDA)	未爬取
G5260	惠东(KDA)	汕尾(OGQ)	未爬取
G5260	汕尾(OGQ)	惠来(HGA)	未爬取
G5260	惠来(HGA)	汕头(OTQ)	未爬取
G5260	汕头(OTQ)	潮汕(CBQ)	未爬取
G5260	潮汕(CBQ)	揭阳机场(JUA)	未爬取
G5260	揭阳机场(JUA)	揭阳(JYA)	未爬取
G5260	揭阳(JYA)	梅州西(MXA)	未爬取
G5260	梅州西(MXA)	兴宁南(XNA)	未爬取
G5260	兴宁南(XNA)	五华(WHA)	未爬取
G5260	五华(WHA)	河源东(HEA)	未爬取
G5260	河源东(HEA)	惠州北(HUA)	未爬取
G5260	惠州北(HUA)	增城(ZCA)	未爬取
G5260	增城(ZCA)	广州新塘(XWQ)	未爬取
G5260	广州新塘(XWQ)	广州东(GGQ)	未爬取
G5266	深圳(SZQ)	惠州北(HUA)	全车放弃
G5266	惠州北(HUA)	河源东(HEA)	未爬取
G5266	河源东(HEA)	龙川西(LCA)	未爬取
G5266	龙川西(LCA)	五华(WHA)	未爬取
G5266	五华(WHA)	兴宁南(XNA)	未爬取
G5266	兴宁南(XNA)	梅州西(MXA)	未爬取
G5266	梅州西(MXA)	丰顺东(FDA)	未爬取
G5266	丰顺东(FDA)	揭阳(JYA)	未爬取
G5266	揭阳(JYA)	揭阳机场(JUA)	未爬取
G5266	揭阳机场(JUA)	潮汕(CBQ)	未爬取
G5266	潮汕(CBQ)	汕头(OTQ)	未爬取
G5266	汕头(OTQ)	汕头南(SNA)	未爬取
G5266	汕头南(SNA)	潮南(CHA)	未爬取
G5266	潮南(CHA)	惠来(HGA)	未爬取
G5266	惠来(HGA)	汕尾(OGQ)	未爬取
G5266	汕尾(OGQ)	惠东(KDA)	未爬取
G5266	惠东(KDA)	惠州南(KNA)	未爬取
G5266	惠州南(KNA)	深圳(@深圳)	未爬取
G5557	淄博(ZBK)	济南(@济南)	全车放弃
G5558	曲阜东(QAK)	济南(@济南)	全车放弃
G5600	莒南北(VNK)	临沂北(@临沂北)	全车放弃
G6227	广州南(IZQ)	深圳北(IOQ)	全车放弃
G6229	清远(QBQ)	广州南(IZQ)	全车放弃
G6229	广州南(IZQ)	虎门(IUQ)	未爬取
G6229	虎门(IUQ)	深圳北(IOQ)	未爬取
G6250	深圳北(IOQ)	虎门(IUQ)	全车放弃
G6250	虎门(IUQ)	广州南(IZQ)	未爬取
G6250	广州南(IZQ)	广州北(GBQ)	未爬取
G6250	广州北(GBQ)	清远(QBQ)	未爬取
G6344	普宁(PEQ)	潮汕(CBQ)	全车放弃
G6344	潮汕(CBQ)	汕头(OTQ)	未爬取
G6423	长沙南(CWQ)	娄底南(UOQ)	全车放弃
G6423	娄底南(UOQ)	怀化南(KAQ)	未爬取
G6423	怀化南(KAQ)	凤凰古城(FCA)	未爬取
G6423	凤凰古城(FCA)	吉首东(JDA)	未爬取
G6423	吉首东(JDA)	芙蓉镇(FRA)	未爬取
G6423	芙蓉镇(FRA)	张家界西(JXA)	未爬取
G6424	张家界西(JXA)	芙蓉镇(FRA)	全车放弃
G6424	芙蓉镇(FRA)	吉首东(JDA)	未爬取
G6424	吉首东(JDA)	凤凰古城(FCA)	未爬取
G6424	凤凰古城(FCA)	怀化南(KAQ)	未爬取
G6424	怀化南(KAQ)	娄底南(UOQ)	未爬取
G6424	娄底南(UOQ)	长沙南(CWQ)	未爬取
G6773	枝江北(ZIN)	宜昌东(@宜昌东)	全车放弃
G6774	随县(OVN)	襄阳东(@襄阳东)	全车放弃
G6777	潜江(QJN)	宜昌东(@宜昌东)	全车放弃
G6778	天河机场(TJN)	襄阳东(@襄阳东)	全车放弃
G6894	宜昌北(ABN)	荆门西(MXN)	全车放弃
G6894	荆门西(MXN)	天门(TKN)	未爬取
G6894	天门(TKN)	汉口(HKN)	未爬取
G6895	汉口(HKN)	汉川北(KFN)	全车放弃
G6895	汉川北(KFN)	天门(TKN)	未爬取
G6895	天门(TKN)	荆门西(MXN)	未爬取
G6895	荆门西(MXN)	宜昌北(ABN)	未爬取
G6957	红岛(HQK)	青岛北(@青岛北)	全车放弃
G6958	红岛(HQK)	青岛北(@青岛北)	全车放弃
G6967	济南东(MDK)	济南西(@济南西)	全车放弃
G6968	曲阜东(QAK)	济南西(@济南西)	全车放弃
G6977	青岛西(QUK)	青岛北(@青岛北)	全车放弃
G6978	邹平(ZLK)	青岛北(@青岛北)	全车放弃
G7298	上海西(SXH)	上海(SHH)	全车放弃
G7649	平阳(ARH)	苍南(CEH)	全车放弃
G7703	合肥南(ENH)	芜湖(WHH)	全车放弃
G7703	芜湖(WHH)	宣城(ECH)	未爬取
G7703	宣城(ECH)	宁国南(NIU)	未爬取
G7703	宁国南(NIU)	黄山北(NYH)	未爬取
G7704	黄山北(NYH)	绩溪北(NRH)	全车放弃
G7704	绩溪北(NRH)	宁国南(NIU)	未爬取
G7704	宁国南(NIU)	宣城(ECH)	未爬取
G7704	宣城(ECH)	芜湖(WHH)	未爬取
G7704	芜湖(WHH)	合肥南(ENH)	未爬取
G7705	合肥南(ENH)	巢湖东(GUH)	全车放弃
G7705	巢湖东(GUH)	芜湖(WHH)	未爬取
G7705	芜湖(WHH)	宣城(ECH)	未爬取
G7705	宣城(ECH)	宁国南(NIU)	未爬取
G7705	宁国南(NIU)	黄山北(NYH)	未爬取
G7705	黄山北(NYH)	黟县东(YIU)	未爬取
G7705	黟县东(YIU)	祁门南(QNU)	未爬取
G7706	祁门南(QNU)	黟县东(YIU)	全车放弃
G7706	黟县东(YIU)	黄山北(NYH)	未爬取
G7706	黄山北(NYH)	绩溪北(NRH)	未爬取
G7706	绩溪北(NRH)	宁国南(NIU)	未爬取
G7706	宁国南(NIU)	宣城(ECH)	未爬取
G7706	宣城(ECH)	芜湖(WHH)	未爬取
G7706	芜湖(WHH)	合肥南(ENH)	未爬取
G7737	合肥南(ENH)	芜湖(WHH)	全车放弃
G7738	芜湖(WHH)	巢湖东(GUH)	全车放弃
G7738	巢湖东(GUH)	合肥南(ENH)	未爬取
G7888	张家口(ZMP)	宣化北(VJP)	全车放弃
G7888	宣化北(VJP)	下花园北(OKP)	未爬取
G7888	下花园北(OKP)	怀来(VQP)	未爬取
G7888	怀来(VQP)	八达岭长城(VLP)	未爬取
G7888	八达岭长城(VLP)	清河(QIP)	未爬取
G8133	铁岭西(PXT)	沈阳北(@沈阳北)	全车放弃
G8134	通化(THL)	沈阳北(@沈阳北)	全车放弃
G8334	无为(IIH)	合肥南(@合肥南)	全车放弃
G8345	舒城东(SDU)	合肥南(@合肥南)	全车放弃
G8348	安庆(AQH)	桐城东(TOU)	全车放弃
G8348	桐城东(TOU)	庐江西(LUU)	未爬取
G8348	庐江西(LUU)	舒城东(SDU)	未爬取
G8348	舒城东(SDU)	肥西(FAH)	未爬取
G8348	肥西(FAH)	合肥南(ENH)	未爬取
G8350	合肥南(ENH)	肥西(FAH)	全车放弃
G8350	肥西(FAH)	舒城东(SDU)	未爬取
G8350	舒城东(SDU)	庐江西(LUU)	未爬取
G8350	庐江西(LUU)	桐城东(TOU)	未爬取
G8350	桐城东(TOU)	安庆(AQH)	未爬取
G8350	安庆(AQH)	池州(IYH)	未爬取
G8350	池州(IYH)	芜湖(WHH)	未爬取
G8350	芜湖(WHH)	南京南(NKH)	未爬取
G8432	广州东(GGQ)	广州新塘(XWQ)	全车放弃
G8432	广州新塘(XWQ)	惠州南(KNA)	未爬取
G8432	惠州南(KNA)	汕尾(OGQ)	未爬取
G8432	汕尾(OGQ)	陆丰东(LDA)	未爬取
G8432	陆丰东(LDA)	汕头(OTQ)	未爬取
G8432	汕头(OTQ)	潮汕(CBQ)	未爬取
G8432	潮汕(CBQ)	揭阳机场(JUA)	未爬取
G8432	揭阳机场(JUA)	揭阳(JYA)	未爬取
G8432	揭阳(JYA)	丰顺东(FDA)	未爬取
G8432	丰顺东(FDA)	建桥(JQA)	未爬取
G8432	建桥(JQA)	梅州西(MXA)	未爬取
G8432	梅州西(MXA)	五华(WHA)	未爬取
G8432	五华(WHA)	河源东(HEA)	未爬取
G8432	河源东(HEA)	深圳(SZQ)	未爬取
G8467	揭阳(JYA)	揭阳机场(JUA)	全车放弃
G8467	揭阳机场(JUA)	潮汕(CBQ)	未爬取
G8482	深圳(SZQ)	惠州南(KNA)	全车放弃
G8482	惠州南(KNA)	汕尾(OGQ)	未爬取
G8482	汕尾(OGQ)	惠来(HGA)	未爬取
G8482	惠来(HGA)	汕头南(SNA)	未爬取
G8482	汕头南(SNA)	汕头(OTQ)	未爬取
G8482	汕头(OTQ)	潮汕(CBQ)	未爬取
G8482	潮汕(CBQ)	揭阳机场(JUA)	未爬取
G8482	揭阳机场(JUA)	丰顺东(FDA)	未爬取
G8482	丰顺东(FDA)	梅州西(MXA)	未爬取
G8482	梅州西(MXA)	五华(WHA)	未爬取
G8482	五华(WHA)	龙川西(LCA)	未爬取
G8482	龙川西(LCA)	河源东(HEA)	未爬取
G8482	河源东(HEA)	惠州北(HUA)	未爬取
G8482	惠州北(HUA)	增城(ZCA)	未爬取
G8482	增城(ZCA)	广州新塘(XWQ)	未爬取
G8482	广州新塘(XWQ)	广州(GZQ)	未爬取
G8505	重庆西(CXW)	重庆东(COE)	全车放弃
G8505	重庆东(COE)	南川北(NUE)	未爬取
G8505	南川北(NUE)	武隆南(WLE)	未爬取
G8505	武隆南(WLE)	黔江(QNW)	未爬取
G8533	荣昌北(RQW)	重庆西(@重庆西)	全车放弃
G8534	宜宾东(EDE)	重庆西(@重庆西)	全车放弃
G8539	泸县(LXE)	泸州(@泸州)	全车放弃
G8540	宜宾东(EDE)	泸州(@泸州)	全车放弃
G8608	黔江(QNW)	武隆南(WLE)	全车放弃
G8608	武隆南(WLE)	重庆东(COE)	未爬取
G8608	重庆东(COE)	重庆西(CXW)	未爬取
G8608	重庆西(CXW)	成都东(ICW)	未爬取
G8729	桐梓东(TDE)	重庆西(@重庆西)	全车放弃
G8739	彭山北(PPW)	成都东(@成都东)	全车放弃
G8740	内江北(NKW)	成都东(@成都东)	全车放弃
G8743	眉山东(IUW)	成都东(@成都东)	全车放弃
G8744	天府机场(TIE)	成都东(@成都东)	全车放弃
G8748	遵义(ZYE)	贵阳北(@贵阳北)	全车放弃
G8753	清镇西(QUE)	贵阳北(@贵阳北)	全车放弃
G8754	遵义(ZYE)	贵阳北(@贵阳北)	全车放弃
G8977	南京南(NKH)	武进(WJU)	全车放弃
G8977	武进(WJU)	江阴(KYH)	未爬取
G8977	江阴(KYH)	张家港(ZAU)	未爬取
G8977	张家港(ZAU)	常熟(CAU)	未爬取
G8977	常熟(CAU)	太仓(TCU)	未爬取
G8978	太仓(TCU)	常熟(CAU)	全车放弃
G8978	常熟(CAU)	张家港(ZAU)	未爬取
G8978	张家港(ZAU)	武进(WJU)	未爬取
G8978	武进(WJU)	南京南(NKH)	未爬取
G8991	南京南(NKH)	句容(JRU)	全车放弃
G8991	句容(JRU)	张家港(ZAU)	未爬取
G8991	张家港(ZAU)	常熟(CAU)	未爬取
G8991	常熟(CAU)	太仓(TCU)	未爬取
G8994	张家港(ZAU)	武进(WJU)	全车放弃
G8994	武进(WJU)	金坛(JTU)	未爬取
G8994	金坛(JTU)	句容(JRU)	未爬取
G8994	句容(JRU)	南京南(NKH)	未爬取
G9645	邵阳(SYQ)	邵东(FIQ)	全车放弃
G9645	邵东(FIQ)	衡阳东(HVQ)	未爬取
G9645	衡阳东(HVQ)	郴州西(ICQ)	未爬取
G9645	郴州西(ICQ)	韶关(SNQ)	未爬取
G9645	韶关(SNQ)	广州南(IZQ)	未爬取
G9646	广州南(IZQ)	韶关(SNQ)	全车放弃
G9646	韶关(SNQ)	郴州西(ICQ)	未爬取
G9646	郴州西(ICQ)	衡阳东(HVQ)	未爬取
G9646	衡阳东(HVQ)	西渡(XDA)	未爬取
G9646	西渡(XDA)	邵东(FIQ)	未爬取
G9646	邵东(FIQ)	邵阳(SYQ)	未爬取
G9656	惠来(HGA)	汕头南(SNA)	全车放弃
G9656	汕头南(SNA)	汕头(OTQ)	未爬取
G9799	深圳北(IOQ)	福田(NZQ)	全车放弃
G9799	福田(NZQ)	香港西九龙(XJA)	未爬取
G9821	南昌西(NXG)	宜春(YEG)	全车放弃
G9821	宜春(YEG)	萍乡北(PBG)	未爬取
G9822	萍乡北(PBG)	宜春(YEG)	全车放弃
G9822	宜春(YEG)	高安(GCG)	未爬取
G9822	高安(GCG)	南昌西(NXG)	未爬取

--- 2026-07-31 11:16:09 ---
G1401	石家庄(SJP)	邯郸东(HPP)	全车放弃
G1401	邯郸东(HPP)	鹤壁东(HFF)	未爬取
G1401	鹤壁东(HFF)	新乡东(EGF)	未爬取
G1401	新乡东(EGF)	郑州东(ZAF)	未爬取
G1401	郑州东(ZAF)	漯河西(LBN)	未爬取
G1401	漯河西(LBN)	驻马店西(ZLN)	未爬取
G1401	驻马店西(ZLN)	信阳东(OYN)	未爬取
G1401	信阳东(OYN)	武汉(WHN)	未爬取
G1401	武汉(WHN)	岳阳东(YIQ)	未爬取
G1401	岳阳东(YIQ)	长沙南(CWQ)	未爬取
G1401	长沙南(CWQ)	株洲西(ZAQ)	未爬取
G1401	株洲西(ZAQ)	衡阳东(HVQ)	未爬取
G1401	衡阳东(HVQ)	祁东(QMQ)	未爬取
G1401	祁东(QMQ)	祁阳(QWQ)	未爬取
G1401	祁阳(QWQ)	永州(AOQ)	未爬取
G1401	永州(AOQ)	东安东(DCZ)	未爬取
G1401	东安东(DCZ)	桂林北(GBZ)	未爬取
G1401	桂林北(GBZ)	柳州(LZZ)	未爬取
G1401	柳州(LZZ)	来宾北(UCZ)	未爬取
G1401	来宾北(UCZ)	南宁东(NFZ)	未爬取
G1402	南宁东(NFZ)	来宾北(UCZ)	全车放弃
G1402	来宾北(UCZ)	柳州(LZZ)	未爬取
G1402	柳州(LZZ)	永福南(YBZ)	未爬取
G1402	永福南(YBZ)	桂林北(GBZ)	未爬取
G1402	桂林北(GBZ)	全州南(QNZ)	未爬取
G1402	全州南(QNZ)	东安东(DCZ)	未爬取
G1402	东安东(DCZ)	永州(AOQ)	未爬取
G1402	永州(AOQ)	祁阳(QWQ)	未爬取
G1402	祁阳(QWQ)	祁东(QMQ)	未爬取
G1402	祁东(QMQ)	衡阳东(HVQ)	未爬取
G1402	衡阳东(HVQ)	株洲西(ZAQ)	未爬取
G1402	株洲西(ZAQ)	长沙南(CWQ)	未爬取
G1402	长沙南(CWQ)	岳阳东(YIQ)	未爬取
G1402	岳阳东(YIQ)	赤壁北(CIN)	未爬取
G1402	赤壁北(CIN)	武汉(WHN)	未爬取
G1402	武汉(WHN)	漯河西(LBN)	未爬取
G1402	漯河西(LBN)	许昌东(XVF)	未爬取
G1402	许昌东(XVF)	郑州东(ZAF)	未爬取
G1402	郑州东(ZAF)	新乡东(EGF)	未爬取
G1402	新乡东(EGF)	邯郸东(HPP)	未爬取
G1402	邯郸东(HPP)	石家庄(SJP)	未爬取
G1619	长沙南(CWQ)	韶山南(INQ)	全车放弃
G1619	韶山南(INQ)	怀化南(KAQ)	未爬取
G1619	怀化南(KAQ)	芷江(ZPQ)	未爬取
G1619	芷江(ZPQ)	凯里南(QKW)	未爬取
G1619	凯里南(QKW)	贵阳北(KQW)	未爬取
G1619	贵阳北(KQW)	河池西(HIZ)	未爬取
G1619	河池西(HIZ)	都安(RUZ)	未爬取
G1619	都安(RUZ)	南宁东(NFZ)	未爬取
G1620	南宁东(NFZ)	河池西(HIZ)	全车放弃
G1620	河池西(HIZ)	都匀东(KJW)	未爬取
G1620	都匀东(KJW)	贵阳北(KQW)	未爬取
G1620	贵阳北(KQW)	贵定北(FMW)	未爬取
G1620	贵定北(FMW)	铜仁南(TNW)	未爬取
G1620	铜仁南(TNW)	怀化南(KAQ)	未爬取
G1620	怀化南(KAQ)	新化南(EJQ)	未爬取
G1620	新化南(EJQ)	娄底南(UOQ)	未爬取
G1620	娄底南(UOQ)	韶山南(INQ)	未爬取
G1620	韶山南(INQ)	湘潭北(EDQ)	未爬取
G1620	湘潭北(EDQ)	长沙南(CWQ)	未爬取
G2489	清河(QIP)	怀来(VQP)	全车放弃
G2489	怀来(VQP)	宣化北(VJP)	未爬取
G2489	宣化北(VJP)	张家口(ZMP)	未爬取
G2489	张家口(ZMP)	乌兰察布(WPC)	未爬取
G2489	乌兰察布(WPC)	卓资东(ZDC)	未爬取
G2489	卓资东(ZDC)	呼和浩特东(NDC)	未爬取
G2490	呼和浩特东(NDC)	卓资东(ZDC)	全车放弃
G2490	卓资东(ZDC)	乌兰察布(WPC)	未爬取
G2490	乌兰察布(WPC)	兴和北(EBC)	未爬取
G2490	兴和北(EBC)	张家口(ZMP)	未爬取
G2490	张家口(ZMP)	东花园北(QBP)	未爬取
G2490	东花园北(QBP)	清河(QIP)	未爬取
G2497	北京北(VAP)	东花园北(QBP)	全车放弃
G2497	东花园北(QBP)	张家口(ZMP)	未爬取
G2497	张家口(ZMP)	兴和北(EBC)	未爬取
G2497	兴和北(EBC)	乌兰察布(WPC)	未爬取
G2497	乌兰察布(WPC)	卓资东(ZDC)	未爬取
G2497	卓资东(ZDC)	呼和浩特东(NDC)	未爬取
G2498	呼和浩特东(NDC)	乌兰察布(WPC)	全车放弃
G2498	乌兰察布(WPC)	张家口(ZMP)	未爬取
G2498	张家口(ZMP)	北京北(VAP)	未爬取
G3194	天台山(TIU)	温岭(VHH)	全车放弃
G3239	泗县东(ODU)	五河(WHU)	全车放弃
G3239	五河(WHU)	明光西(MXU)	未爬取
G3239	明光西(MXU)	定远东(DEU)	未爬取
G3239	定远东(DEU)	合肥西(HFU)	未爬取
G3239	合肥西(HFU)	六安(UAH)	未爬取
G3239	六安(UAH)	麻城北(MBN)	未爬取
G3239	麻城北(MBN)	红安西(VXN)	未爬取
G3239	红安西(VXN)	汉口(HKN)	未爬取
G3240	汉口(HKN)	红安西(VXN)	全车放弃
G3240	红安西(VXN)	麻城北(MBN)	未爬取
G3240	麻城北(MBN)	六安(UAH)	未爬取
G3240	六安(UAH)	合肥西(HFU)	未爬取
G3240	合肥西(HFU)	定远东(DEU)	未爬取
G3240	定远东(DEU)	明光西(MXU)	未爬取
G3240	明光西(MXU)	五河(WHU)	未爬取
G3240	五河(WHU)	泗县东(ODU)	未爬取
G3277	江阴(KYH)	金坛(JTU)	全车放弃
G3277	金坛(JTU)	南京南(NKH)	未爬取
G3277	南京南(NKH)	马鞍山东(OMH)	未爬取
G3277	马鞍山东(OMH)	芜湖(WHH)	未爬取
G3277	芜湖(WHH)	安庆(AQH)	未爬取
G3277	安庆(AQH)	合肥西(HFU)	未爬取
G3277	合肥西(HFU)	淮南南(HNU)	未爬取
G3277	淮南南(HNU)	阜阳西(FXU)	未爬取
G3277	阜阳西(FXU)	商丘(SQF)	未爬取
G3277	商丘(SQF)	郑州东(ZAF)	未爬取
G3277	郑州东(ZAF)	西安北(EAY)	未爬取
G3278	西安北(EAY)	渭南北(WBY)	全车放弃
G3278	渭南北(WBY)	洛阳龙门(LLF)	未爬取
G3278	洛阳龙门(LLF)	郑州东(ZAF)	未爬取
G3278	郑州东(ZAF)	商丘(SQF)	未爬取
G3278	商丘(SQF)	阜阳西(FXU)	未爬取
G3278	阜阳西(FXU)	合肥西(HFU)	未爬取
G3278	合肥西(HFU)	安庆(AQH)	未爬取
G3278	安庆(AQH)	芜湖(WHH)	未爬取
G3278	芜湖(WHH)	南京南(NKH)	未爬取
G3278	南京南(NKH)	金坛(JTU)	未爬取
G3278	金坛(JTU)	江阴(KYH)	未爬取
G3771	福州南(FYS)	莆田(PTS)	全车放弃
G3771	莆田(PTS)	泉州东(QRS)	未爬取
G3771	泉州东(QRS)	厦门北(XKS)	未爬取
G3771	厦门北(XKS)	漳州(ZUS)	未爬取
G3771	漳州(ZUS)	云霄(YBS)	未爬取
G3771	云霄(YBS)	诏安(ZDS)	未爬取
G3771	诏安(ZDS)	潮安(CMQ)	未爬取
G3771	潮安(CMQ)	汕头(OTQ)	未爬取
G3771	汕头(OTQ)	潮南(CHA)	未爬取
G3771	潮南(CHA)	惠来(HGA)	未爬取
G3771	惠来(HGA)	陆丰东(LDA)	未爬取
G3771	陆丰东(LDA)	汕尾(OGQ)	未爬取
G3771	汕尾(OGQ)	惠州南(KNA)	未爬取
G3771	惠州南(KNA)	博罗(BOA)	未爬取
G3771	博罗(BOA)	罗浮山(LVA)	未爬取
G3771	罗浮山(LVA)	广州新塘(XWQ)	未爬取
G3772	广州新塘(XWQ)	惠州南(KNA)	全车放弃
G3772	惠州南(KNA)	惠东(KDA)	未爬取
G3772	惠东(KDA)	汕尾(OGQ)	未爬取
G3772	汕尾(OGQ)	陆丰东(LDA)	未爬取
G3772	陆丰东(LDA)	惠来(HGA)	未爬取
G3772	惠来(HGA)	潮南(CHA)	未爬取
G3772	潮南(CHA)	汕头(OTQ)	未爬取
G3772	汕头(OTQ)	诏安(ZDS)	未爬取
G3772	诏安(ZDS)	漳浦(ZCS)	未爬取
G3772	漳浦(ZCS)	漳州(ZUS)	未爬取
G3772	漳州(ZUS)	厦门北(XKS)	未爬取
G3772	厦门北(XKS)	泉州南(QNS)	未爬取
G3772	泉州南(QNS)	莆田(PTS)	未爬取
G3772	莆田(PTS)	福州南(FYS)	未爬取
G5037	鹰潭北(YKG)	南昌(@南昌)	全车放弃
G5038	永修(ACG)	南昌(@南昌)	全车放弃
G5133	汕头(OTQ)	汕头南(SNA)	全车放弃
G5133	汕头南(SNA)	惠来(HGA)	未爬取
G5133	惠来(HGA)	陆丰东(LDA)	未爬取
G5133	陆丰东(LDA)	陆丰南(LAA)	未爬取
G5133	陆丰南(LAA)	惠东(KDA)	未爬取
G5133	惠东(KDA)	惠州南(KNA)	未爬取
G5133	惠州南(KNA)	博罗(BOA)	未爬取
G5133	博罗(BOA)	广州新塘(XWQ)	未爬取
G5133	广州新塘(XWQ)	广州(GZQ)	未爬取
G5133	广州(GZQ)	佛山(FSQ)	未爬取
G5133	佛山(FSQ)	阳春东(YBQ)	未爬取
G5133	阳春东(YBQ)	马踏(PWQ)	未爬取
G5133	马踏(PWQ)	茂名南(MRQ)	未爬取
G5133	茂名南(MRQ)	吴川(WAQ)	未爬取
G5133	吴川(WAQ)	湛江北(ZMQ)	未爬取
G5138	湛江北(ZMQ)	吴川(WAQ)	全车放弃
G5138	吴川(WAQ)	茂名南(MRQ)	未爬取
G5138	茂名南(MRQ)	阳江北(YLQ)	未爬取
G5138	阳江北(YLQ)	新兴南(XPQ)	未爬取
G5138	新兴南(XPQ)	佛山(FSQ)	未爬取
G5138	佛山(FSQ)	广州(GZQ)	未爬取
G5138	广州(GZQ)	广州新塘(XWQ)	未爬取
G5138	广州新塘(XWQ)	惠州南(KNA)	未爬取
G5138	惠州南(KNA)	汕尾(OGQ)	未爬取
G5138	汕尾(OGQ)	陆丰南(LAA)	未爬取
G5138	陆丰南(LAA)	陆丰东(LDA)	未爬取
G5138	陆丰东(LDA)	惠来(HGA)	未爬取
G5138	惠来(HGA)	汕头南(SNA)	未爬取
G5138	汕头南(SNA)	汕头(OTQ)	未爬取
G5180	湛江北(ZMQ)	茂名南(MRQ)	全车放弃
G5180	茂名南(MRQ)	阳江北(YLQ)	未爬取
G5180	阳江北(YLQ)	阳春东(YBQ)	未爬取
G5180	阳春东(YBQ)	佛山(FSQ)	未爬取
G5180	佛山(FSQ)	广州(GZQ)	未爬取
G5183	广州(GZQ)	佛山(FSQ)	全车放弃
G5183	佛山(FSQ)	新兴南(XPQ)	未爬取
G5183	新兴南(XPQ)	阳江北(YLQ)	未爬取
G5183	阳江北(YLQ)	茂名南(MRQ)	未爬取
G5183	茂名南(MRQ)	湛江北(ZMQ)	未爬取
G5184	湛江北(ZMQ)	茂名南(MRQ)	全车放弃
G5184	茂名南(MRQ)	马踏(PWQ)	未爬取
G5184	马踏(PWQ)	阳江北(YLQ)	未爬取
G5184	阳江北(YLQ)	阳春东(YBQ)	未爬取
G5184	阳春东(YBQ)	佛山(FSQ)	未爬取
G5184	佛山(FSQ)	广州白云(GBA)	未爬取
G5185	广州白云(GBA)	新兴南(XPQ)	全车放弃
G5185	新兴南(XPQ)	阳春东(YBQ)	未爬取
G5185	阳春东(YBQ)	马踏(PWQ)	未爬取
G5185	马踏(PWQ)	茂名南(MRQ)	未爬取
G5185	茂名南(MRQ)	湛江北(ZMQ)	未爬取
G5186	湛江北(ZMQ)	茂名南(MRQ)	全车放弃
G5186	茂名南(MRQ)	马踏(PWQ)	未爬取
G5186	马踏(PWQ)	阳江北(YLQ)	未爬取
G5186	阳江北(YLQ)	阳春东(YBQ)	未爬取
G5186	阳春东(YBQ)	新兴南(XPQ)	未爬取
G5186	新兴南(XPQ)	佛山(FSQ)	未爬取
G5186	佛山(FSQ)	广州(GZQ)	未爬取
G5187	广州(GZQ)	佛山(FSQ)	全车放弃
G5187	佛山(FSQ)	阳春东(YBQ)	未爬取
G5187	阳春东(YBQ)	茂名南(MRQ)	未爬取
G5187	茂名南(MRQ)	湛江北(ZMQ)	未爬取
G5252	广州(GZQ)	广州新塘(XWQ)	全车放弃
G5252	广州新塘(XWQ)	惠州北(HUA)	未爬取
G5252	惠州北(HUA)	五华(WHA)	未爬取
G5252	五华(WHA)	梅州西(MXA)	未爬取
G5252	梅州西(MXA)	丰顺东(FDA)	未爬取
G5252	丰顺东(FDA)	揭阳(JYA)	未爬取
G5252	揭阳(JYA)	揭阳机场(JUA)	未爬取
G5252	揭阳机场(JUA)	潮汕(CBQ)	未爬取
G5252	潮汕(CBQ)	潮安(CMQ)	未爬取
G5252	潮安(CMQ)	汕头(OTQ)	未爬取
G5252	汕头(OTQ)	潮南(CHA)	未爬取
G5252	潮南(CHA)	惠来(HGA)	未爬取
G5252	惠来(HGA)	陆丰东(LDA)	未爬取
G5252	陆丰东(LDA)	陆丰南(LAA)	未爬取
G5252	陆丰南(LAA)	汕尾(OGQ)	未爬取
G5252	汕尾(OGQ)	惠东(KDA)	未爬取
G5252	惠东(KDA)	惠州南(KNA)	未爬取
G5252	惠州南(KNA)	仲恺(ZKA)	未爬取
G5252	仲恺(ZKA)	深圳(SZQ)	未爬取
G5255	深圳(SZQ)	汕尾(OGQ)	全车放弃
G5255	汕尾(OGQ)	惠来(HGA)	未爬取
G5255	惠来(HGA)	汕头(OTQ)	未爬取
G5255	汕头(OTQ)	潮汕(CBQ)	未爬取
G5255	潮汕(CBQ)	揭阳机场(JUA)	未爬取
G5255	揭阳机场(JUA)	揭阳(JYA)	未爬取
G5255	揭阳(JYA)	丰顺东(FDA)	未爬取
G5255	丰顺东(FDA)	梅州西(MXA)	未爬取
G5255	梅州西(MXA)	兴宁南(XNA)	未爬取
G5255	兴宁南(XNA)	五华(WHA)	未爬取
G5255	五华(WHA)	龙川西(LCA)	未爬取
G5255	龙川西(LCA)	惠州北(HUA)	未爬取
G5255	惠州北(HUA)	深圳(@深圳)	未爬取
G5256	深圳(SZQ)	仲恺(ZKA)	全车放弃
G5256	仲恺(ZKA)	惠州北(HUA)	未爬取
G5256	惠州北(HUA)	河源东(HEA)	未爬取
G5256	河源东(HEA)	龙川西(LCA)	未爬取
G5256	龙川西(LCA)	五华(WHA)	未爬取
G5256	五华(WHA)	兴宁南(XNA)	未爬取
G5256	兴宁南(XNA)	梅州西(MXA)	未爬取
G5256	梅州西(MXA)	丰顺东(FDA)	未爬取
G5256	丰顺东(FDA)	揭阳(JYA)	未爬取
G5256	揭阳(JYA)	揭阳机场(JUA)	未爬取
G5256	揭阳机场(JUA)	潮汕(CBQ)	未爬取
G5256	潮汕(CBQ)	汕头(OTQ)	未爬取
G5256	汕头(OTQ)	汕头南(SNA)	未爬取
G5256	汕头南(SNA)	潮南(CHA)	未爬取
G5256	潮南(CHA)	惠来(HGA)	未爬取
G5256	惠来(HGA)	汕尾(OGQ)	未爬取
G5256	汕尾(OGQ)	惠东(KDA)	未爬取
G5256	惠东(KDA)	惠州南(KNA)	未爬取
G5256	惠州南(KNA)	深圳(@深圳)	未爬取
G5260	深圳(SZQ)	惠州南(KNA)	全车放弃
G5260	惠州南(KNA)	惠东(KDA)	未爬取
G5260	惠东(KDA)	汕尾(OGQ)	未爬取
G5260	汕尾(OGQ)	惠来(HGA)	未爬取
G5260	惠来(HGA)	汕头(OTQ)	未爬取
G5260	汕头(OTQ)	潮汕(CBQ)	未爬取
G5260	潮汕(CBQ)	揭阳机场(JUA)	未爬取
G5260	揭阳机场(JUA)	揭阳(JYA)	未爬取
G5260	揭阳(JYA)	梅州西(MXA)	未爬取
G5260	梅州西(MXA)	兴宁南(XNA)	未爬取
G5260	兴宁南(XNA)	五华(WHA)	未爬取
G5260	五华(WHA)	河源东(HEA)	未爬取
G5260	河源东(HEA)	惠州北(HUA)	未爬取
G5260	惠州北(HUA)	增城(ZCA)	未爬取
G5260	增城(ZCA)	广州新塘(XWQ)	未爬取
G5260	广州新塘(XWQ)	广州东(GGQ)	未爬取
G5266	深圳(SZQ)	惠州北(HUA)	全车放弃
G5266	惠州北(HUA)	河源东(HEA)	未爬取
G5266	河源东(HEA)	龙川西(LCA)	未爬取
G5266	龙川西(LCA)	五华(WHA)	未爬取
G5266	五华(WHA)	兴宁南(XNA)	未爬取
G5266	兴宁南(XNA)	梅州西(MXA)	未爬取
G5266	梅州西(MXA)	丰顺东(FDA)	未爬取
G5266	丰顺东(FDA)	揭阳(JYA)	未爬取
G5266	揭阳(JYA)	揭阳机场(JUA)	未爬取
G5266	揭阳机场(JUA)	潮汕(CBQ)	未爬取
G5266	潮汕(CBQ)	汕头(OTQ)	未爬取
G5266	汕头(OTQ)	汕头南(SNA)	未爬取
G5266	汕头南(SNA)	潮南(CHA)	未爬取
G5266	潮南(CHA)	惠来(HGA)	未爬取
G5266	惠来(HGA)	汕尾(OGQ)	未爬取
G5266	汕尾(OGQ)	惠东(KDA)	未爬取
G5266	惠东(KDA)	惠州南(KNA)	未爬取
G5266	惠州南(KNA)	深圳(@深圳)	未爬取
G5557	淄博(ZBK)	济南(@济南)	全车放弃
G5558	曲阜东(QAK)	济南(@济南)	全车放弃
G5600	莒南北(VNK)	临沂北(@临沂北)	全车放弃
G6227	广州南(IZQ)	深圳北(IOQ)	全车放弃
G6229	清远(QBQ)	广州南(IZQ)	全车放弃
G6229	广州南(IZQ)	虎门(IUQ)	未爬取
G6229	虎门(IUQ)	深圳北(IOQ)	未爬取
G6250	深圳北(IOQ)	虎门(IUQ)	全车放弃
G6250	虎门(IUQ)	广州南(IZQ)	未爬取
G6250	广州南(IZQ)	广州北(GBQ)	未爬取
G6250	广州北(GBQ)	清远(QBQ)	未爬取
G6344	普宁(PEQ)	潮汕(CBQ)	全车放弃
G6344	潮汕(CBQ)	汕头(OTQ)	未爬取
G6423	长沙南(CWQ)	娄底南(UOQ)	全车放弃
G6423	娄底南(UOQ)	怀化南(KAQ)	未爬取
G6423	怀化南(KAQ)	凤凰古城(FCA)	未爬取
G6423	凤凰古城(FCA)	吉首东(JDA)	未爬取
G6423	吉首东(JDA)	芙蓉镇(FRA)	未爬取
G6423	芙蓉镇(FRA)	张家界西(JXA)	未爬取
G6424	张家界西(JXA)	芙蓉镇(FRA)	全车放弃
G6424	芙蓉镇(FRA)	吉首东(JDA)	未爬取
G6424	吉首东(JDA)	凤凰古城(FCA)	未爬取
G6424	凤凰古城(FCA)	怀化南(KAQ)	未爬取
G6424	怀化南(KAQ)	娄底南(UOQ)	未爬取
G6424	娄底南(UOQ)	长沙南(CWQ)	未爬取
G6773	枝江北(ZIN)	宜昌东(@宜昌东)	全车放弃
G6774	随县(OVN)	襄阳东(@襄阳东)	全车放弃
G6777	潜江(QJN)	宜昌东(@宜昌东)	全车放弃
G6778	天河机场(TJN)	襄阳东(@襄阳东)	全车放弃
G6894	宜昌北(ABN)	荆门西(MXN)	全车放弃
G6894	荆门西(MXN)	天门(TKN)	未爬取
G6894	天门(TKN)	汉口(HKN)	未爬取
G6895	汉口(HKN)	汉川北(KFN)	全车放弃
G6895	汉川北(KFN)	天门(TKN)	未爬取
G6895	天门(TKN)	荆门西(MXN)	未爬取
G6895	荆门西(MXN)	宜昌北(ABN)	未爬取
G6957	红岛(HQK)	青岛北(@青岛北)	全车放弃
G6958	红岛(HQK)	青岛北(@青岛北)	全车放弃
G6967	济南东(MDK)	济南西(@济南西)	全车放弃
G6968	曲阜东(QAK)	济南西(@济南西)	全车放弃
G6977	青岛西(QUK)	青岛北(@青岛北)	全车放弃
G6978	邹平(ZLK)	青岛北(@青岛北)	全车放弃
G7298	上海西(SXH)	上海(SHH)	全车放弃
G7649	平阳(ARH)	苍南(CEH)	全车放弃
G7703	合肥南(ENH)	芜湖(WHH)	全车放弃
G7703	芜湖(WHH)	宣城(ECH)	未爬取
G7703	宣城(ECH)	宁国南(NIU)	未爬取
G7703	宁国南(NIU)	黄山北(NYH)	未爬取
G7704	黄山北(NYH)	绩溪北(NRH)	全车放弃
G7704	绩溪北(NRH)	宁国南(NIU)	未爬取
G7704	宁国南(NIU)	宣城(ECH)	未爬取
G7704	宣城(ECH)	芜湖(WHH)	未爬取
G7704	芜湖(WHH)	合肥南(ENH)	未爬取
G7705	合肥南(ENH)	巢湖东(GUH)	全车放弃
G7705	巢湖东(GUH)	芜湖(WHH)	未爬取
G7705	芜湖(WHH)	宣城(ECH)	未爬取
G7705	宣城(ECH)	宁国南(NIU)	未爬取
G7705	宁国南(NIU)	黄山北(NYH)	未爬取
G7705	黄山北(NYH)	黟县东(YIU)	未爬取
G7705	黟县东(YIU)	祁门南(QNU)	未爬取
G7706	祁门南(QNU)	黟县东(YIU)	全车放弃
G7706	黟县东(YIU)	黄山北(NYH)	未爬取
G7706	黄山北(NYH)	绩溪北(NRH)	未爬取
G7706	绩溪北(NRH)	宁国南(NIU)	未爬取
G7706	宁国南(NIU)	宣城(ECH)	未爬取
G7706	宣城(ECH)	芜湖(WHH)	未爬取
G7706	芜湖(WHH)	合肥南(ENH)	未爬取
G7737	合肥南(ENH)	芜湖(WHH)	全车放弃
G7738	芜湖(WHH)	巢湖东(GUH)	全车放弃
G7738	巢湖东(GUH)	合肥南(ENH)	未爬取
G7888	张家口(ZMP)	宣化北(VJP)	全车放弃
G7888	宣化北(VJP)	下花园北(OKP)	未爬取
G7888	下花园北(OKP)	怀来(VQP)	未爬取
G7888	怀来(VQP)	八达岭长城(VLP)	未爬取
G7888	八达岭长城(VLP)	清河(QIP)	未爬取
G8133	铁岭西(PXT)	沈阳北(@沈阳北)	全车放弃
G8134	通化(THL)	沈阳北(@沈阳北)	全车放弃
G8334	无为(IIH)	合肥南(@合肥南)	全车放弃
G8345	舒城东(SDU)	合肥南(@合肥南)	全车放弃
G8348	安庆(AQH)	桐城东(TOU)	全车放弃
G8348	桐城东(TOU)	庐江西(LUU)	未爬取
G8348	庐江西(LUU)	舒城东(SDU)	未爬取
G8348	舒城东(SDU)	肥西(FAH)	未爬取
G8348	肥西(FAH)	合肥南(ENH)	未爬取
G8350	合肥南(ENH)	肥西(FAH)	全车放弃
G8350	肥西(FAH)	舒城东(SDU)	未爬取
G8350	舒城东(SDU)	庐江西(LUU)	未爬取
G8350	庐江西(LUU)	桐城东(TOU)	未爬取
G8350	桐城东(TOU)	安庆(AQH)	未爬取
G8350	安庆(AQH)	池州(IYH)	未爬取
G8350	池州(IYH)	芜湖(WHH)	未爬取
G8350	芜湖(WHH)	南京南(NKH)	未爬取
G8432	广州东(GGQ)	广州新塘(XWQ)	全车放弃
G8432	广州新塘(XWQ)	惠州南(KNA)	未爬取
G8432	惠州南(KNA)	汕尾(OGQ)	未爬取
G8432	汕尾(OGQ)	陆丰东(LDA)	未爬取
G8432	陆丰东(LDA)	汕头(OTQ)	未爬取
G8432	汕头(OTQ)	潮汕(CBQ)	未爬取
G8432	潮汕(CBQ)	揭阳机场(JUA)	未爬取
G8432	揭阳机场(JUA)	揭阳(JYA)	未爬取
G8432	揭阳(JYA)	丰顺东(FDA)	未爬取
G8432	丰顺东(FDA)	建桥(JQA)	未爬取
G8432	建桥(JQA)	梅州西(MXA)	未爬取
G8432	梅州西(MXA)	五华(WHA)	未爬取
G8432	五华(WHA)	河源东(HEA)	未爬取
G8432	河源东(HEA)	深圳(SZQ)	未爬取
G8467	揭阳(JYA)	揭阳机场(JUA)	全车放弃
G8467	揭阳机场(JUA)	潮汕(CBQ)	未爬取
G8482	深圳(SZQ)	惠州南(KNA)	全车放弃
G8482	惠州南(KNA)	汕尾(OGQ)	未爬取
G8482	汕尾(OGQ)	惠来(HGA)	未爬取
G8482	惠来(HGA)	汕头南(SNA)	未爬取
G8482	汕头南(SNA)	汕头(OTQ)	未爬取
G8482	汕头(OTQ)	潮汕(CBQ)	未爬取
G8482	潮汕(CBQ)	揭阳机场(JUA)	未爬取
G8482	揭阳机场(JUA)	丰顺东(FDA)	未爬取
G8482	丰顺东(FDA)	梅州西(MXA)	未爬取
G8482	梅州西(MXA)	五华(WHA)	未爬取
G8482	五华(WHA)	龙川西(LCA)	未爬取
G8482	龙川西(LCA)	河源东(HEA)	未爬取
G8482	河源东(HEA)	惠州北(HUA)	未爬取
G8482	惠州北(HUA)	增城(ZCA)	未爬取
G8482	增城(ZCA)	广州新塘(XWQ)	未爬取
G8482	广州新塘(XWQ)	广州(GZQ)	未爬取
G8505	重庆西(CXW)	重庆东(COE)	全车放弃
G8505	重庆东(COE)	南川北(NUE)	未爬取
G8505	南川北(NUE)	武隆南(WLE)	未爬取
G8505	武隆南(WLE)	黔江(QNW)	未爬取
G8533	荣昌北(RQW)	重庆西(@重庆西)	全车放弃
G8534	宜宾东(EDE)	重庆西(@重庆西)	全车放弃
G8539	泸县(LXE)	泸州(@泸州)	全车放弃
G8540	宜宾东(EDE)	泸州(@泸州)	全车放弃
G8608	黔江(QNW)	武隆南(WLE)	全车放弃
G8608	武隆南(WLE)	重庆东(COE)	未爬取
G8608	重庆东(COE)	重庆西(CXW)	未爬取
G8608	重庆西(CXW)	成都东(ICW)	未爬取
G8729	桐梓东(TDE)	重庆西(@重庆西)	全车放弃
G8739	彭山北(PPW)	成都东(@成都东)	全车放弃
G8740	内江北(NKW)	成都东(@成都东)	全车放弃
G8743	眉山东(IUW)	成都东(@成都东)	全车放弃
G8744	天府机场(TIE)	成都东(@成都东)	全车放弃
G8748	遵义(ZYE)	贵阳北(@贵阳北)	全车放弃
G8753	清镇西(QUE)	贵阳北(@贵阳北)	全车放弃
G8754	遵义(ZYE)	贵阳北(@贵阳北)	全车放弃
G8977	南京南(NKH)	武进(WJU)	全车放弃
G8977	武进(WJU)	江阴(KYH)	未爬取
G8977	江阴(KYH)	张家港(ZAU)	未爬取
G8977	张家港(ZAU)	常熟(CAU)	未爬取
G8977	常熟(CAU)	太仓(TCU)	未爬取
G8978	太仓(TCU)	常熟(CAU)	全车放弃
G8978	常熟(CAU)	张家港(ZAU)	未爬取
G8978	张家港(ZAU)	武进(WJU)	未爬取
G8978	武进(WJU)	南京南(NKH)	未爬取
G8991	南京南(NKH)	句容(JRU)	全车放弃
G8991	句容(JRU)	张家港(ZAU)	未爬取
G8991	张家港(ZAU)	常熟(CAU)	未爬取
G8991	常熟(CAU)	太仓(TCU)	未爬取
G8994	张家港(ZAU)	武进(WJU)	全车放弃
G8994	武进(WJU)	金坛(JTU)	未爬取
G8994	金坛(JTU)	句容(JRU)	未爬取
G8994	句容(JRU)	南京南(NKH)	未爬取
G9645	邵阳(SYQ)	邵东(FIQ)	全车放弃
G9645	邵东(FIQ)	衡阳东(HVQ)	未爬取
G9645	衡阳东(HVQ)	郴州西(ICQ)	未爬取
G9645	郴州西(ICQ)	韶关(SNQ)	未爬取
G9645	韶关(SNQ)	广州南(IZQ)	未爬取
G9646	广州南(IZQ)	韶关(SNQ)	全车放弃
G9646	韶关(SNQ)	郴州西(ICQ)	未爬取
G9646	郴州西(ICQ)	衡阳东(HVQ)	未爬取
G9646	衡阳东(HVQ)	西渡(XDA)	未爬取
G9646	西渡(XDA)	邵东(FIQ)	未爬取
G9646	邵东(FIQ)	邵阳(SYQ)	未爬取
G9656	惠来(HGA)	汕头南(SNA)	全车放弃
G9656	汕头南(SNA)	汕头(OTQ)	未爬取
G9799	深圳北(IOQ)	福田(NZQ)	全车放弃
G9799	福田(NZQ)	香港西九龙(XJA)	未爬取
G9821	南昌西(NXG)	宜春(YEG)	全车放弃
G9821	宜春(YEG)	萍乡北(PBG)	未爬取
G9822	萍乡北(PBG)	宜春(YEG)	全车放弃
G9822	宜春(YEG)	高安(GCG)	未爬取
G9822	高安(GCG)	南昌西(NXG)	未爬取

--- 2026-08-01 09:44:49 ---
G1401	石家庄(SJP)	邯郸东(HPP)	全车放弃
G1401	邯郸东(HPP)	鹤壁东(HFF)	未爬取
G1401	鹤壁东(HFF)	新乡东(EGF)	未爬取
G1401	新乡东(EGF)	郑州东(ZAF)	未爬取
G1401	郑州东(ZAF)	漯河西(LBN)	未爬取
G1401	漯河西(LBN)	驻马店西(ZLN)	未爬取
G1401	驻马店西(ZLN)	信阳东(OYN)	未爬取
G1401	信阳东(OYN)	武汉(WHN)	未爬取
G1401	武汉(WHN)	岳阳东(YIQ)	未爬取
G1401	岳阳东(YIQ)	长沙南(CWQ)	未爬取
G1401	长沙南(CWQ)	株洲西(ZAQ)	未爬取
G1401	株洲西(ZAQ)	衡阳东(HVQ)	未爬取
G1401	衡阳东(HVQ)	祁东(QMQ)	未爬取
G1401	祁东(QMQ)	祁阳(QWQ)	未爬取
G1401	祁阳(QWQ)	永州(AOQ)	未爬取
G1401	永州(AOQ)	东安东(DCZ)	未爬取
G1401	东安东(DCZ)	桂林北(GBZ)	未爬取
G1401	桂林北(GBZ)	柳州(LZZ)	未爬取
G1401	柳州(LZZ)	来宾北(UCZ)	未爬取
G1401	来宾北(UCZ)	南宁东(NFZ)	未爬取
G1402	南宁东(NFZ)	来宾北(UCZ)	全车放弃
G1402	来宾北(UCZ)	柳州(LZZ)	未爬取
G1402	柳州(LZZ)	永福南(YBZ)	未爬取
G1402	永福南(YBZ)	桂林北(GBZ)	未爬取
G1402	桂林北(GBZ)	全州南(QNZ)	未爬取
G1402	全州南(QNZ)	东安东(DCZ)	未爬取
G1402	东安东(DCZ)	永州(AOQ)	未爬取
G1402	永州(AOQ)	祁阳(QWQ)	未爬取
G1402	祁阳(QWQ)	祁东(QMQ)	未爬取
G1402	祁东(QMQ)	衡阳东(HVQ)	未爬取
G1402	衡阳东(HVQ)	株洲西(ZAQ)	未爬取
G1402	株洲西(ZAQ)	长沙南(CWQ)	未爬取
G1402	长沙南(CWQ)	岳阳东(YIQ)	未爬取
G1402	岳阳东(YIQ)	赤壁北(CIN)	未爬取
G1402	赤壁北(CIN)	武汉(WHN)	未爬取
G1402	武汉(WHN)	漯河西(LBN)	未爬取
G1402	漯河西(LBN)	许昌东(XVF)	未爬取
G1402	许昌东(XVF)	郑州东(ZAF)	未爬取
G1402	郑州东(ZAF)	新乡东(EGF)	未爬取
G1402	新乡东(EGF)	邯郸东(HPP)	未爬取
G1402	邯郸东(HPP)	石家庄(SJP)	未爬取
G1619	长沙南(CWQ)	韶山南(INQ)	全车放弃
G1619	韶山南(INQ)	怀化南(KAQ)	未爬取
G1619	怀化南(KAQ)	芷江(ZPQ)	未爬取
G1619	芷江(ZPQ)	凯里南(QKW)	未爬取
G1619	凯里南(QKW)	贵阳北(KQW)	未爬取
G1619	贵阳北(KQW)	河池西(HIZ)	未爬取
G1619	河池西(HIZ)	都安(RUZ)	未爬取
G1619	都安(RUZ)	南宁东(NFZ)	未爬取
G1620	南宁东(NFZ)	河池西(HIZ)	全车放弃
G1620	河池西(HIZ)	都匀东(KJW)	未爬取
G1620	都匀东(KJW)	贵阳北(KQW)	未爬取
G1620	贵阳北(KQW)	贵定北(FMW)	未爬取
G1620	贵定北(FMW)	铜仁南(TNW)	未爬取
G1620	铜仁南(TNW)	怀化南(KAQ)	未爬取
G1620	怀化南(KAQ)	新化南(EJQ)	未爬取
G1620	新化南(EJQ)	娄底南(UOQ)	未爬取
G1620	娄底南(UOQ)	韶山南(INQ)	未爬取
G1620	韶山南(INQ)	湘潭北(EDQ)	未爬取
G1620	湘潭北(EDQ)	长沙南(CWQ)	未爬取
G2489	清河(QIP)	怀来(VQP)	全车放弃
G2489	怀来(VQP)	宣化北(VJP)	未爬取
G2489	宣化北(VJP)	张家口(ZMP)	未爬取
G2489	张家口(ZMP)	乌兰察布(WPC)	未爬取
G2489	乌兰察布(WPC)	卓资东(ZDC)	未爬取
G2489	卓资东(ZDC)	呼和浩特东(NDC)	未爬取
G2490	呼和浩特东(NDC)	卓资东(ZDC)	全车放弃
G2490	卓资东(ZDC)	乌兰察布(WPC)	未爬取
G2490	乌兰察布(WPC)	兴和北(EBC)	未爬取
G2490	兴和北(EBC)	张家口(ZMP)	未爬取
G2490	张家口(ZMP)	东花园北(QBP)	未爬取
G2490	东花园北(QBP)	清河(QIP)	未爬取
G2497	北京北(VAP)	东花园北(QBP)	全车放弃
G2497	东花园北(QBP)	张家口(ZMP)	未爬取
G2497	张家口(ZMP)	兴和北(EBC)	未爬取
G2497	兴和北(EBC)	乌兰察布(WPC)	未爬取
G2497	乌兰察布(WPC)	卓资东(ZDC)	未爬取
G2497	卓资东(ZDC)	呼和浩特东(NDC)	未爬取
G2498	呼和浩特东(NDC)	乌兰察布(WPC)	全车放弃
G2498	乌兰察布(WPC)	张家口(ZMP)	未爬取
G2498	张家口(ZMP)	北京北(VAP)	未爬取
G3194	天台山(TIU)	温岭(VHH)	全车放弃
G3239	泗县东(ODU)	五河(WHU)	全车放弃
G3239	五河(WHU)	明光西(MXU)	未爬取
G3239	明光西(MXU)	定远东(DEU)	未爬取
G3239	定远东(DEU)	合肥西(HFU)	未爬取
G3239	合肥西(HFU)	六安(UAH)	未爬取
G3239	六安(UAH)	麻城北(MBN)	未爬取
G3239	麻城北(MBN)	红安西(VXN)	未爬取
G3239	红安西(VXN)	汉口(HKN)	未爬取
G3240	汉口(HKN)	红安西(VXN)	全车放弃
G3240	红安西(VXN)	麻城北(MBN)	未爬取
G3240	麻城北(MBN)	六安(UAH)	未爬取
G3240	六安(UAH)	合肥西(HFU)	未爬取
G3240	合肥西(HFU)	定远东(DEU)	未爬取
G3240	定远东(DEU)	明光西(MXU)	未爬取
G3240	明光西(MXU)	五河(WHU)	未爬取
G3240	五河(WHU)	泗县东(ODU)	未爬取
G3277	江阴(KYH)	金坛(JTU)	全车放弃
G3277	金坛(JTU)	南京南(NKH)	未爬取
G3277	南京南(NKH)	马鞍山东(OMH)	未爬取
G3277	马鞍山东(OMH)	芜湖(WHH)	未爬取
G3277	芜湖(WHH)	安庆(AQH)	未爬取
G3277	安庆(AQH)	合肥西(HFU)	未爬取
G3277	合肥西(HFU)	淮南南(HNU)	未爬取
G3277	淮南南(HNU)	阜阳西(FXU)	未爬取
G3277	阜阳西(FXU)	商丘(SQF)	未爬取
G3277	商丘(SQF)	郑州东(ZAF)	未爬取
G3277	郑州东(ZAF)	西安北(EAY)	未爬取
G3278	西安北(EAY)	渭南北(WBY)	全车放弃
G3278	渭南北(WBY)	洛阳龙门(LLF)	未爬取
G3278	洛阳龙门(LLF)	郑州东(ZAF)	未爬取
G3278	郑州东(ZAF)	商丘(SQF)	未爬取
G3278	商丘(SQF)	阜阳西(FXU)	未爬取
G3278	阜阳西(FXU)	合肥西(HFU)	未爬取
G3278	合肥西(HFU)	安庆(AQH)	未爬取
G3278	安庆(AQH)	芜湖(WHH)	未爬取
G3278	芜湖(WHH)	南京南(NKH)	未爬取
G3278	南京南(NKH)	金坛(JTU)	未爬取
G3278	金坛(JTU)	江阴(KYH)	未爬取
G3771	福州南(FYS)	莆田(PTS)	全车放弃
G3771	莆田(PTS)	泉州东(QRS)	未爬取
G3771	泉州东(QRS)	厦门北(XKS)	未爬取
G3771	厦门北(XKS)	漳州(ZUS)	未爬取
G3771	漳州(ZUS)	云霄(YBS)	未爬取
G3771	云霄(YBS)	诏安(ZDS)	未爬取
G3771	诏安(ZDS)	潮安(CMQ)	未爬取
G3771	潮安(CMQ)	汕头(OTQ)	未爬取
G3771	汕头(OTQ)	潮南(CHA)	未爬取
G3771	潮南(CHA)	惠来(HGA)	未爬取
G3771	惠来(HGA)	陆丰东(LDA)	未爬取
G3771	陆丰东(LDA)	汕尾(OGQ)	未爬取
G3771	汕尾(OGQ)	惠州南(KNA)	未爬取
G3771	惠州南(KNA)	博罗(BOA)	未爬取
G3771	博罗(BOA)	罗浮山(LVA)	未爬取
G3771	罗浮山(LVA)	广州新塘(XWQ)	未爬取
G3772	广州新塘(XWQ)	惠州南(KNA)	全车放弃
G3772	惠州南(KNA)	惠东(KDA)	未爬取
G3772	惠东(KDA)	汕尾(OGQ)	未爬取
G3772	汕尾(OGQ)	陆丰东(LDA)	未爬取
G3772	陆丰东(LDA)	惠来(HGA)	未爬取
G3772	惠来(HGA)	潮南(CHA)	未爬取
G3772	潮南(CHA)	汕头(OTQ)	未爬取
G3772	汕头(OTQ)	诏安(ZDS)	未爬取
G3772	诏安(ZDS)	漳浦(ZCS)	未爬取
G3772	漳浦(ZCS)	漳州(ZUS)	未爬取
G3772	漳州(ZUS)	厦门北(XKS)	未爬取
G3772	厦门北(XKS)	泉州南(QNS)	未爬取
G3772	泉州南(QNS)	莆田(PTS)	未爬取
G3772	莆田(PTS)	福州南(FYS)	未爬取
G5037	鹰潭北(YKG)	南昌(@南昌)	全车放弃
G5038	永修(ACG)	南昌(@南昌)	全车放弃
G5133	汕头(OTQ)	汕头南(SNA)	全车放弃
G5133	汕头南(SNA)	惠来(HGA)	未爬取
G5133	惠来(HGA)	陆丰东(LDA)	未爬取
G5133	陆丰东(LDA)	陆丰南(LAA)	未爬取
G5133	陆丰南(LAA)	惠东(KDA)	未爬取
G5133	惠东(KDA)	惠州南(KNA)	未爬取
G5133	惠州南(KNA)	博罗(BOA)	未爬取
G5133	博罗(BOA)	广州新塘(XWQ)	未爬取
G5133	广州新塘(XWQ)	广州(GZQ)	未爬取
G5133	广州(GZQ)	佛山(FSQ)	未爬取
G5133	佛山(FSQ)	阳春东(YBQ)	未爬取
G5133	阳春东(YBQ)	马踏(PWQ)	未爬取
G5133	马踏(PWQ)	茂名南(MRQ)	未爬取
G5133	茂名南(MRQ)	吴川(WAQ)	未爬取
G5133	吴川(WAQ)	湛江北(ZMQ)	未爬取
G5138	湛江北(ZMQ)	吴川(WAQ)	全车放弃
G5138	吴川(WAQ)	茂名南(MRQ)	未爬取
G5138	茂名南(MRQ)	阳江北(YLQ)	未爬取
G5138	阳江北(YLQ)	新兴南(XPQ)	未爬取
G5138	新兴南(XPQ)	佛山(FSQ)	未爬取
G5138	佛山(FSQ)	广州(GZQ)	未爬取
G5138	广州(GZQ)	广州新塘(XWQ)	未爬取
G5138	广州新塘(XWQ)	惠州南(KNA)	未爬取
G5138	惠州南(KNA)	汕尾(OGQ)	未爬取
G5138	汕尾(OGQ)	陆丰南(LAA)	未爬取
G5138	陆丰南(LAA)	陆丰东(LDA)	未爬取
G5138	陆丰东(LDA)	惠来(HGA)	未爬取
G5138	惠来(HGA)	汕头南(SNA)	未爬取
G5138	汕头南(SNA)	汕头(OTQ)	未爬取
G5180	湛江北(ZMQ)	茂名南(MRQ)	全车放弃
G5180	茂名南(MRQ)	阳江北(YLQ)	未爬取
G5180	阳江北(YLQ)	阳春东(YBQ)	未爬取
G5180	阳春东(YBQ)	佛山(FSQ)	未爬取
G5180	佛山(FSQ)	广州(GZQ)	未爬取
G5183	广州(GZQ)	佛山(FSQ)	全车放弃
G5183	佛山(FSQ)	新兴南(XPQ)	未爬取
G5183	新兴南(XPQ)	阳江北(YLQ)	未爬取
G5183	阳江北(YLQ)	茂名南(MRQ)	未爬取
G5183	茂名南(MRQ)	湛江北(ZMQ)	未爬取
G5184	湛江北(ZMQ)	茂名南(MRQ)	全车放弃
G5184	茂名南(MRQ)	马踏(PWQ)	未爬取
G5184	马踏(PWQ)	阳江北(YLQ)	未爬取
G5184	阳江北(YLQ)	阳春东(YBQ)	未爬取
G5184	阳春东(YBQ)	佛山(FSQ)	未爬取
G5184	佛山(FSQ)	广州白云(GBA)	未爬取
G5185	广州白云(GBA)	新兴南(XPQ)	全车放弃
G5185	新兴南(XPQ)	阳春东(YBQ)	未爬取
G5185	阳春东(YBQ)	马踏(PWQ)	未爬取
G5185	马踏(PWQ)	茂名南(MRQ)	未爬取
G5185	茂名南(MRQ)	湛江北(ZMQ)	未爬取
G5186	湛江北(ZMQ)	茂名南(MRQ)	全车放弃
G5186	茂名南(MRQ)	马踏(PWQ)	未爬取
G5186	马踏(PWQ)	阳江北(YLQ)	未爬取
G5186	阳江北(YLQ)	阳春东(YBQ)	未爬取
G5186	阳春东(YBQ)	新兴南(XPQ)	未爬取
G5186	新兴南(XPQ)	佛山(FSQ)	未爬取
G5186	佛山(FSQ)	广州(GZQ)	未爬取
G5187	广州(GZQ)	佛山(FSQ)	全车放弃
G5187	佛山(FSQ)	阳春东(YBQ)	未爬取
G5187	阳春东(YBQ)	茂名南(MRQ)	未爬取
G5187	茂名南(MRQ)	湛江北(ZMQ)	未爬取
G5252	广州(GZQ)	广州新塘(XWQ)	全车放弃
G5252	广州新塘(XWQ)	惠州北(HUA)	未爬取
G5252	惠州北(HUA)	五华(WHA)	未爬取
G5252	五华(WHA)	梅州西(MXA)	未爬取
G5252	梅州西(MXA)	丰顺东(FDA)	未爬取
G5252	丰顺东(FDA)	揭阳(JYA)	未爬取
G5252	揭阳(JYA)	揭阳机场(JUA)	未爬取
G5252	揭阳机场(JUA)	潮汕(CBQ)	未爬取
G5252	潮汕(CBQ)	潮安(CMQ)	未爬取
G5252	潮安(CMQ)	汕头(OTQ)	未爬取
G5252	汕头(OTQ)	潮南(CHA)	未爬取
G5252	潮南(CHA)	惠来(HGA)	未爬取
G5252	惠来(HGA)	陆丰东(LDA)	未爬取
G5252	陆丰东(LDA)	陆丰南(LAA)	未爬取
G5252	陆丰南(LAA)	汕尾(OGQ)	未爬取
G5252	汕尾(OGQ)	惠东(KDA)	未爬取
G5252	惠东(KDA)	惠州南(KNA)	未爬取
G5252	惠州南(KNA)	仲恺(ZKA)	未爬取
G5252	仲恺(ZKA)	深圳(SZQ)	未爬取
G5255	深圳(SZQ)	汕尾(OGQ)	全车放弃
G5255	汕尾(OGQ)	惠来(HGA)	未爬取
G5255	惠来(HGA)	汕头(OTQ)	未爬取
G5255	汕头(OTQ)	潮汕(CBQ)	未爬取
G5255	潮汕(CBQ)	揭阳机场(JUA)	未爬取
G5255	揭阳机场(JUA)	揭阳(JYA)	未爬取
G5255	揭阳(JYA)	丰顺东(FDA)	未爬取
G5255	丰顺东(FDA)	梅州西(MXA)	未爬取
G5255	梅州西(MXA)	兴宁南(XNA)	未爬取
G5255	兴宁南(XNA)	五华(WHA)	未爬取
G5255	五华(WHA)	龙川西(LCA)	未爬取
G5255	龙川西(LCA)	惠州北(HUA)	未爬取
G5255	惠州北(HUA)	深圳(@深圳)	未爬取
G5256	深圳(SZQ)	仲恺(ZKA)	全车放弃
G5256	仲恺(ZKA)	惠州北(HUA)	未爬取
G5256	惠州北(HUA)	河源东(HEA)	未爬取
G5256	河源东(HEA)	龙川西(LCA)	未爬取
G5256	龙川西(LCA)	五华(WHA)	未爬取
G5256	五华(WHA)	兴宁南(XNA)	未爬取
G5256	兴宁南(XNA)	梅州西(MXA)	未爬取
G5256	梅州西(MXA)	丰顺东(FDA)	未爬取
G5256	丰顺东(FDA)	揭阳(JYA)	未爬取
G5256	揭阳(JYA)	揭阳机场(JUA)	未爬取
G5256	揭阳机场(JUA)	潮汕(CBQ)	未爬取
G5256	潮汕(CBQ)	汕头(OTQ)	未爬取
G5256	汕头(OTQ)	汕头南(SNA)	未爬取
G5256	汕头南(SNA)	潮南(CHA)	未爬取
G5256	潮南(CHA)	惠来(HGA)	未爬取
G5256	惠来(HGA)	汕尾(OGQ)	未爬取
G5256	汕尾(OGQ)	惠东(KDA)	未爬取
G5256	惠东(KDA)	惠州南(KNA)	未爬取
G5256	惠州南(KNA)	深圳(@深圳)	未爬取
G5260	深圳(SZQ)	惠州南(KNA)	全车放弃
G5260	惠州南(KNA)	惠东(KDA)	未爬取
G5260	惠东(KDA)	汕尾(OGQ)	未爬取
G5260	汕尾(OGQ)	惠来(HGA)	未爬取
G5260	惠来(HGA)	汕头(OTQ)	未爬取
G5260	汕头(OTQ)	潮汕(CBQ)	未爬取
G5260	潮汕(CBQ)	揭阳机场(JUA)	未爬取
G5260	揭阳机场(JUA)	揭阳(JYA)	未爬取
G5260	揭阳(JYA)	梅州西(MXA)	未爬取
G5260	梅州西(MXA)	兴宁南(XNA)	未爬取
G5260	兴宁南(XNA)	五华(WHA)	未爬取
G5260	五华(WHA)	河源东(HEA)	未爬取
G5260	河源东(HEA)	惠州北(HUA)	未爬取
G5260	惠州北(HUA)	增城(ZCA)	未爬取
G5260	增城(ZCA)	广州新塘(XWQ)	未爬取
G5260	广州新塘(XWQ)	广州东(GGQ)	未爬取
G5266	深圳(SZQ)	惠州北(HUA)	全车放弃
G5266	惠州北(HUA)	河源东(HEA)	未爬取
G5266	河源东(HEA)	龙川西(LCA)	未爬取
G5266	龙川西(LCA)	五华(WHA)	未爬取
G5266	五华(WHA)	兴宁南(XNA)	未爬取
G5266	兴宁南(XNA)	梅州西(MXA)	未爬取
G5266	梅州西(MXA)	丰顺东(FDA)	未爬取
G5266	丰顺东(FDA)	揭阳(JYA)	未爬取
G5266	揭阳(JYA)	揭阳机场(JUA)	未爬取
G5266	揭阳机场(JUA)	潮汕(CBQ)	未爬取
G5266	潮汕(CBQ)	汕头(OTQ)	未爬取
G5266	汕头(OTQ)	汕头南(SNA)	未爬取
G5266	汕头南(SNA)	潮南(CHA)	未爬取
G5266	潮南(CHA)	惠来(HGA)	未爬取
G5266	惠来(HGA)	汕尾(OGQ)	未爬取
G5266	汕尾(OGQ)	惠东(KDA)	未爬取
G5266	惠东(KDA)	惠州南(KNA)	未爬取
G5266	惠州南(KNA)	深圳(@深圳)	未爬取
G5557	淄博(ZBK)	济南(@济南)	全车放弃
G5558	曲阜东(QAK)	济南(@济南)	全车放弃
G5600	莒南北(VNK)	临沂北(@临沂北)	全车放弃
G6227	广州南(IZQ)	深圳北(IOQ)	全车放弃
G6229	清远(QBQ)	广州南(IZQ)	全车放弃
G6229	广州南(IZQ)	虎门(IUQ)	未爬取
G6229	虎门(IUQ)	深圳北(IOQ)	未爬取
G6250	深圳北(IOQ)	虎门(IUQ)	全车放弃
G6250	虎门(IUQ)	广州南(IZQ)	未爬取
G6250	广州南(IZQ)	广州北(GBQ)	未爬取
G6250	广州北(GBQ)	清远(QBQ)	未爬取
G6344	普宁(PEQ)	潮汕(CBQ)	全车放弃
G6344	潮汕(CBQ)	汕头(OTQ)	未爬取
G6423	长沙南(CWQ)	娄底南(UOQ)	全车放弃
G6423	娄底南(UOQ)	怀化南(KAQ)	未爬取
G6423	怀化南(KAQ)	凤凰古城(FCA)	未爬取
G6423	凤凰古城(FCA)	吉首东(JDA)	未爬取
G6423	吉首东(JDA)	芙蓉镇(FRA)	未爬取
G6423	芙蓉镇(FRA)	张家界西(JXA)	未爬取
G6773	枝江北(ZIN)	宜昌东(@宜昌东)	全车放弃
G6774	随县(OVN)	襄阳东(@襄阳东)	全车放弃
G6777	潜江(QJN)	宜昌东(@宜昌东)	全车放弃
G6778	天河机场(TJN)	襄阳东(@襄阳东)	全车放弃
G6894	宜昌北(ABN)	荆门西(MXN)	全车放弃
G6894	荆门西(MXN)	天门(TKN)	未爬取
G6894	天门(TKN)	汉口(HKN)	未爬取
G6895	汉口(HKN)	汉川北(KFN)	全车放弃
G6895	汉川北(KFN)	天门(TKN)	未爬取
G6895	天门(TKN)	荆门西(MXN)	未爬取
G6895	荆门西(MXN)	宜昌北(ABN)	未爬取
G6957	红岛(HQK)	青岛北(@青岛北)	全车放弃
G6958	红岛(HQK)	青岛北(@青岛北)	全车放弃
G6967	济南东(MDK)	济南西(@济南西)	全车放弃
G6968	曲阜东(QAK)	济南西(@济南西)	全车放弃
G6977	青岛西(QUK)	青岛北(@青岛北)	全车放弃
G6978	邹平(ZLK)	青岛北(@青岛北)	全车放弃
G7298	上海西(SXH)	上海(SHH)	全车放弃
G7649	平阳(ARH)	苍南(CEH)	全车放弃
G7703	合肥南(ENH)	芜湖(WHH)	全车放弃
G7703	芜湖(WHH)	宣城(ECH)	未爬取
G7703	宣城(ECH)	宁国南(NIU)	未爬取
G7703	宁国南(NIU)	黄山北(NYH)	未爬取
G7704	黄山北(NYH)	绩溪北(NRH)	全车放弃
G7704	绩溪北(NRH)	宁国南(NIU)	未爬取
G7704	宁国南(NIU)	宣城(ECH)	未爬取
G7704	宣城(ECH)	芜湖(WHH)	未爬取
G7704	芜湖(WHH)	合肥南(ENH)	未爬取
G7705	合肥南(ENH)	巢湖东(GUH)	全车放弃
G7705	巢湖东(GUH)	芜湖(WHH)	未爬取
G7705	芜湖(WHH)	宣城(ECH)	未爬取
G7705	宣城(ECH)	宁国南(NIU)	未爬取
G7705	宁国南(NIU)	黄山北(NYH)	未爬取
G7705	黄山北(NYH)	黟县东(YIU)	未爬取
G7705	黟县东(YIU)	祁门南(QNU)	未爬取
G7706	祁门南(QNU)	黟县东(YIU)	全车放弃
G7706	黟县东(YIU)	黄山北(NYH)	未爬取
G7706	黄山北(NYH)	绩溪北(NRH)	未爬取
G7706	绩溪北(NRH)	宁国南(NIU)	未爬取
G7706	宁国南(NIU)	宣城(ECH)	未爬取
G7706	宣城(ECH)	芜湖(WHH)	未爬取
G7706	芜湖(WHH)	合肥南(ENH)	未爬取
G7737	合肥南(ENH)	芜湖(WHH)	全车放弃
G7738	芜湖(WHH)	巢湖东(GUH)	全车放弃
G7738	巢湖东(GUH)	合肥南(ENH)	未爬取
G7888	张家口(ZMP)	宣化北(VJP)	全车放弃
G7888	宣化北(VJP)	下花园北(OKP)	未爬取
G7888	下花园北(OKP)	怀来(VQP)	未爬取
G7888	怀来(VQP)	八达岭长城(VLP)	未爬取
G7888	八达岭长城(VLP)	清河(QIP)	未爬取
G8133	铁岭西(PXT)	沈阳北(@沈阳北)	全车放弃
G8134	通化(THL)	沈阳北(@沈阳北)	全车放弃
G8334	无为(IIH)	合肥南(@合肥南)	全车放弃
G8345	舒城东(SDU)	合肥南(@合肥南)	全车放弃
G8348	安庆(AQH)	桐城东(TOU)	全车放弃
G8348	桐城东(TOU)	庐江西(LUU)	未爬取
G8348	庐江西(LUU)	舒城东(SDU)	未爬取
G8348	舒城东(SDU)	肥西(FAH)	未爬取
G8348	肥西(FAH)	合肥南(ENH)	未爬取
G8350	合肥南(ENH)	肥西(FAH)	全车放弃
G8350	肥西(FAH)	舒城东(SDU)	未爬取
G8350	舒城东(SDU)	庐江西(LUU)	未爬取
G8350	庐江西(LUU)	桐城东(TOU)	未爬取
G8350	桐城东(TOU)	安庆(AQH)	未爬取
G8350	安庆(AQH)	池州(IYH)	未爬取
G8350	池州(IYH)	芜湖(WHH)	未爬取
G8350	芜湖(WHH)	南京南(NKH)	未爬取
G8432	广州东(GGQ)	广州新塘(XWQ)	全车放弃
G8432	广州新塘(XWQ)	惠州南(KNA)	未爬取
G8432	惠州南(KNA)	汕尾(OGQ)	未爬取
G8432	汕尾(OGQ)	陆丰东(LDA)	未爬取
G8432	陆丰东(LDA)	汕头(OTQ)	未爬取
G8432	汕头(OTQ)	潮汕(CBQ)	未爬取
G8432	潮汕(CBQ)	揭阳机场(JUA)	未爬取
G8432	揭阳机场(JUA)	揭阳(JYA)	未爬取
G8432	揭阳(JYA)	丰顺东(FDA)	未爬取
G8432	丰顺东(FDA)	建桥(JQA)	未爬取
G8432	建桥(JQA)	梅州西(MXA)	未爬取
G8432	梅州西(MXA)	五华(WHA)	未爬取
G8432	五华(WHA)	河源东(HEA)	未爬取
G8432	河源东(HEA)	深圳(SZQ)	未爬取
G8467	揭阳(JYA)	揭阳机场(JUA)	全车放弃
G8467	揭阳机场(JUA)	潮汕(CBQ)	未爬取
G8482	深圳(SZQ)	惠州南(KNA)	全车放弃
G8482	惠州南(KNA)	汕尾(OGQ)	未爬取
G8482	汕尾(OGQ)	惠来(HGA)	未爬取
G8482	惠来(HGA)	汕头南(SNA)	未爬取
G8482	汕头南(SNA)	汕头(OTQ)	未爬取
G8482	汕头(OTQ)	潮汕(CBQ)	未爬取
G8482	潮汕(CBQ)	揭阳机场(JUA)	未爬取
G8482	揭阳机场(JUA)	丰顺东(FDA)	未爬取
G8482	丰顺东(FDA)	梅州西(MXA)	未爬取
G8482	梅州西(MXA)	五华(WHA)	未爬取
G8482	五华(WHA)	龙川西(LCA)	未爬取
G8482	龙川西(LCA)	河源东(HEA)	未爬取
G8482	河源东(HEA)	惠州北(HUA)	未爬取
G8482	惠州北(HUA)	增城(ZCA)	未爬取
G8482	增城(ZCA)	广州新塘(XWQ)	未爬取
G8482	广州新塘(XWQ)	广州(GZQ)	未爬取
G8505	重庆西(CXW)	重庆东(COE)	全车放弃
G8505	重庆东(COE)	南川北(NUE)	未爬取
G8505	南川北(NUE)	武隆南(WLE)	未爬取
G8505	武隆南(WLE)	黔江(QNW)	未爬取
G8533	荣昌北(RQW)	重庆西(@重庆西)	全车放弃
G8534	宜宾东(EDE)	重庆西(@重庆西)	全车放弃
G8539	泸县(LXE)	泸州(@泸州)	全车放弃
G8540	宜宾东(EDE)	泸州(@泸州)	全车放弃
G8608	黔江(QNW)	武隆南(WLE)	全车放弃
G8608	武隆南(WLE)	重庆东(COE)	未爬取
G8608	重庆东(COE)	重庆西(CXW)	未爬取
G8608	重庆西(CXW)	成都东(ICW)	未爬取
G8729	桐梓东(TDE)	重庆西(@重庆西)	全车放弃
G8739	彭山北(PPW)	成都东(@成都东)	全车放弃
G8740	内江北(NKW)	成都东(@成都东)	全车放弃
G8743	眉山东(IUW)	成都东(@成都东)	全车放弃
G8744	天府机场(TIE)	成都东(@成都东)	全车放弃
G8748	遵义(ZYE)	贵阳北(@贵阳北)	全车放弃
G8753	清镇西(QUE)	贵阳北(@贵阳北)	全车放弃
G8754	遵义(ZYE)	贵阳北(@贵阳北)	全车放弃
G8977	南京南(NKH)	武进(WJU)	全车放弃
G8977	武进(WJU)	江阴(KYH)	未爬取
G8977	江阴(KYH)	张家港(ZAU)	未爬取
G8977	张家港(ZAU)	常熟(CAU)	未爬取
G8977	常熟(CAU)	太仓(TCU)	未爬取
G8978	太仓(TCU)	常熟(CAU)	全车放弃
G8978	常熟(CAU)	张家港(ZAU)	未爬取
G8978	张家港(ZAU)	武进(WJU)	未爬取
G8978	武进(WJU)	南京南(NKH)	未爬取
G8991	南京南(NKH)	句容(JRU)	全车放弃
G8991	句容(JRU)	张家港(ZAU)	未爬取
G8991	张家港(ZAU)	常熟(CAU)	未爬取
G8991	常熟(CAU)	太仓(TCU)	未爬取
G8994	张家港(ZAU)	武进(WJU)	全车放弃
G8994	武进(WJU)	金坛(JTU)	未爬取
G8994	金坛(JTU)	句容(JRU)	未爬取
G8994	句容(JRU)	南京南(NKH)	未爬取
G9645	邵阳(SYQ)	邵东(FIQ)	全车放弃
G9645	邵东(FIQ)	衡阳东(HVQ)	未爬取
G9645	衡阳东(HVQ)	郴州西(ICQ)	未爬取
G9645	郴州西(ICQ)	韶关(SNQ)	未爬取
G9645	韶关(SNQ)	广州南(IZQ)	未爬取
G9646	广州南(IZQ)	韶关(SNQ)	全车放弃
G9646	韶关(SNQ)	郴州西(ICQ)	未爬取
G9646	郴州西(ICQ)	衡阳东(HVQ)	未爬取
G9646	衡阳东(HVQ)	西渡(XDA)	未爬取
G9646	西渡(XDA)	邵东(FIQ)	未爬取
G9646	邵东(FIQ)	邵阳(SYQ)	未爬取
G9656	惠来(HGA)	汕头南(SNA)	全车放弃
G9656	汕头南(SNA)	汕头(OTQ)	未爬取
G9799	深圳北(IOQ)	福田(NZQ)	全车放弃
G9799	福田(NZQ)	香港西九龙(XJA)	未爬取
G9821	南昌西(NXG)	宜春(YEG)	全车放弃
G9821	宜春(YEG)	萍乡北(PBG)	未爬取
G9822	萍乡北(PBG)	宜春(YEG)	全车放弃
G9822	宜春(YEG)	高安(GCG)	未爬取
G9822	高安(GCG)	南昌西(NXG)	未爬取

--- 2026-08-05 20:12:25 ---
G1167	吴忠(WVJ)	庆阳(QOJ)	全车放弃
G1167	庆阳(QOJ)	咸阳北(EBY)	未爬取
G1167	咸阳北(EBY)	西安北(EAY)	未爬取
G1167	西安北(EAY)	西安东(XDY)	未爬取
G1167	西安东(XDY)	蓝田(UTY)	未爬取
G1167	蓝田(UTY)	山阳(OYY)	未爬取
G1167	山阳(OYY)	十堰东(OUN)	未爬取
G1167	十堰东(OUN)	襄阳东(EKN)	未爬取
G1167	襄阳东(EKN)	随州南(ONN)	未爬取
G1167	随州南(ONN)	孝感东(GDN)	未爬取
G1167	孝感东(GDN)	汉口(HKN)	未爬取
G1167	汉口(HKN)	武汉(WHN)	未爬取
G1167	武汉(WHN)	岳阳东(YIQ)	未爬取
G1167	岳阳东(YIQ)	长沙南(CWQ)	未爬取
G1167	长沙南(CWQ)	衡阳东(HVQ)	未爬取
G1167	衡阳东(HVQ)	郴州西(ICQ)	未爬取
G1167	郴州西(ICQ)	广州南(IZQ)	未爬取
G1401	石家庄(SJP)	邯郸东(HPP)	全车放弃
G1401	邯郸东(HPP)	鹤壁东(HFF)	未爬取
G1401	鹤壁东(HFF)	新乡东(EGF)	未爬取
G1401	新乡东(EGF)	郑州东(ZAF)	未爬取
G1401	郑州东(ZAF)	漯河西(LBN)	未爬取
G1401	漯河西(LBN)	驻马店西(ZLN)	未爬取
G1401	驻马店西(ZLN)	信阳东(OYN)	未爬取
G1401	信阳东(OYN)	武汉(WHN)	未爬取
G1401	武汉(WHN)	岳阳东(YIQ)	未爬取
G1401	岳阳东(YIQ)	长沙南(CWQ)	未爬取
G1401	长沙南(CWQ)	株洲西(ZAQ)	未爬取
G1401	株洲西(ZAQ)	衡阳东(HVQ)	未爬取
G1401	衡阳东(HVQ)	祁东(QMQ)	未爬取
G1401	祁东(QMQ)	祁阳(QWQ)	未爬取
G1401	祁阳(QWQ)	永州(AOQ)	未爬取
G1401	永州(AOQ)	东安东(DCZ)	未爬取
G1401	东安东(DCZ)	桂林北(GBZ)	未爬取
G1401	桂林北(GBZ)	柳州(LZZ)	未爬取
G1401	柳州(LZZ)	来宾北(UCZ)	未爬取
G1401	来宾北(UCZ)	南宁东(NFZ)	未爬取
G1402	南宁东(NFZ)	来宾北(UCZ)	全车放弃
G1402	来宾北(UCZ)	柳州(LZZ)	未爬取
G1402	柳州(LZZ)	永福南(YBZ)	未爬取
G1402	永福南(YBZ)	桂林北(GBZ)	未爬取
G1402	桂林北(GBZ)	全州南(QNZ)	未爬取
G1402	全州南(QNZ)	东安东(DCZ)	未爬取
G1402	东安东(DCZ)	永州(AOQ)	未爬取
G1402	永州(AOQ)	祁阳(QWQ)	未爬取
G1402	祁阳(QWQ)	祁东(QMQ)	未爬取
G1402	祁东(QMQ)	衡阳东(HVQ)	未爬取
G1402	衡阳东(HVQ)	株洲西(ZAQ)	未爬取
G1402	株洲西(ZAQ)	长沙南(CWQ)	未爬取
G1402	长沙南(CWQ)	岳阳东(YIQ)	未爬取
G1402	岳阳东(YIQ)	赤壁北(CIN)	未爬取
G1402	赤壁北(CIN)	武汉(WHN)	未爬取
G1402	武汉(WHN)	漯河西(LBN)	未爬取
G1402	漯河西(LBN)	许昌东(XVF)	未爬取
G1402	许昌东(XVF)	郑州东(ZAF)	未爬取
G1402	郑州东(ZAF)	新乡东(EGF)	未爬取
G1402	新乡东(EGF)	邯郸东(HPP)	未爬取
G1402	邯郸东(HPP)	石家庄(SJP)	未爬取
G1619	长沙南(CWQ)	韶山南(INQ)	全车放弃
G1619	韶山南(INQ)	怀化南(KAQ)	未爬取
G1619	怀化南(KAQ)	芷江(ZPQ)	未爬取
G1619	芷江(ZPQ)	凯里南(QKW)	未爬取
G1619	凯里南(QKW)	贵阳北(KQW)	未爬取
G1619	贵阳北(KQW)	河池西(HIZ)	未爬取
G1619	河池西(HIZ)	都安(RUZ)	未爬取
G1619	都安(RUZ)	南宁东(NFZ)	未爬取
G1620	南宁东(NFZ)	河池西(HIZ)	全车放弃
G1620	河池西(HIZ)	都匀东(KJW)	未爬取
G1620	都匀东(KJW)	贵阳北(KQW)	未爬取
G1620	贵阳北(KQW)	贵定北(FMW)	未爬取
G1620	贵定北(FMW)	铜仁南(TNW)	未爬取
G1620	铜仁南(TNW)	怀化南(KAQ)	未爬取
G1620	怀化南(KAQ)	新化南(EJQ)	未爬取
G1620	新化南(EJQ)	娄底南(UOQ)	未爬取
G1620	娄底南(UOQ)	韶山南(INQ)	未爬取
G1620	韶山南(INQ)	湘潭北(EDQ)	未爬取
G1620	湘潭北(EDQ)	长沙南(CWQ)	未爬取
G1817	环县(KXJ)	曲子(QJJ)	全车放弃
G1817	曲子(QJJ)	庆阳(QOJ)	未爬取
G1817	庆阳(QOJ)	彬州东(BFY)	未爬取
G1817	彬州东(BFY)	咸阳北(EBY)	未爬取
G1817	咸阳北(EBY)	西安北(EAY)	未爬取
G1817	西安北(EAY)	华山北(HDY)	未爬取
G1817	华山北(HDY)	洛阳龙门(LLF)	未爬取
G1817	洛阳龙门(LLF)	郑州东(ZAF)	未爬取
G1817	郑州东(ZAF)	开封北(KBF)	未爬取
G1817	开封北(KBF)	商丘(SQF)	未爬取
G1817	商丘(SQF)	徐州东(UUH)	未爬取
G1817	徐州东(UUH)	蚌埠南(BMH)	未爬取
G1817	蚌埠南(BMH)	定远(EWH)	未爬取
G1817	定远(EWH)	滁州(CXH)	未爬取
G1817	滁州(CXH)	南京南(NKH)	未爬取
G1817	南京南(NKH)	无锡东(WGH)	未爬取
G1817	无锡东(WGH)	苏州北(OHH)	未爬取
G1817	苏州北(OHH)	上海虹桥(AOH)	未爬取
G1876	商丘(SQF)	阜阳西(FXU)	全车放弃
G1876	阜阳西(FXU)	凤台南(FTU)	未爬取
G1876	凤台南(FTU)	淮南南(HNU)	未爬取
G1876	淮南南(HNU)	合肥南(ENH)	未爬取
G1876	合肥南(ENH)	芜湖(WHH)	未爬取
G1876	芜湖(WHH)	宣城(ECH)	未爬取
G1876	宣城(ECH)	湖州(VZH)	未爬取
G1876	湖州(VZH)	杭州东(HGH)	未爬取
G1904	商丘(SQF)	商丘东(SIF)	全车放弃
G1904	商丘东(SIF)	古城东(GUU)	未爬取
G1904	古城东(GUU)	太和东(TDU)	未爬取
G1904	太和东(TDU)	阜阳西(FXU)	未爬取
G1904	阜阳西(FXU)	凤台南(FTU)	未爬取
G1904	凤台南(FTU)	淮南南(HNU)	未爬取
G1904	淮南南(HNU)	合肥南(ENH)	未爬取
G1904	合肥南(ENH)	无为(IIH)	未爬取
G1904	无为(IIH)	铜陵北(KXH)	未爬取
G1904	铜陵北(KXH)	泾县(LOH)	未爬取
G1904	泾县(LOH)	歙县北(NPH)	未爬取
G1904	歙县北(NPH)	黄山北(NYH)	未爬取
G1904	黄山北(NYH)	上饶(SRG)	未爬取
G1904	上饶(SRG)	武夷山北(WBS)	未爬取
G1904	武夷山北(WBS)	南平市(NOS)	未爬取
G1904	南平市(NOS)	福州(FZS)	未爬取
G1904	福州(FZS)	福州南(FYS)	未爬取
G1907	吴忠(WVJ)	庆阳(QOJ)	全车放弃
G1907	庆阳(QOJ)	咸阳北(EBY)	未爬取
G1907	咸阳北(EBY)	西安北(EAY)	未爬取
G1907	西安北(EAY)	渭南北(WBY)	未爬取
G1907	渭南北(WBY)	华山北(HDY)	未爬取
G1907	华山北(HDY)	灵宝西(LPF)	未爬取
G1907	灵宝西(LPF)	渑池南(MNF)	未爬取
G1907	渑池南(MNF)	巩义南(GYF)	未爬取
G1907	巩义南(GYF)	郑州西(XPF)	未爬取
G1907	郑州西(XPF)	郑州东(ZAF)	未爬取
G1907	郑州东(ZAF)	民权北(MIF)	未爬取
G1907	民权北(MIF)	商丘(SQF)	未爬取
G1907	商丘(SQF)	砀山南(PRH)	未爬取
G1907	砀山南(PRH)	徐州东(UUH)	未爬取
G1907	徐州东(UUH)	枣庄(ZEK)	未爬取
G1907	枣庄(ZEK)	滕州东(TEK)	未爬取
G1907	滕州东(TEK)	济南西(JGK)	未爬取
G1943	环县(KXJ)	曲子(QJJ)	全车放弃
G1943	曲子(QJJ)	庆阳(QOJ)	未爬取
G1943	庆阳(QOJ)	宁县(AXJ)	未爬取
G1943	宁县(AXJ)	彬州东(BFY)	未爬取
G1943	彬州东(BFY)	咸阳北(EBY)	未爬取
G1943	咸阳北(EBY)	西安北(EAY)	未爬取
G1943	西安北(EAY)	三门峡南(SCF)	未爬取
G1943	三门峡南(SCF)	郑州东(ZAF)	未爬取
G1943	郑州东(ZAF)	开封北(KBF)	未爬取
G1943	开封北(KBF)	民权北(MIF)	未爬取
G1943	民权北(MIF)	商丘(SQF)	未爬取
G1943	商丘(SQF)	商丘东(SIF)	未爬取
G1943	商丘东(SIF)	芦庙(LMU)	未爬取
G1943	芦庙(LMU)	亳州南(BNU)	未爬取
G1943	亳州南(BNU)	阜阳西(FXU)	未爬取
G1943	阜阳西(FXU)	合肥西(HFU)	未爬取
G1943	合肥西(HFU)	合肥南(ENH)	未爬取
G1943	合肥南(ENH)	芜湖(WHH)	未爬取
G1943	芜湖(WHH)	宣城(ECH)	未爬取
G1943	宣城(ECH)	杭州西(HVU)	未爬取
G1972	徐州东(UUH)	蚌埠南(BMH)	全车放弃
G1972	蚌埠南(BMH)	滁州(CXH)	未爬取
G1972	滁州(CXH)	南京南(NKH)	未爬取
G1972	南京南(NKH)	常州北(ESH)	未爬取
G1972	常州北(ESH)	无锡东(WGH)	未爬取
G1972	无锡东(WGH)	苏州北(OHH)	未爬取
G1972	苏州北(OHH)	昆山南(KNH)	未爬取
G1972	昆山南(KNH)	上海虹桥(AOH)	未爬取
G1980	商丘(SQF)	商丘东(SIF)	全车放弃
G1980	商丘东(SIF)	古城东(GUU)	未爬取
G1980	古城东(GUU)	阜阳西(FXU)	未爬取
G1980	阜阳西(FXU)	颍上北(YBU)	未爬取
G1980	颍上北(YBU)	合肥南(ENH)	未爬取
G1980	合肥南(ENH)	巢湖东(GUH)	未爬取
G1980	巢湖东(GUH)	芜湖(WHH)	未爬取
G1980	芜湖(WHH)	宣城(ECH)	未爬取
G1980	宣城(ECH)	广德南(GNU)	未爬取
G1980	广德南(GNU)	湖州(VZH)	未爬取
G1980	湖州(VZH)	湖州南浔(KIU)	未爬取
G1980	湖州南浔(KIU)	苏州南(SMU)	未爬取
G1980	苏州南(SMU)	上海虹桥(AOH)	未爬取
G2004	济南西(JGK)	济南东(MDK)	全车放弃
G2096	石家庄(SJP)	衡水北(IHP)	全车放弃
G2096	衡水北(IHP)	平原东(PUK)	未爬取
G2096	平原东(PUK)	济南东(MDK)	未爬取
G2096	济南东(MDK)	章丘北(ZVK)	未爬取
G2096	章丘北(ZVK)	淄博北(ZRK)	未爬取
G2096	淄博北(ZRK)	潍坊北(WJK)	未爬取
G2096	潍坊北(WJK)	青岛北(QHK)	未爬取
G2146	济南西(JGK)	济南东(MDK)	全车放弃
G2146	济南东(MDK)	淄博北(ZRK)	未爬取
G2146	淄博北(ZRK)	潍坊北(WJK)	未爬取
G2146	潍坊北(WJK)	荣成(RCK)	未爬取
G2257	吴忠(WVJ)	庆城(QHJ)	全车放弃
G2257	庆城(QHJ)	庆阳(QOJ)	未爬取
G2257	庆阳(QOJ)	宁县(AXJ)	未爬取
G2257	宁县(AXJ)	永寿西(AUY)	未爬取
G2257	永寿西(AUY)	咸阳北(EBY)	未爬取
G2257	咸阳北(EBY)	西安北(EAY)	未爬取
G2257	西安北(EAY)	华山北(HDY)	未爬取
G2257	华山北(HDY)	渑池南(MNF)	未爬取
G2257	渑池南(MNF)	郑州西(XPF)	未爬取
G2257	郑州西(XPF)	郑州东(ZAF)	未爬取
G2260	银川(YIJ)	吴忠(WVJ)	全车放弃
G2260	吴忠(WVJ)	庆阳(QOJ)	未爬取
G2260	庆阳(QOJ)	彬州东(BFY)	未爬取
G2260	彬州东(BFY)	西安北(EAY)	未爬取
G2260	西安北(EAY)	华山北(HDY)	未爬取
G2260	华山北(HDY)	渑池南(MNF)	未爬取
G2260	渑池南(MNF)	洛阳龙门(LLF)	未爬取
G2260	洛阳龙门(LLF)	郑州东(ZAF)	未爬取
G2260	郑州东(ZAF)	开封北(KBF)	未爬取
G2260	开封北(KBF)	商丘(SQF)	未爬取
G2260	商丘(SQF)	永城北(RGH)	未爬取
G2260	永城北(RGH)	徐州东(UUH)	未爬取
G2260	徐州东(UUH)	邳州东(PIU)	未爬取
G2260	邳州东(PIU)	新沂南(XYU)	未爬取
G2260	新沂南(XYU)	东海县(DQH)	未爬取
G2260	东海县(DQH)	连云港(UIH)	未爬取
G2260	连云港(UIH)	赣榆(GYU)	未爬取
G2260	赣榆(GYU)	日照西(KZK)	未爬取
G2260	日照西(KZK)	青岛西(QUK)	未爬取
G2260	青岛西(QUK)	红岛(HQK)	未爬取
G2260	红岛(HQK)	青岛北(QHK)	未爬取
G2686	徐州东(UUH)	邳州东(PIU)	全车放弃
G2686	邳州东(PIU)	新沂南(XYU)	未爬取
G2686	新沂南(XYU)	东海县(DQH)	未爬取
G2686	东海县(DQH)	连云港(UIH)	未爬取
G2686	连云港(UIH)	赣榆(GYU)	未爬取
G2686	赣榆(GYU)	岚山西(UWK)	未爬取
G2686	岚山西(UWK)	日照西(KZK)	未爬取
G2686	日照西(KZK)	红岛(HQK)	未爬取
G2686	红岛(HQK)	莱西(LBK)	未爬取
G2686	莱西(LBK)	莱阳(LYK)	未爬取
G2686	莱阳(LYK)	海阳北(HEK)	未爬取
G2686	海阳北(HEK)	桃村北(TOK)	未爬取
G2686	桃村北(TOK)	烟台(YAK)	未爬取
G3092	厦门北(XKS)	福州(FZS)	全车放弃
G3092	福州(FZS)	罗源(LVS)	未爬取
G3092	罗源(LVS)	宁德(NES)	未爬取
G3092	宁德(NES)	霞浦(XOS)	未爬取
G3092	霞浦(XOS)	苍南(CEH)	未爬取
G3092	苍南(CEH)	平阳(ARH)	未爬取
G3092	平阳(ARH)	瑞安(RAH)	未爬取
G3092	瑞安(RAH)	温州南(VRH)	未爬取
G3092	温州南(VRH)	磐安(PAU)	未爬取
G3092	磐安(PAU)	浦江(PJU)	未爬取
G3092	浦江(PJU)	杭州西(HVU)	未爬取
G3092	杭州西(HVU)	湖州东(HKU)	未爬取
G3092	湖州东(HKU)	盛泽(SJU)	未爬取
G3092	盛泽(SJU)	上海虹桥(AOH)	未爬取
G3166	商丘(SQF)	太和东(TDU)	全车放弃
G3166	太和东(TDU)	阜阳西(FXU)	未爬取
G3166	阜阳西(FXU)	淮南南(HNU)	未爬取
G3166	淮南南(HNU)	合肥(HFH)	未爬取
G3166	合肥(HFH)	南京南(NKH)	未爬取
G3166	南京南(NKH)	镇江(ZJH)	未爬取
G3166	镇江(ZJH)	丹阳(DYH)	未爬取
G3166	丹阳(DYH)	常州(CZH)	未爬取
G3166	常州(CZH)	无锡(WXH)	未爬取
G3166	无锡(WXH)	苏州(SZH)	未爬取
G3166	苏州(SZH)	昆山南(KNH)	未爬取
G3166	昆山南(KNH)	上海虹桥(AOH)	未爬取
G3168	荣成(RCK)	威海(WKK)	全车放弃
G3173	吴忠(WVJ)	环县(KXJ)	全车放弃
G3173	环县(KXJ)	庆阳(QOJ)	未爬取
G3173	庆阳(QOJ)	宁县(AXJ)	未爬取
G3173	宁县(AXJ)	西安北(EAY)	未爬取
G3173	西安北(EAY)	华山北(HDY)	未爬取
G3173	华山北(HDY)	洛阳龙门(LLF)	未爬取
G3173	洛阳龙门(LLF)	郑州西(XPF)	未爬取
G3173	郑州西(XPF)	郑州东(ZAF)	未爬取
G3173	郑州东(ZAF)	民权北(MIF)	未爬取
G3173	民权北(MIF)	商丘(SQF)	未爬取
G3173	商丘(SQF)	砀山南(PRH)	未爬取
G3173	砀山南(PRH)	永城北(RGH)	未爬取
G3173	永城北(RGH)	徐州东(UUH)	未爬取
G3173	徐州东(UUH)	宿迁(SQU)	未爬取
G3173	宿迁(SQU)	淮安东(HAU)	未爬取
G3173	淮安东(HAU)	阜宁南(FNU)	未爬取
G3173	阜宁南(FNU)	盐城(AFH)	未爬取
G3173	盐城(AFH)	东台(DBH)	未爬取
G3173	东台(DBH)	海安(HIH)	未爬取
G3173	海安(HIH)	南通西(NXU)	未爬取
G3173	南通西(NXU)	张家港(ZAU)	未爬取
G3173	张家港(ZAU)	太仓(TCU)	未爬取
G3173	太仓(TCU)	上海虹桥(AOH)	未爬取
G3182	郑州(ZZF)	许昌东(XVF)	全车放弃
G3182	许昌东(XVF)	漯河西(LBN)	未爬取
G3182	漯河西(LBN)	驻马店西(ZLN)	未爬取
G3182	驻马店西(ZLN)	信阳东(OYN)	未爬取
G3182	信阳东(OYN)	孝感北(XJN)	未爬取
G3182	孝感北(XJN)	武汉(WHN)	未爬取
G3186	商丘(SQF)	商丘东(SIF)	全车放弃
G3186	商丘东(SIF)	亳州南(BNU)	未爬取
G3186	亳州南(BNU)	古城东(GUU)	未爬取
G3186	古城东(GUU)	阜阳西(FXU)	未爬取
G3186	阜阳西(FXU)	淮南南(HNU)	未爬取
G3186	淮南南(HNU)	合肥北城(COH)	未爬取
G3186	合肥北城(COH)	合肥南(ENH)	未爬取
G3186	合肥南(ENH)	无为(IIH)	未爬取
G3186	无为(IIH)	泾县(LOH)	未爬取
G3186	泾县(LOH)	绩溪北(NRH)	未爬取
G3186	绩溪北(NRH)	黄山北(NYH)	未爬取
G3186	黄山北(NYH)	黟县东(YIU)	未爬取
G3186	黟县东(YIU)	景德镇北(JDG)	未爬取
G3186	景德镇北(JDG)	鄱阳(POG)	未爬取
G3186	鄱阳(POG)	余干(YFG)	未爬取
G3186	余干(YFG)	南昌东(NUG)	未爬取
G3189	吴忠(WVJ)	庆城(QHJ)	全车放弃
G3189	庆城(QHJ)	庆阳(QOJ)	未爬取
G3189	庆阳(QOJ)	乾县(QBY)	未爬取
G3189	乾县(QBY)	咸阳北(EBY)	未爬取
G3189	咸阳北(EBY)	西安北(EAY)	未爬取
G3189	西安北(EAY)	洛阳龙门(LLF)	未爬取
G3189	洛阳龙门(LLF)	郑州东(ZAF)	未爬取
G3189	郑州东(ZAF)	商丘(SQF)	未爬取
G3189	商丘(SQF)	亳州南(BNU)	未爬取
G3189	亳州南(BNU)	古城东(GUU)	未爬取
G3189	古城东(GUU)	阜阳西(FXU)	未爬取
G3189	阜阳西(FXU)	淮南南(HNU)	未爬取
G3189	淮南南(HNU)	合肥南(ENH)	未爬取
G3189	合肥南(ENH)	芜湖(WHH)	未爬取
G3189	芜湖(WHH)	宣城(ECH)	未爬取
G3189	宣城(ECH)	广德南(GNU)	未爬取
G3189	广德南(GNU)	杭州西(HVU)	未爬取
G3194	天台山(TIU)	温岭(VHH)	全车放弃
G3239	泗县东(ODU)	五河(WHU)	全车放弃
G3239	五河(WHU)	明光西(MXU)	未爬取
G3239	明光西(MXU)	定远东(DEU)	未爬取
G3239	定远东(DEU)	合肥西(HFU)	未爬取
G3239	合肥西(HFU)	六安(UAH)	未爬取
G3239	六安(UAH)	麻城北(MBN)	未爬取
G3239	麻城北(MBN)	红安西(VXN)	未爬取
G3239	红安西(VXN)	汉口(HKN)	未爬取
G3240	汉口(HKN)	红安西(VXN)	全车放弃
G3240	红安西(VXN)	麻城北(MBN)	未爬取
G3240	麻城北(MBN)	六安(UAH)	未爬取
G3240	六安(UAH)	合肥西(HFU)	未爬取
G3240	合肥西(HFU)	定远东(DEU)	未爬取
G3240	定远东(DEU)	明光西(MXU)	未爬取
G3240	明光西(MXU)	五河(WHU)	未爬取
G3240	五河(WHU)	泗县东(ODU)	未爬取
G3258	商丘(SQF)	阜阳西(FXU)	全车放弃
G3258	阜阳西(FXU)	凤台南(FTU)	未爬取
G3258	凤台南(FTU)	淮南南(HNU)	未爬取
G3258	淮南南(HNU)	合肥南(ENH)	未爬取
G3258	合肥南(ENH)	芜湖(WHH)	未爬取
G3258	芜湖(WHH)	宣城(ECH)	未爬取
G3258	宣城(ECH)	上海南(SNH)	未爬取
G3277	江阴(KYH)	金坛(JTU)	全车放弃
G3277	金坛(JTU)	南京南(NKH)	未爬取
G3277	南京南(NKH)	马鞍山东(OMH)	未爬取
G3277	马鞍山东(OMH)	芜湖(WHH)	未爬取
G3277	芜湖(WHH)	安庆(AQH)	未爬取
G3277	安庆(AQH)	合肥西(HFU)	未爬取
G3277	合肥西(HFU)	淮南南(HNU)	未爬取
G3277	淮南南(HNU)	阜阳西(FXU)	未爬取
G3277	阜阳西(FXU)	商丘(SQF)	未爬取
G3277	商丘(SQF)	郑州东(ZAF)	未爬取
G3277	郑州东(ZAF)	西安北(EAY)	未爬取
G3278	西安北(EAY)	渭南北(WBY)	全车放弃
G3278	渭南北(WBY)	洛阳龙门(LLF)	未爬取
G3278	洛阳龙门(LLF)	郑州东(ZAF)	未爬取
G3278	郑州东(ZAF)	商丘(SQF)	未爬取
G3278	商丘(SQF)	阜阳西(FXU)	未爬取
G3278	阜阳西(FXU)	合肥西(HFU)	未爬取
G3278	合肥西(HFU)	安庆(AQH)	未爬取
G3278	安庆(AQH)	芜湖(WHH)	未爬取
G3278	芜湖(WHH)	南京南(NKH)	未爬取
G3278	南京南(NKH)	金坛(JTU)	未爬取
G3278	金坛(JTU)	江阴(KYH)	未爬取
G3332	厦门北(XKS)	泉州南(QNS)	全车放弃
G3332	泉州南(QNS)	莆田(PTS)	未爬取
G3332	莆田(PTS)	福州南(FYS)	未爬取
G3332	福州南(FYS)	福州(FZS)	未爬取
G3332	福州(FZS)	延平(YPS)	未爬取
G3332	延平(YPS)	南平市(NOS)	未爬取
G3332	南平市(NOS)	武夷山北(WBS)	未爬取
G3332	武夷山北(WBS)	上饶(SRG)	未爬取
G3332	上饶(SRG)	婺源(WYG)	未爬取
G3332	婺源(WYG)	黄山北(NYH)	未爬取
G3332	黄山北(NYH)	绩溪北(NRH)	未爬取
G3332	绩溪北(NRH)	宁国南(NIU)	未爬取
G3332	宁国南(NIU)	宣城(ECH)	未爬取
G3332	宣城(ECH)	芜湖(WHH)	未爬取
G3332	芜湖(WHH)	南京南(NKH)	未爬取
G3332	南京南(NKH)	句容(JRU)	未爬取
G3332	句容(JRU)	金坛(JTU)	未爬取
G3332	金坛(JTU)	武进(WJU)	未爬取
G3332	武进(WJU)	江阴(KYH)	未爬取
G3403	郑州东(ZAF)	禹州(YZF)	全车放弃
G3403	禹州(YZF)	平顶山西(PDF)	未爬取
G3403	平顶山西(PDF)	方城(FNF)	未爬取
G3403	方城(FNF)	南阳东(NOF)	未爬取
G3403	南阳东(NOF)	邓州东(DDF)	未爬取
G3403	邓州东(DDF)	襄阳东(EKN)	未爬取
G3403	襄阳东(EKN)	保康县(BKN)	未爬取
G3403	保康县(BKN)	神农架(SMN)	未爬取
G3403	神农架(SMN)	巫山(WOE)	未爬取
G3403	巫山(WOE)	奉节(FJE)	未爬取
G3403	奉节(FJE)	万州北(WZE)	未爬取
G3403	万州北(WZE)	重庆北(CUW)	未爬取
G3408	重庆北(CUW)	万州北(WZE)	全车放弃
G3408	万州北(WZE)	奉节(FJE)	未爬取
G3408	奉节(FJE)	神农架(SMN)	未爬取
G3408	神农架(SMN)	南漳(NZN)	未爬取
G3408	南漳(NZN)	襄阳东(EKN)	未爬取
G3408	襄阳东(EKN)	南阳东(NOF)	未爬取
G3408	南阳东(NOF)	平顶山西(PDF)	未爬取
G3408	平顶山西(PDF)	禹州(YZF)	未爬取
G3408	禹州(YZF)	郑州东(ZAF)	未爬取
G3441	吴忠(WVJ)	惠安堡(KBJ)	全车放弃
G3441	惠安堡(KBJ)	环县(KXJ)	未爬取
G3441	环县(KXJ)	庆阳(QOJ)	未爬取
G3441	庆阳(QOJ)	宁县(AXJ)	未爬取
G3441	宁县(AXJ)	彬州东(BFY)	未爬取
G3441	彬州东(BFY)	乾县(QBY)	未爬取
G3441	乾县(QBY)	咸阳北(EBY)	未爬取
G3441	咸阳北(EBY)	西安北(EAY)	未爬取
G3441	西安北(EAY)	汉中(HOY)	未爬取
G3441	汉中(HOY)	广元(GYW)	未爬取
G3441	广元(GYW)	江油(JFW)	未爬取
G3441	江油(JFW)	绵阳(MYW)	未爬取
G3441	绵阳(MYW)	罗江东(IKW)	未爬取
G3441	罗江东(IKW)	德阳(DYW)	未爬取
G3441	德阳(DYW)	广汉北(GVW)	未爬取
G3441	广汉北(GVW)	成都东(ICW)	未爬取
G3441	成都东(ICW)	内江北(NKW)	未爬取
G3441	内江北(NKW)	沙坪坝(CYW)	未爬取
G355	吴忠(WVJ)	庆阳(QOJ)	全车放弃
G355	庆阳(QOJ)	西安北(EAY)	未爬取
G355	西安北(EAY)	洛阳龙门(LLF)	未爬取
G355	洛阳龙门(LLF)	郑州东(ZAF)	未爬取
G355	郑州东(ZAF)	邯郸东(HPP)	未爬取
G355	邯郸东(HPP)	石家庄(SJP)	未爬取
G355	石家庄(SJP)	北京西(BXP)	未爬取
G3772	广州新塘(XWQ)	惠州南(KNA)	全车放弃
G3772	惠州南(KNA)	惠东(KDA)	未爬取
G3772	惠东(KDA)	汕尾(OGQ)	未爬取
G3772	汕尾(OGQ)	陆丰东(LDA)	未爬取
G3772	陆丰东(LDA)	惠来(HGA)	未爬取
G3772	惠来(HGA)	潮南(CHA)	未爬取
G3772	潮南(CHA)	汕头(OTQ)	未爬取
G3772	汕头(OTQ)	诏安(ZDS)	未爬取
G3772	诏安(ZDS)	漳浦(ZCS)	未爬取
G3772	漳浦(ZCS)	漳州(ZUS)	未爬取
G3772	漳州(ZUS)	厦门北(XKS)	未爬取
G3772	厦门北(XKS)	泉州南(QNS)	未爬取
G3772	泉州南(QNS)	莆田(PTS)	未爬取
G3772	莆田(PTS)	福州南(FYS)	未爬取
G3919	吴忠(WVJ)	环县(KXJ)	全车放弃
G3919	环县(KXJ)	庆阳(QOJ)	未爬取
G3919	庆阳(QOJ)	咸阳北(EBY)	未爬取
G3919	咸阳北(EBY)	西安北(EAY)	未爬取
G3919	西安北(EAY)	西安东(XDY)	未爬取
G3919	西安东(XDY)	商洛西(OEY)	未爬取
G3919	商洛西(OEY)	漫川关(MHY)	未爬取
G3919	漫川关(MHY)	十堰东(OUN)	未爬取
G3919	十堰东(OUN)	武当山西(WWN)	未爬取
G3919	武当山西(WWN)	丹江口(DON)	未爬取
G3919	丹江口(DON)	襄阳东(EKN)	未爬取
G3919	襄阳东(EKN)	随州南(ONN)	未爬取
G3919	随州南(ONN)	云梦东(YRN)	未爬取
G3919	云梦东(YRN)	汉口(HKN)	未爬取
G406	郑州(ZZF)	武汉(WHN)	全车放弃
G406	武汉(WHN)	长沙南(CWQ)	未爬取
G406	长沙南(CWQ)	广州南(IZQ)	未爬取
G466	商丘(SQF)	亳州南(BNU)	全车放弃
G466	亳州南(BNU)	阜阳西(FXU)	未爬取
G466	阜阳西(FXU)	合肥(HFH)	未爬取
G466	合肥(HFH)	南京南(NKH)	未爬取
G466	南京南(NKH)	常州北(ESH)	未爬取
G466	常州北(ESH)	苏州北(OHH)	未爬取
G466	苏州北(OHH)	上海虹桥(AOH)	未爬取
G4944	长沙(CSQ)	益阳南(YAA)	全车放弃
G4944	益阳南(YAA)	汉寿(HHA)	未爬取
G4944	汉寿(HHA)	常德(VGQ)	未爬取
G4944	常德(VGQ)	桃源(TYA)	未爬取
G4944	桃源(TYA)	牛车河(NHA)	未爬取
G4944	牛车河(NHA)	张家界西(JXA)	未爬取
G4944	张家界西(JXA)	桑植(SZA)	未爬取
G4944	桑植(SZA)	龙山北(LBA)	未爬取
G4944	龙山北(LBA)	来凤(LFA)	未爬取
G4944	来凤(LFA)	咸丰(XFA)	未爬取
G4944	咸丰(XFA)	黔江(QNW)	未爬取
G4944	黔江(QNW)	彭水西(PEE)	未爬取
G4944	彭水西(PEE)	武隆南(WLE)	未爬取
G4944	武隆南(WLE)	重庆东(COE)	未爬取
G4945	重庆东(COE)	武隆南(WLE)	全车放弃
G4945	武隆南(WLE)	彭水西(PEE)	未爬取
G4945	彭水西(PEE)	黔江(QNW)	未爬取
G4945	黔江(QNW)	张家界西(JXA)	未爬取
G4946	张家界西(JXA)	龙山北(LBA)	全车放弃
G4946	龙山北(LBA)	来凤(LFA)	未爬取
G4946	来凤(LFA)	咸丰(XFA)	未爬取
G4946	咸丰(XFA)	黔江(QNW)	未爬取
G4946	黔江(QNW)	彭水西(PEE)	未爬取
G4946	彭水西(PEE)	重庆东(COE)	未爬取
G4949	重庆东(COE)	武隆南(WLE)	全车放弃
G4949	武隆南(WLE)	黔江(QNW)	未爬取
G4949	黔江(QNW)	咸丰(XFA)	未爬取
G4949	咸丰(XFA)	龙山北(LBA)	未爬取
G4949	龙山北(LBA)	张家界西(JXA)	未爬取
G5133	汕头(OTQ)	汕头南(SNA)	全车放弃
G5133	汕头南(SNA)	惠来(HGA)	未爬取
G5133	惠来(HGA)	陆丰东(LDA)	未爬取
G5133	陆丰东(LDA)	陆丰南(LAA)	未爬取
G5133	陆丰南(LAA)	惠东(KDA)	未爬取
G5133	惠东(KDA)	惠州南(KNA)	未爬取
G5133	惠州南(KNA)	博罗(BOA)	未爬取
G5133	博罗(BOA)	广州新塘(XWQ)	未爬取
G5133	广州新塘(XWQ)	广州(GZQ)	未爬取
G5133	广州(GZQ)	佛山(FSQ)	未爬取
G5133	佛山(FSQ)	阳春东(YBQ)	未爬取
G5133	阳春东(YBQ)	马踏(PWQ)	未爬取
G5133	马踏(PWQ)	茂名南(MRQ)	未爬取
G5133	茂名南(MRQ)	吴川(WAQ)	未爬取
G5133	吴川(WAQ)	湛江北(ZMQ)	未爬取
G5138	湛江北(ZMQ)	吴川(WAQ)	全车放弃
G5138	吴川(WAQ)	茂名南(MRQ)	未爬取
G5138	茂名南(MRQ)	阳江北(YLQ)	未爬取
G5138	阳江北(YLQ)	新兴南(XPQ)	未爬取
G5138	新兴南(XPQ)	佛山(FSQ)	未爬取
G5138	佛山(FSQ)	广州(GZQ)	未爬取
G5138	广州(GZQ)	广州新塘(XWQ)	未爬取
G5138	广州新塘(XWQ)	惠州南(KNA)	未爬取
G5138	惠州南(KNA)	汕尾(OGQ)	未爬取
G5138	汕尾(OGQ)	陆丰南(LAA)	未爬取
G5138	陆丰南(LAA)	陆丰东(LDA)	未爬取
G5138	陆丰东(LDA)	惠来(HGA)	未爬取
G5138	惠来(HGA)	汕头南(SNA)	未爬取
G5138	汕头南(SNA)	汕头(OTQ)	未爬取
G5180	湛江北(ZMQ)	茂名南(MRQ)	全车放弃
G5180	茂名南(MRQ)	阳江北(YLQ)	未爬取
G5180	阳江北(YLQ)	阳春东(YBQ)	未爬取
G5180	阳春东(YBQ)	佛山(FSQ)	未爬取
G5180	佛山(FSQ)	广州(GZQ)	未爬取
G5183	广州(GZQ)	佛山(FSQ)	全车放弃
G5183	佛山(FSQ)	新兴南(XPQ)	未爬取
G5183	新兴南(XPQ)	阳江北(YLQ)	未爬取
G5183	阳江北(YLQ)	茂名南(MRQ)	未爬取
G5183	茂名南(MRQ)	湛江北(ZMQ)	未爬取
G5184	湛江北(ZMQ)	茂名南(MRQ)	全车放弃
G5184	茂名南(MRQ)	马踏(PWQ)	未爬取
G5184	马踏(PWQ)	阳江北(YLQ)	未爬取
G5184	阳江北(YLQ)	阳春东(YBQ)	未爬取
G5184	阳春东(YBQ)	佛山(FSQ)	未爬取
G5184	佛山(FSQ)	广州白云(GBA)	未爬取
G5185	广州白云(GBA)	新兴南(XPQ)	全车放弃
G5185	新兴南(XPQ)	阳春东(YBQ)	未爬取
G5185	阳春东(YBQ)	马踏(PWQ)	未爬取
G5185	马踏(PWQ)	茂名南(MRQ)	未爬取
G5185	茂名南(MRQ)	湛江北(ZMQ)	未爬取
G5186	湛江北(ZMQ)	茂名南(MRQ)	全车放弃
G5186	茂名南(MRQ)	马踏(PWQ)	未爬取
G5186	马踏(PWQ)	阳江北(YLQ)	未爬取
G5186	阳江北(YLQ)	阳春东(YBQ)	未爬取
G5186	阳春东(YBQ)	新兴南(XPQ)	未爬取
G5186	新兴南(XPQ)	佛山(FSQ)	未爬取
G5186	佛山(FSQ)	广州(GZQ)	未爬取
G5187	广州(GZQ)	佛山(FSQ)	全车放弃
G5187	佛山(FSQ)	阳春东(YBQ)	未爬取
G5187	阳春东(YBQ)	茂名南(MRQ)	未爬取
G5187	茂名南(MRQ)	湛江北(ZMQ)	未爬取
G5190	湛江北(ZMQ)	阳春东(YBQ)	全车放弃
G5190	阳春东(YBQ)	新兴南(XPQ)	未爬取
G5190	新兴南(XPQ)	佛山(FSQ)	未爬取
G5190	佛山(FSQ)	广州白云(GBA)	未爬取
G5203	广州白云(GBA)	新兴南(XPQ)	全车放弃
G5203	新兴南(XPQ)	茂名南(MRQ)	未爬取
G5203	茂名南(MRQ)	湛江北(ZMQ)	未爬取
G5216	湛江北(ZMQ)	茂名南(MRQ)	全车放弃
G5216	茂名南(MRQ)	马踏(PWQ)	未爬取
G5216	马踏(PWQ)	阳春东(YBQ)	未爬取
G5216	阳春东(YBQ)	广州白云(GBA)	未爬取
G5227	广州白云(GBA)	佛山(FSQ)	全车放弃
G5227	佛山(FSQ)	阳春东(YBQ)	未爬取
G5227	阳春东(YBQ)	茂名南(MRQ)	未爬取
G5227	茂名南(MRQ)	吴川(WAQ)	未爬取
G5227	吴川(WAQ)	湛江北(ZMQ)	未爬取
G5240	湛江北(ZMQ)	吴川(WAQ)	全车放弃
G5240	吴川(WAQ)	茂名南(MRQ)	未爬取
G5240	茂名南(MRQ)	阳江北(YLQ)	未爬取
G5240	阳江北(YLQ)	新兴南(XPQ)	未爬取
G5240	新兴南(XPQ)	广州(GZQ)	未爬取
G5240	广州(GZQ)	广州新塘(XWQ)	未爬取
G5252	广州(GZQ)	广州新塘(XWQ)	全车放弃
G5252	广州新塘(XWQ)	惠州北(HUA)	未爬取
G5252	惠州北(HUA)	五华(WHA)	未爬取
G5252	五华(WHA)	梅州西(MXA)	未爬取
G5252	梅州西(MXA)	丰顺东(FDA)	未爬取
G5252	丰顺东(FDA)	揭阳(JYA)	未爬取
G5252	揭阳(JYA)	揭阳机场(JUA)	未爬取
G5252	揭阳机场(JUA)	潮汕(CBQ)	未爬取
G5252	潮汕(CBQ)	潮安(CMQ)	未爬取
G5252	潮安(CMQ)	汕头(OTQ)	未爬取
G5252	汕头(OTQ)	潮南(CHA)	未爬取
G5252	潮南(CHA)	惠来(HGA)	未爬取
G5252	惠来(HGA)	陆丰东(LDA)	未爬取
G5252	陆丰东(LDA)	陆丰南(LAA)	未爬取
G5252	陆丰南(LAA)	汕尾(OGQ)	未爬取
G5252	汕尾(OGQ)	惠东(KDA)	未爬取
G5252	惠东(KDA)	惠州南(KNA)	未爬取
G5252	惠州南(KNA)	仲恺(ZKA)	未爬取
G5252	仲恺(ZKA)	深圳(SZQ)	未爬取
G5255	深圳(SZQ)	汕尾(OGQ)	全车放弃
G5255	汕尾(OGQ)	惠来(HGA)	未爬取
G5255	惠来(HGA)	汕头(OTQ)	未爬取
G5255	汕头(OTQ)	潮汕(CBQ)	未爬取
G5255	潮汕(CBQ)	揭阳机场(JUA)	未爬取
G5255	揭阳机场(JUA)	揭阳(JYA)	未爬取
G5255	揭阳(JYA)	丰顺东(FDA)	未爬取
G5255	丰顺东(FDA)	梅州西(MXA)	未爬取
G5255	梅州西(MXA)	兴宁南(XNA)	未爬取
G5255	兴宁南(XNA)	五华(WHA)	未爬取
G5255	五华(WHA)	龙川西(LCA)	未爬取
G5255	龙川西(LCA)	惠州北(HUA)	未爬取
G5255	惠州北(HUA)	深  圳(SZQ)	未爬取
G5256	深圳(SZQ)	仲恺(ZKA)	全车放弃
G5256	仲恺(ZKA)	惠州北(HUA)	未爬取
G5256	惠州北(HUA)	河源东(HEA)	未爬取
G5256	河源东(HEA)	龙川西(LCA)	未爬取
G5256	龙川西(LCA)	五华(WHA)	未爬取
G5256	五华(WHA)	兴宁南(XNA)	未爬取
G5256	兴宁南(XNA)	梅州西(MXA)	未爬取
G5256	梅州西(MXA)	丰顺东(FDA)	未爬取
G5256	丰顺东(FDA)	揭阳(JYA)	未爬取
G5256	揭阳(JYA)	揭阳机场(JUA)	未爬取
G5256	揭阳机场(JUA)	潮汕(CBQ)	未爬取
G5256	潮汕(CBQ)	汕头(OTQ)	未爬取
G5256	汕头(OTQ)	汕头南(SNA)	未爬取
G5256	汕头南(SNA)	潮南(CHA)	未爬取
G5256	潮南(CHA)	惠来(HGA)	未爬取
G5256	惠来(HGA)	汕尾(OGQ)	未爬取
G5256	汕尾(OGQ)	惠东(KDA)	未爬取
G5256	惠东(KDA)	惠州南(KNA)	未爬取
G5256	惠州南(KNA)	深  圳(SZQ)	未爬取
G5260	深圳(SZQ)	惠州南(KNA)	全车放弃
G5260	惠州南(KNA)	惠东(KDA)	未爬取
G5260	惠东(KDA)	汕尾(OGQ)	未爬取
G5260	汕尾(OGQ)	惠来(HGA)	未爬取
G5260	惠来(HGA)	汕头(OTQ)	未爬取
G5260	汕头(OTQ)	潮汕(CBQ)	未爬取
G5260	潮汕(CBQ)	揭阳机场(JUA)	未爬取
G5260	揭阳机场(JUA)	揭阳(JYA)	未爬取
G5260	揭阳(JYA)	梅州西(MXA)	未爬取
G5260	梅州西(MXA)	兴宁南(XNA)	未爬取
G5260	兴宁南(XNA)	五华(WHA)	未爬取
G5260	五华(WHA)	河源东(HEA)	未爬取
G5260	河源东(HEA)	惠州北(HUA)	未爬取
G5260	惠州北(HUA)	增城(ZCA)	未爬取
G5260	增城(ZCA)	广州新塘(XWQ)	未爬取
G5260	广州新塘(XWQ)	广州东(GGQ)	未爬取
G5329	日照(RZK)	厉家寨(UPK)	全车放弃
G5329	厉家寨(UPK)	莒南北(VNK)	未爬取
G5329	莒南北(VNK)	临沂北(UMK)	未爬取
G5330	临沂北(UMK)	莒南北(VNK)	全车放弃
G5330	莒南北(VNK)	日照(RZK)	未爬取
G5491	济南东(MDK)	淄博北(ZRK)	全车放弃
G5491	淄博北(ZRK)	潍坊北(WJK)	未爬取
G5491	潍坊北(WJK)	灰埠(KBK)	未爬取
G5491	灰埠(KBK)	莱州(VPK)	未爬取
G5491	莱州(VPK)	招远(VDK)	未爬取
G5491	招远(VDK)	龙口市(UKK)	未爬取
G5491	龙口市(UKK)	蓬莱(POK)	未爬取
G5491	蓬莱(POK)	烟台西(DCK)	未爬取
G5491	烟台西(DCK)	烟台(YAK)	未爬取
G5492	烟台(YAK)	济南东(MDK)	全车放弃
G6117	张家界西(JXA)	芙蓉镇(FRA)	全车放弃
G6117	芙蓉镇(FRA)	吉首东(JDA)	未爬取
G6117	吉首东(JDA)	凤凰古城(FCA)	未爬取
G6117	凤凰古城(FCA)	怀化南(KAQ)	未爬取
G6117	怀化南(KAQ)	安江东(ADA)	未爬取
G6117	安江东(ADA)	洞口(DKA)	未爬取
G6117	洞口(DKA)	隆回(LHA)	未爬取
G6117	隆回(LHA)	邵阳(SYQ)	未爬取
G6117	邵阳(SYQ)	杨桥(YQA)	未爬取
G6117	杨桥(YQA)	衡阳东(HVQ)	未爬取
G6117	衡阳东(HVQ)	郴州西(ICQ)	未爬取
G6117	郴州西(ICQ)	韶关(SNQ)	未爬取
G6117	韶关(SNQ)	广州北(GBQ)	未爬取
G6117	广州北(GBQ)	广州(GZQ)	未爬取
G6122	广州(GZQ)	广州北(GBQ)	全车放弃
G6122	广州北(GBQ)	韶关(SNQ)	未爬取
G6122	韶关(SNQ)	郴州西(ICQ)	未爬取
G6122	郴州西(ICQ)	衡阳东(HVQ)	未爬取
G6122	衡阳东(HVQ)	杨桥(YQA)	未爬取
G6122	杨桥(YQA)	邵阳(SYQ)	未爬取
G6122	邵阳(SYQ)	隆回(LHA)	未爬取
G6122	隆回(LHA)	洞口(DKA)	未爬取
G6122	洞口(DKA)	怀化南(KAQ)	未爬取
G6122	怀化南(KAQ)	凤凰古城(FCA)	未爬取
G6122	凤凰古城(FCA)	吉首东(JDA)	未爬取
G6122	吉首东(JDA)	张家界西(JXA)	未爬取
G6227	广州南(IZQ)	深圳北(IOQ)	全车放弃
G6229	清远(QBQ)	广州南(IZQ)	全车放弃
G6229	广州南(IZQ)	虎门(IUQ)	未爬取
G6229	虎门(IUQ)	深圳北(IOQ)	未爬取
G6250	深圳北(IOQ)	虎门(IUQ)	全车放弃
G6250	虎门(IUQ)	广州南(IZQ)	未爬取
G6250	广州南(IZQ)	广州北(GBQ)	未爬取
G6250	广州北(GBQ)	清远(QBQ)	未爬取
G6344	普宁(PEQ)	潮汕(CBQ)	全车放弃
G6344	潮汕(CBQ)	汕头(OTQ)	未爬取
G6370	怀化南(KAQ)	溆浦南(EMQ)	全车放弃
G6370	溆浦南(EMQ)	新化南(EJQ)	未爬取
G6370	新化南(EJQ)	邵阳北(OVQ)	未爬取
G6370	邵阳北(OVQ)	娄底南(UOQ)	未爬取
G6370	娄底南(UOQ)	长沙南(CWQ)	未爬取
G6371	长沙南(CWQ)	韶山南(INQ)	全车放弃
G6371	韶山南(INQ)	娄底南(UOQ)	未爬取
G6371	娄底南(UOQ)	怀化南(KAQ)	未爬取
G642	郑州(ZZF)	许昌东(XVF)	全车放弃
G642	许昌东(XVF)	驻马店西(ZLN)	未爬取
G642	驻马店西(ZLN)	武汉(WHN)	未爬取
G642	武汉(WHN)	鄂州(ECN)	未爬取
G642	鄂州(ECN)	黄石北(KSN)	未爬取
G642	黄石北(KSN)	共青城(GAG)	未爬取
G642	共青城(GAG)	南昌西(NXG)	未爬取
G6436	张家界西(JXA)	芙蓉镇(FRA)	全车放弃
G6436	芙蓉镇(FRA)	古丈西(GXA)	未爬取
G6436	古丈西(GXA)	吉首东(JDA)	未爬取
G6436	吉首东(JDA)	凤凰古城(FCA)	未爬取
G6436	凤凰古城(FCA)	怀化南(KAQ)	未爬取
G6436	怀化南(KAQ)	娄底南(UOQ)	未爬取
G6436	娄底南(UOQ)	长沙南(CWQ)	未爬取
G6499	长沙南(CWQ)	韶山南(INQ)	全车放弃
G6499	韶山南(INQ)	娄底南(UOQ)	未爬取
G6499	娄底南(UOQ)	怀化南(KAQ)	未爬取
G6499	怀化南(KAQ)	麻阳西(MYA)	未爬取
G6499	麻阳西(MYA)	吉首东(JDA)	未爬取
G6499	吉首东(JDA)	芙蓉镇(FRA)	未爬取
G6499	芙蓉镇(FRA)	张家界西(JXA)	未爬取
G6867	汉口(HKN)	天门(TKN)	全车放弃
G6867	天门(TKN)	荆门西(MXN)	未爬取
G6867	荆门西(MXN)	宜昌北(ABN)	未爬取
G6868	宜昌北(ABN)	荆门西(MXN)	全车放弃
G6868	荆门西(MXN)	钟祥南(VKN)	未爬取
G6868	钟祥南(VKN)	天门(TKN)	未爬取
G6868	天门(TKN)	汉川北(KFN)	未爬取
G6868	汉川北(KFN)	汉口(HKN)	未爬取
G6869	汉口(HKN)	天门(TKN)	全车放弃
G6869	天门(TKN)	京山南(MIN)	未爬取
G6869	京山南(MIN)	钟祥南(VKN)	未爬取
G6869	钟祥南(VKN)	荆门西(MXN)	未爬取
G6869	荆门西(MXN)	宜昌北(ABN)	未爬取
G6870	宜昌北(ABN)	荆门西(MXN)	全车放弃
G6870	荆门西(MXN)	天门(TKN)	未爬取
G6870	天门(TKN)	汉川北(KFN)	未爬取
G6870	汉川北(KFN)	汉口(HKN)	未爬取
G6894	宜昌北(ABN)	荆门西(MXN)	全车放弃
G6894	荆门西(MXN)	天门(TKN)	未爬取
G6894	天门(TKN)	汉口(HKN)	未爬取
G6895	汉口(HKN)	汉川北(KFN)	全车放弃
G6895	汉川北(KFN)	天门(TKN)	未爬取
G6895	天门(TKN)	荆门西(MXN)	未爬取
G6895	荆门西(MXN)	宜昌北(ABN)	未爬取
G7298	上海西(SXH)	上海(SHH)	全车放弃
G7306	黄山北(NYH)	千岛湖(QDU)	全车放弃
G7306	千岛湖(QDU)	桐庐(TLU)	未爬取
G7306	桐庐(TLU)	杭州西(HVU)	未爬取
G7306	杭州西(HVU)	湖州东(HKU)	未爬取
G7306	湖州东(HKU)	盛泽(SJU)	未爬取
G7306	盛泽(SJU)	上海虹桥(AOH)	未爬取
G7306	上海虹桥(AOH)	张家港(ZAU)	未爬取
G7306	张家港(ZAU)	如皋南(RNU)	未爬取
G7306	如皋南(RNU)	盐城(AFH)	未爬取
G7307	盐城(AFH)	东台(DBH)	全车放弃
G7307	东台(DBH)	海安(HIH)	未爬取
G7307	海安(HIH)	如皋南(RNU)	未爬取
G7307	如皋南(RNU)	南通西(NXU)	未爬取
G7307	南通西(NXU)	张家港(ZAU)	未爬取
G7307	张家港(ZAU)	常熟(CAU)	未爬取
G7307	常熟(CAU)	太仓(TCU)	未爬取
G7307	太仓(TCU)	上海虹桥(AOH)	未爬取
G7307	上海虹桥(AOH)	盛泽(SJU)	未爬取
G7307	盛泽(SJU)	湖州东(HKU)	未爬取
G7307	湖州东(HKU)	杭州西(HVU)	未爬取
G7307	杭州西(HVU)	桐庐东(TBU)	未爬取
G7307	桐庐东(TBU)	建德(JDU)	未爬取
G7307	建德(JDU)	千岛湖(QDU)	未爬取
G7307	千岛湖(QDU)	黄山北(NYH)	未爬取
G7649	平阳(ARH)	苍南(CEH)	全车放弃
G7703	合肥南(ENH)	芜湖(WHH)	全车放弃
G7703	芜湖(WHH)	宣城(ECH)	未爬取
G7703	宣城(ECH)	宁国南(NIU)	未爬取
G7703	宁国南(NIU)	黄山北(NYH)	未爬取
G7704	黄山北(NYH)	绩溪北(NRH)	全车放弃
G7704	绩溪北(NRH)	宁国南(NIU)	未爬取
G7704	宁国南(NIU)	宣城(ECH)	未爬取
G7704	宣城(ECH)	芜湖(WHH)	未爬取
G7704	芜湖(WHH)	合肥南(ENH)	未爬取
G7705	合肥南(ENH)	巢湖东(GUH)	全车放弃
G7705	巢湖东(GUH)	芜湖(WHH)	未爬取
G7705	芜湖(WHH)	宣城(ECH)	未爬取
G7705	宣城(ECH)	宁国南(NIU)	未爬取
G7705	宁国南(NIU)	黄山北(NYH)	未爬取
G7705	黄山北(NYH)	黟县东(YIU)	未爬取
G7705	黟县东(YIU)	祁门南(QNU)	未爬取
G7706	祁门南(QNU)	黟县东(YIU)	全车放弃
G7706	黟县东(YIU)	黄山北(NYH)	未爬取
G7706	黄山北(NYH)	绩溪北(NRH)	未爬取
G7706	绩溪北(NRH)	宁国南(NIU)	未爬取
G7706	宁国南(NIU)	宣城(ECH)	未爬取
G7706	宣城(ECH)	芜湖(WHH)	未爬取
G7706	芜湖(WHH)	合肥南(ENH)	未爬取
G7737	合肥南(ENH)	芜湖(WHH)	全车放弃
G7738	芜湖(WHH)	巢湖东(GUH)	全车放弃
G7738	巢湖东(GUH)	合肥南(ENH)	未爬取
G7746	黄山北(NYH)	歙县北(NPH)	全车放弃
G7746	歙县北(NPH)	旌德(NSH)	未爬取
G7746	旌德(NSH)	泾县(LOH)	未爬取
G7746	泾县(LOH)	南陵(LLH)	未爬取
G7746	南陵(LLH)	合肥南(ENH)	未爬取
G7746	合肥南(ENH)	淮南南(HNU)	未爬取
G7746	淮南南(HNU)	颍上北(YBU)	未爬取
G7746	颍上北(YBU)	阜阳西(FXU)	未爬取
G7746	阜阳西(FXU)	古城东(GUU)	未爬取
G7746	古城东(GUU)	亳州南(BNU)	未爬取
G7754	亳州南(BNU)	古城东(GUU)	全车放弃
G7754	古城东(GUU)	阜阳西(FXU)	未爬取
G7754	阜阳西(FXU)	水家湖(SQH)	未爬取
G7754	水家湖(SQH)	合肥(HFH)	未爬取
G7754	合肥(HFH)	南京南(NKH)	未爬取
G7754	南京南(NKH)	溧阳(LEH)	未爬取
G7754	溧阳(LEH)	宜兴(YUH)	未爬取
G7754	宜兴(YUH)	长兴(CBH)	未爬取
G7754	长兴(CBH)	杭州西(HVU)	未爬取
G7754	杭州西(HVU)	横店(HJU)	未爬取
G7754	横店(HJU)	磐安(PAU)	未爬取
G7754	磐安(PAU)	仙居(XJU)	未爬取
G7754	仙居(XJU)	温州北(URH)	未爬取
G8348	安庆(AQH)	桐城东(TOU)	全车放弃
G8348	桐城东(TOU)	庐江西(LUU)	未爬取
G8348	庐江西(LUU)	舒城东(SDU)	未爬取
G8348	舒城东(SDU)	肥西(FAH)	未爬取
G8348	肥西(FAH)	合肥南(ENH)	未爬取
G8350	合肥南(ENH)	肥西(FAH)	全车放弃
G8350	肥西(FAH)	舒城东(SDU)	未爬取
G8350	舒城东(SDU)	庐江西(LUU)	未爬取
G8350	庐江西(LUU)	桐城东(TOU)	未爬取
G8350	桐城东(TOU)	安庆(AQH)	未爬取
G8350	安庆(AQH)	池州(IYH)	未爬取
G8350	池州(IYH)	芜湖(WHH)	未爬取
G8350	芜湖(WHH)	南京南(NKH)	未爬取
G8432	广州东(GGQ)	广州新塘(XWQ)	全车放弃
G8432	广州新塘(XWQ)	惠州南(KNA)	未爬取
G8432	惠州南(KNA)	汕尾(OGQ)	未爬取
G8432	汕尾(OGQ)	陆丰东(LDA)	未爬取
G8432	陆丰东(LDA)	汕头(OTQ)	未爬取
G8432	汕头(OTQ)	潮汕(CBQ)	未爬取
G8432	潮汕(CBQ)	揭阳机场(JUA)	未爬取
G8432	揭阳机场(JUA)	揭阳(JYA)	未爬取
G8432	揭阳(JYA)	丰顺东(FDA)	未爬取
G8432	丰顺东(FDA)	建桥(JQA)	未爬取
G8432	建桥(JQA)	梅州西(MXA)	未爬取
G8432	梅州西(MXA)	五华(WHA)	未爬取
G8432	五华(WHA)	河源东(HEA)	未爬取
G8432	河源东(HEA)	深圳(SZQ)	未爬取
G8467	揭阳(JYA)	揭阳机场(JUA)	全车放弃
G8467	揭阳机场(JUA)	潮汕(CBQ)	未爬取
G848	驻马店西(ZLN)	信阳东(OYN)	全车放弃
G848	信阳东(OYN)	武汉(WHN)	未爬取
G848	武汉(WHN)	咸宁北(XRN)	未爬取
G848	咸宁北(XRN)	岳阳东(YIQ)	未爬取
G848	岳阳东(YIQ)	长沙南(CWQ)	未爬取
G848	长沙南(CWQ)	衡阳东(HVQ)	未爬取
G848	衡阳东(HVQ)	广州南(IZQ)	未爬取
G8482	深圳(SZQ)	惠州南(KNA)	全车放弃
G8482	惠州南(KNA)	汕尾(OGQ)	未爬取
G8482	汕尾(OGQ)	惠来(HGA)	未爬取
G8482	惠来(HGA)	汕头南(SNA)	未爬取
G8482	汕头南(SNA)	汕头(OTQ)	未爬取
G8482	汕头(OTQ)	潮汕(CBQ)	未爬取
G8482	潮汕(CBQ)	揭阳机场(JUA)	未爬取
G8482	揭阳机场(JUA)	丰顺东(FDA)	未爬取
G8482	丰顺东(FDA)	梅州西(MXA)	未爬取
G8482	梅州西(MXA)	五华(WHA)	未爬取
G8482	五华(WHA)	龙川西(LCA)	未爬取
G8482	龙川西(LCA)	河源东(HEA)	未爬取
G8482	河源东(HEA)	惠州北(HUA)	未爬取
G8482	惠州北(HUA)	增城(ZCA)	未爬取
G8482	增城(ZCA)	广州新塘(XWQ)	未爬取
G8482	广州新塘(XWQ)	广州(GZQ)	未爬取
G8505	重庆西(CXW)	重庆东(COE)	全车放弃
G8505	重庆东(COE)	南川北(NUE)	未爬取
G8505	南川北(NUE)	武隆南(WLE)	未爬取
G8505	武隆南(WLE)	黔江(QNW)	未爬取
G8608	黔江(QNW)	武隆南(WLE)	全车放弃
G8608	武隆南(WLE)	重庆东(COE)	未爬取
G8608	重庆东(COE)	重庆西(CXW)	未爬取
G8608	重庆西(CXW)	成都东(ICW)	未爬取
G8647	成都东(ICW)	大足南(FQW)	全车放弃
G8647	大足南(FQW)	重庆北(CUW)	未爬取
G8654	重庆北(CUW)	永川东(WMW)	全车放弃
G8654	永川东(WMW)	隆昌北(NWW)	未爬取
G8654	隆昌北(NWW)	内江北(NKW)	未爬取
G8654	内江北(NKW)	资中北(WZW)	未爬取
G8654	资中北(WZW)	成都东(ICW)	未爬取
G866	郑州(ZZF)	漯河西(LBN)	全车放弃
G866	漯河西(LBN)	信阳东(OYN)	未爬取
G866	信阳东(OYN)	孝感北(XJN)	未爬取
G866	孝感北(XJN)	武汉(WHN)	未爬取
G866	武汉(WHN)	岳阳东(YIQ)	未爬取
G866	岳阳东(YIQ)	长沙南(CWQ)	未爬取
G8675	成都东(ICW)	内江北(NKW)	全车放弃
G8676	内江北(NKW)	资中北(WZW)	全车放弃
G8676	资中北(WZW)	成都东(ICW)	未爬取
G8977	南京南(NKH)	武进(WJU)	全车放弃
G8977	武进(WJU)	江阴(KYH)	未爬取
G8977	江阴(KYH)	张家港(ZAU)	未爬取
G8977	张家港(ZAU)	常熟(CAU)	未爬取
G8977	常熟(CAU)	太仓(TCU)	未爬取
G8978	太仓(TCU)	常熟(CAU)	全车放弃
G8978	常熟(CAU)	张家港(ZAU)	未爬取
G8978	张家港(ZAU)	武进(WJU)	未爬取
G8978	武进(WJU)	南京南(NKH)	未爬取
G8991	南京南(NKH)	句容(JRU)	全车放弃
G8991	句容(JRU)	张家港(ZAU)	未爬取
G8991	张家港(ZAU)	常熟(CAU)	未爬取
G8991	常熟(CAU)	太仓(TCU)	未爬取
G8994	张家港(ZAU)	武进(WJU)	全车放弃
G8994	武进(WJU)	金坛(JTU)	未爬取
G8994	金坛(JTU)	句容(JRU)	未爬取
G8994	句容(JRU)	南京南(NKH)	未爬取
G9645	邵阳(SYQ)	邵东(FIQ)	全车放弃
G9645	邵东(FIQ)	衡阳东(HVQ)	未爬取
G9645	衡阳东(HVQ)	郴州西(ICQ)	未爬取
G9645	郴州西(ICQ)	韶关(SNQ)	未爬取
G9645	韶关(SNQ)	广州南(IZQ)	未爬取
G9646	广州南(IZQ)	韶关(SNQ)	全车放弃
G9646	韶关(SNQ)	郴州西(ICQ)	未爬取
G9646	郴州西(ICQ)	衡阳东(HVQ)	未爬取
G9646	衡阳东(HVQ)	西渡(XDA)	未爬取
G9646	西渡(XDA)	邵东(FIQ)	未爬取
G9646	邵东(FIQ)	邵阳(SYQ)	未爬取
G9656	惠来(HGA)	汕头南(SNA)	全车放弃
G9656	汕头南(SNA)	汕头(OTQ)	未爬取
G9799	深圳北(IOQ)	福田(NZQ)	全车放弃
G9799	福田(NZQ)	香港西九龙(XJA)	未爬取
G9821	南昌西(NXG)	宜春(YEG)	全车放弃
G9821	宜春(YEG)	萍乡北(PBG)	未爬取
G9822	萍乡北(PBG)	宜春(YEG)	全车放弃
G9822	宜春(YEG)	高安(GCG)	未爬取
G9822	高安(GCG)	南昌西(NXG)	未爬取
